tensor_type,predictor,residual_level,count,probability,cumulative_probability
weight,NONE,0,11255115,0.15326797552503618,0.15326797552503618
weight,NONE,1,9454682,0.12875034767507929,0.2820183232001155
weight,NONE,2,8070030,0.10989467104745777,0.39191299424757325
weight,NONE,3,7014794,0.09552485915116556,0.4874378533987388
weight,NONE,4,6126313,0.08342585490621028,0.570863708304949
weight,NONE,5,5294500,0.07209853443676978,0.6429622427417189
weight,NONE,6,4523220,0.06159552987724729,0.7045577726189661
weight,NONE,7,3831963,0.05218224880837239,0.7567400214273385
weight,NONE,8,3226280,0.04393428268630874,0.8006743041136473
weight,NONE,9,2689769,0.03662827516733512,0.8373025792809824
weight,NONE,10,2232861,0.03040627173501184,0.8677088510159943
weight,NONE,11,1832888,0.024959587985030143,0.8926684390010244
weight,NONE,12,1508119,0.020537004373641855,0.9132054433746662
weight,NONE,13,1227322,0.016713215125508576,0.9299186585001749
weight,NONE,14,995415,0.013555191737912397,0.9434738502380872
weight,NONE,15,806560,0.010983434495291535,0.9544572847333788
weight,NONE,16,658224,0.008963449944491142,0.9634207346778699
weight,NONE,17,527232,0.007179649543520068,0.97060038422139
weight,NONE,18,418043,0.005692754298149126,0.9762931385195391
weight,NONE,19,329542,0.004487580552528471,0.9807807190720675
weight,NONE,20,263253,0.003584881572590982,0.9843656006446585
weight,NONE,21,210407,0.0028652443734512073,0.9872308450181098
weight,NONE,22,170953,0.002327974456052338,0.9895588194741621
weight,NONE,23,145026,0.0019749102002506323,0.9915337296744127
weight,NONE,24,124719,0.0016983770169835659,0.9932321066913963
weight,NONE,25,95048,0.0012943283598349407,0.9945264350512312
weight,NONE,26,69642,0.0009483588885155389,0.9954747939397468
weight,NONE,27,55866,0.0007607624374057192,0.9962355563771524
weight,NONE,28,44990,0.0006126571091340584,0.9968482134862865
weight,NONE,29,36400,0.0004956816797617187,0.9973438951660483
weight,NONE,30,29827,0.00040617300720474685,0.997750068173253
weight,NONE,31,24380,0.00033199778441183247,0.9980820659576648
weight,NONE,32,19817,0.00026986054527027416,0.9983519265029351
weight,NONE,33,16659,0.00022685607426237562,0.9985787825771975
weight,NONE,34,13984,0.00019042891785131524,0.9987692114950488
weight,NONE,35,11559,0.00015740616858147546,0.9989266176636302
weight,NONE,36,9945,0.0001354273160777553,0.9990620449797081
weight,NONE,37,8682,0.00011822825120030885,0.9991802732309083
weight,NONE,38,7183,9.781542598155016e-05,0.9992780886568899
weight,NONE,39,6253,8.515103141620954e-05,0.9993632396883061
weight,NONE,40,5419,7.379392919309763e-05,0.9994370336174992
weight,NONE,41,4665,6.352623725517632e-05,0.9995005598547544
weight,NONE,42,3988,5.4307102716750944e-05,0.9995548669574711
weight,NONE,43,3501,4.7675317605653223e-05,0.9996025422750768
weight,NONE,44,3066,4.1751649179929384e-05,0.9996442939242567
weight,NONE,45,2757,3.7543801953380726e-05,0.9996818377262101
weight,NONE,46,2391,3.2559749898633774e-05,0.9997143974761087
weight,NONE,47,2217,3.0190282528344243e-05,0.9997445877586371
weight,NONE,48,1958,2.6663316730039706e-05,0.9997712510753671
weight,NONE,49,1624,2.2115028789368988e-05,0.9997933661041565
weight,NONE,50,1414,1.925532679074369e-05,0.9998126214309472
weight,NONE,51,1316,1.7920799191385214e-05,0.9998305422301386
weight,NONE,52,1185,1.6136889849385623e-05,0.999846679119988
weight,NONE,53,1072,1.4598097821553915e-05,0.9998612772178096
weight,NONE,54,920,1.2528218279691793e-05,0.9998738054360893
weight,NONE,55,866,1.1792866337188143e-05,0.9998855983024264
weight,NONE,56,776,1.056727976634873e-05,0.9998961655821927
weight,NONE,57,684,9.31445793837955e-06,0.9999054800401311
weight,NONE,58,603,8.211430024624077e-06,0.9999136914701557
weight,NONE,59,527,7.176490253693016e-06,0.9999208679604095
weight,NONE,60,524,7.1356373679983686e-06,0.9999280035977774
weight,NONE,61,474,6.45475593975425e-06,0.9999344583537172
weight,NONE,62,376,5.120228340395776e-06,0.9999395785820576
weight,NONE,63,339,4.616376083495128e-06,0.9999441949581411
weight,NONE,64,311,4.235082483678421e-06,0.9999484300406248
weight,NONE,65,270,3.676759712518243e-06,0.9999521068003373
weight,NONE,66,283,3.8537888838617144e-06,0.9999559605892212
weight,NONE,67,295,4.017200426640303e-06,0.9999599777896478
weight,NONE,68,240,3.268230855571772e-06,0.9999632460205033
weight,NONE,69,220,2.9958782842741244e-06,0.9999662418987877
weight,NONE,70,175,2.383084998854417e-06,0.9999686249837865
weight,NONE,71,182,2.4784083988085938e-06,0.9999711033921853
weight,NONE,72,174,2.3694673702895344e-06,0.9999734728595556
weight,NONE,73,163,2.2196734560758285e-06,0.9999756925330117
weight,NONE,74,141,1.920085627648416e-06,0.9999776126186394
weight,NONE,75,109,1.4843215135721798e-06,0.9999790969401529
weight,NONE,76,117,1.5932625420912387e-06,0.999980690202695
weight,NONE,77,103,1.4026157421828855e-06,0.9999820928184372
weight,NONE,78,126,1.7158211991751803e-06,0.9999838086396363
weight,NONE,79,75,1.0213221423661786e-06,0.9999848299617787
weight,NONE,80,75,1.0213221423661786e-06,0.999985851283921
weight,NONE,81,73,9.94086885236414e-07,0.9999868453708063
weight,NONE,82,71,9.668516281066492e-07,0.9999878122224344
weight,NONE,83,74,1.0077045138012964e-06,0.9999888199269482
weight,NONE,84,53,7.217343139387663e-07,0.9999895416612622
weight,NONE,85,44,5.991756568548248e-07,0.9999901408369191
weight,NONE,86,46,6.264109139845897e-07,0.999990767247833
weight,NONE,87,46,6.264109139845897e-07,0.999991393658747
weight,NONE,88,36,4.902346283357658e-07,0.9999918838933753
weight,NONE,89,30,4.085288569464715e-07,0.9999922924222323
weight,NONE,90,45,6.127932854197072e-07,0.9999929052155176
weight,NONE,91,40,5.447051425952954e-07,0.9999934499206603
weight,NONE,92,29,3.949112283815891e-07,0.9999938448318887
weight,NONE,93,23,3.1320545699229483e-07,0.9999941580373457
weight,NONE,94,13,1.77029171343471e-07,0.999994335066517
weight,NONE,95,29,3.949112283815891e-07,0.9999947299777454
weight,NONE,96,18,2.451173141678829e-07,0.9999949750950595
weight,NONE,97,30,4.085288569464715e-07,0.9999953836239165
weight,NONE,98,24,3.268230855571772e-07,0.9999957104470021
weight,NONE,99,14,1.9064679990835335e-07,0.999995901093802
weight,NONE,100,17,2.314996856030005e-07,0.9999961325934875
weight,NONE,101,14,1.9064679990835335e-07,0.9999963232402875
weight,NONE,102,11,1.497939142137062e-07,0.9999964730342017
weight,NONE,103,12,1.634115427785886e-07,0.9999966364457444
weight,NONE,104,15,2.0426442847323575e-07,0.9999968407101729
weight,NONE,105,26,3.54058342686942e-07,0.9999971947685157
weight,NONE,106,19,2.5873494273276526e-07,0.9999974535034584
weight,NONE,107,18,2.451173141678829e-07,0.9999976986207725
weight,NONE,108,8,1.0894102851905907e-07,0.999997807561801
weight,NONE,109,8,1.0894102851905907e-07,0.9999979165028295
weight,NONE,110,5,6.808814282441192e-08,0.9999979845909724
weight,NONE,111,3,4.085288569464715e-08,0.9999980254438581
weight,NONE,112,9,1.2255865708394145e-07,0.9999981480025152
weight,NONE,113,10,1.3617628564882384e-07,0.9999982841788009
weight,NONE,114,6,8.17057713892943e-08,0.9999983658845722
weight,NONE,115,8,1.0894102851905907e-07,0.9999984748256008
weight,NONE,116,12,1.634115427785886e-07,0.9999986382371435
weight,NONE,117,8,1.0894102851905907e-07,0.999998747178172
weight,NONE,118,6,8.17057713892943e-08,0.9999988288839434
weight,NONE,119,1,1.3617628564882384e-08,0.999998842501572
weight,NONE,120,3,4.085288569464715e-08,0.9999988833544576
weight,NONE,121,3,4.085288569464715e-08,0.9999989242073434
weight,NONE,122,3,4.085288569464715e-08,0.9999989650602291
weight,NONE,123,2,2.7235257129764767e-08,0.9999989922954862
weight,NONE,124,3,4.085288569464715e-08,0.9999990331483719
weight,NONE,125,6,8.17057713892943e-08,0.9999991148541433
weight,NONE,126,31,4.2214648551135386e-07,0.9999995370006288
weight,NONE,127,34,4.62999371206001e-07,1.0
weight,MEAN,0,21184,0.12841511835843966,0.12841511835843966
weight,MEAN,1,19847,0.12031036886612312,0.24872548722456278
weight,MEAN,2,17106,0.10369472312308671,0.3524202103476495
weight,MEAN,3,14986,0.0908435122601764,0.4432637226078259
weight,MEAN,4,12849,0.07788924923468614,0.5211529718425121
weight,MEAN,5,11673,0.0707604643409208,0.5919134361834328
weight,MEAN,6,9969,0.06043100051526081,0.6523444366986937
weight,MEAN,7,7793,0.04724032370502834,0.699584760403722
weight,MEAN,8,6285,0.03809899069499591,0.7376837510987179
weight,MEAN,9,5203,0.03154002364137847,0.7692237747400964
weight,MEAN,10,4459,0.02702997605552693,0.7962537507956233
weight,MEAN,11,4262,0.025835783347982904,0.8220895341436062
weight,MEAN,12,3438,0.02084078440881399,0.8429303185524202
weight,MEAN,13,2543,0.01541539114357591,0.8583457096959961
weight,MEAN,14,2147,0.013014881944654926,0.871360591640651
weight,MEAN,15,1841,0.011159943018215985,0.882520534658867
weight,MEAN,16,1721,0.010432515988239929,0.892953050647107
weight,MEAN,17,1522,0.00922619949686297,0.9021792501439699
weight,MEAN,18,1368,0.008292668141727032,0.910471918285697
weight,MEAN,19,1230,0.007456127057254569,0.9179280453429516
weight,MEAN,20,981,0.005946715970054254,0.9238747613130058
weight,MEAN,21,1012,0.006134634619464735,0.9300093959324706
weight,MEAN,22,819,0.004964689479586579,0.9349740854120571
weight,MEAN,23,788,0.004776770830176098,0.9397508562422332
weight,MEAN,24,782,0.004740399478677295,0.9444912557209105
weight,MEAN,25,747,0.004528233261600945,0.9490194889825114
weight,MEAN,26,730,0.004425181099021004,0.9534446700815324
weight,MEAN,27,682,0.004134210287030583,0.957578880368563
weight,MEAN,28,589,0.003570454338799139,0.9611493347073622
weight,MEAN,29,498,0.0030188221744006302,0.9641681568817628
weight,MEAN,30,511,0.003097626769314703,0.9672657836510775
weight,MEAN,31,432,0.0026187373079138,0.9698845209589912
weight,MEAN,32,388,0.002352014063589246,0.9722365350225806
weight,MEAN,33,329,0.0019943624405176857,0.9742308974630982
weight,MEAN,34,288,0.0017458248719425334,0.9759767223350407
weight,MEAN,35,331,0.0020064862243506197,0.9779832085593914
weight,MEAN,36,297,0.0018003818991907375,0.9797835904585821
weight,MEAN,37,278,0.001685205952777862,0.98146879641136
weight,MEAN,38,253,0.0015336586548661837,0.9830024550662262
weight,MEAN,39,194,0.001176007031794623,0.9841784620980208
weight,MEAN,40,223,0.0013518018973721698,0.985530263995393
weight,MEAN,41,157,0.0009517170308853394,0.9864819810262783
weight,MEAN,42,149,0.0009032218955536023,0.9873852029218319
weight,MEAN,43,93,0.000563755948231443,0.9879489588700634
weight,MEAN,44,104,0.0006304367593125814,0.9885793956293759
weight,MEAN,45,100,0.000606189191646713,0.9891855848210226
weight,MEAN,46,95,0.0005758797320643773,0.989761464553087
weight,MEAN,47,81,0.0004910132452338375,0.9902524777983208
weight,MEAN,48,96,0.0005819416239808444,0.9908344194223017
weight,MEAN,49,78,0.0004728275694844361,0.9913072469917862
weight,MEAN,50,108,0.00065468432697845,0.9919619313187645
weight,MEAN,51,64,0.0003879610826538963,0.9923498924014185
weight,MEAN,52,98,0.0005940654078137787,0.9929439578092323
weight,MEAN,53,90,0.0005455702724820416,0.9934895280817143
weight,MEAN,54,108,0.00065468432697845,0.9941442124086928
weight,MEAN,55,83,0.0005031370290667717,0.9946473494377596
weight,MEAN,56,98,0.0005940654078137787,0.9952414148455733
weight,MEAN,57,89,0.0005395083805655746,0.9957809232261389
weight,MEAN,58,46,0.00027884702815748793,0.9960597702542964
weight,MEAN,59,57,0.0003455278392386264,0.996405298093535
weight,MEAN,60,30,0.00018185675749401387,0.996587154851029
weight,MEAN,61,43,0.0002606613524080866,0.9968478162034371
weight,MEAN,62,52,0.0003152183796562907,0.9971630345830934
weight,MEAN,63,38,0.00023035189282575092,0.9973933864759191
weight,MEAN,64,47,0.00028490892007395507,0.9976782953959931
weight,MEAN,65,49,0.00029703270390688934,0.9979753280999
weight,MEAN,66,41,0.0002485375685751523,0.9982238656684751
weight,MEAN,67,32,0.00019398054132694815,0.9984178462098021
weight,MEAN,68,37,0.00022429000090928378,0.9986421362107114
weight,MEAN,69,27,0.0001636710817446125,0.9988058072924559
weight,MEAN,70,35,0.00021216621707634953,0.9990179735095324
weight,MEAN,71,30,0.00018185675749401387,0.9991998302670263
weight,MEAN,72,7,4.2433243415269906e-05,0.9992422635104417
weight,MEAN,73,19,0.00011517594641287546,0.9993574394568545
weight,MEAN,74,9,5.455702724820417e-05,0.9994119964841027
weight,MEAN,75,9,5.455702724820417e-05,0.9994665535113509
weight,MEAN,76,3,1.8185675749401388e-05,0.9994847391871003
weight,MEAN,77,1,6.06189191646713e-06,0.9994908010790168
weight,MEAN,79,3,1.8185675749401388e-05,0.9995089867547662
weight,MEAN,80,2,1.212378383293426e-05,0.999521110538599
weight,MEAN,81,1,6.06189191646713e-06,0.9995271724305156
weight,MEAN,82,1,6.06189191646713e-06,0.999533234322432
weight,MEAN,83,2,1.212378383293426e-05,0.999545358106265
weight,MEAN,84,3,1.8185675749401388e-05,0.9995635437820144
weight,MEAN,85,3,1.8185675749401388e-05,0.9995817294577638
weight,MEAN,87,2,1.212378383293426e-05,0.9995938532415967
weight,MEAN,88,1,6.06189191646713e-06,0.9995999151335132
weight,MEAN,89,2,1.212378383293426e-05,0.9996120389173461
weight,MEAN,90,3,1.8185675749401388e-05,0.9996302245930955
weight,MEAN,91,2,1.212378383293426e-05,0.9996423483769284
weight,MEAN,95,3,1.8185675749401388e-05,0.9996605340526779
weight,MEAN,96,1,6.06189191646713e-06,0.9996665959445943
weight,MEAN,99,2,1.212378383293426e-05,0.9996787197284273
weight,MEAN,101,2,1.212378383293426e-05,0.9996908435122602
weight,MEAN,102,6,3.6371351498802776e-05,0.9997272148637589
weight,MEAN,103,12,7.274270299760555e-05,0.9997999575667565
weight,MEAN,104,12,7.274270299760555e-05,0.9998727002697542
weight,MEAN,105,3,1.8185675749401388e-05,0.9998908859455036
weight,MEAN,106,5,3.0309459582335645e-05,0.999921195405086
weight,MEAN,107,2,1.212378383293426e-05,0.9999333191889188
weight,MEAN,109,1,6.06189191646713e-06,0.9999393810808354
weight,MEAN,110,2,1.212378383293426e-05,0.9999515048646682
weight,MEAN,112,1,6.06189191646713e-06,0.9999575667565848
weight,MEAN,123,1,6.06189191646713e-06,0.9999636286485012
weight,MEAN,125,3,1.8185675749401388e-05,0.9999818143242506
weight,MEAN,126,3,1.8185675749401388e-05,1.0
weight,NEIGHBOR,0,1044751,0.18247185508596037,0.18247185508596037
weight,NEIGHBOR,1,900080,0.15720422122187125,0.3396760763078316
weight,NEIGHBOR,2,765029,0.1336167764611445,0.4732928527689761
weight,NEIGHBOR,3,629375,0.10992401423375169,0.5832168670027278
weight,NEIGHBOR,4,505226,0.08824066735294765,0.6714575343556755
weight,NEIGHBOR,5,395916,0.06914903836245487,0.7406065727181302
weight,NEIGHBOR,6,305630,0.05338006191898554,0.7939866346371158
weight,NEIGHBOR,7,233402,0.04076502048887565,0.8347516551259915
weight,NEIGHBOR,8,177039,0.030920893832658055,0.8656725489586495
weight,NEIGHBOR,9,135076,0.02359181115652551,0.8892643601151751
weight,NEIGHBOR,10,104847,0.01831214001249837,0.9075765001276734
weight,NEIGHBOR,11,81003,0.014147646355474221,0.9217241464831476
weight,NEIGHBOR,12,64317,0.011233339143550677,0.9329574856266983
weight,NEIGHBOR,13,50831,0.008877930593868252,0.9418354162205665
weight,NEIGHBOR,14,41458,0.00724088148099762,0.9490762977015642
weight,NEIGHBOR,15,34242,0.005980564997643893,0.9550568626992081
weight,NEIGHBOR,16,29346,0.005125450044414978,0.9601823127436231
weight,NEIGHBOR,17,24712,0.004316094919157055,0.96449840766278
weight,NEIGHBOR,18,21512,0.0037571962569159342,0.968255603919696
weight,NEIGHBOR,19,18546,0.0032391670593511957,0.9714947709790472
weight,NEIGHBOR,20,16314,0.002849335242438014,0.9743441062214853
weight,NEIGHBOR,21,15013,0.002622108005070608,0.9769662142265558
weight,NEIGHBOR,22,14935,0.002608484850178481,0.9795746990767343
weight,NEIGHBOR,23,15306,0.0026732821638320607,0.9822479812405664
weight,NEIGHBOR,24,12661,0.0022113174883233843,0.9844592987288898
weight,NEIGHBOR,25,10159,0.0017743285967836081,0.9862336273256734
weight,NEIGHBOR,26,9406,0.0016428127553249944,0.9878764400809984
weight,NEIGHBOR,27,8027,0.0014019623630654615,0.9892784024440638
weight,NEIGHBOR,28,6596,0.0011520298675445101,0.9904304323116083
weight,NEIGHBOR,29,6163,0.0010764038923100085,0.9915068362039183
weight,NEIGHBOR,30,5495,0.0009597337965671746,0.9924665700004855
weight,NEIGHBOR,31,4830,0.0008435876683201916,0.9933101576688057
weight,NEIGHBOR,32,4504,0.0007866498671043775,0.9940968075359101
weight,NEIGHBOR,33,3523,0.0006153124959610839,0.9947121200318711
weight,NEIGHBOR,34,2965,0.0005178545417327885,0.995229974573604
weight,NEIGHBOR,35,2818,0.000492180134436087,0.99572215470804
weight,NEIGHBOR,36,2410,0.00042092055500034405,0.9961430752630405
weight,NEIGHBOR,37,2186,0.0003817976486434656,0.9965248729116839
weight,NEIGHBOR,38,1976,0.0003451199239338921,0.9968699928356177
weight,NEIGHBOR,39,1883,0.0003288769315625095,0.9971988697671803
weight,NEIGHBOR,40,1481,0.0002586652871184687,0.9974575350542988
weight,NEIGHBOR,41,1253,0.00021884375743378884,0.9976763788117325
weight,NEIGHBOR,42,1171,0.00020452197921386013,0.9978809007909464
weight,NEIGHBOR,43,1242,0.000216922543282335,0.9980978233342287
weight,NEIGHBOR,44,904,0.00015788887208311662,0.9982557122063118
weight,NEIGHBOR,45,838,0.0001463615871743935,0.9984020737934862
weight,NEIGHBOR,46,1071,0.0001870563960188251,0.9985891301895051
weight,NEIGHBOR,47,1105,0.000192994694305137,0.9987821248838102
weight,NEIGHBOR,48,658,0.00011492353742333046,0.9988970484212335
weight,NEIGHBOR,49,857,0.00014968004798145016,0.9990467284692149
weight,NEIGHBOR,50,632,0.00011038248579262135,0.9991571109550076
weight,NEIGHBOR,51,686,0.00011981390071794027,0.9992769248557255
weight,NEIGHBOR,52,391,6.829043029258695e-05,0.9993452152860182
weight,NEIGHBOR,53,322,5.623917788801278e-05,0.9994014544639062
weight,NEIGHBOR,54,255,4.453723714733931e-05,0.9994459917010535
weight,NEIGHBOR,55,281,4.907828877804842e-05,0.9994950699898315
weight,NEIGHBOR,56,242,4.2266711331984755e-05,0.9995373367011635
weight,NEIGHBOR,57,227,3.96468738527295e-05,0.9995769835750162
weight,NEIGHBOR,58,169,2.951683559960919e-05,0.9996065004106158
weight,NEIGHBOR,59,156,2.7246309784254638e-05,0.9996337467204001
weight,NEIGHBOR,60,148,2.5849063128651835e-05,0.9996595957835288
weight,NEIGHBOR,61,138,2.4102504809148334e-05,0.9996836982883379
weight,NEIGHBOR,62,118,2.060938817014133e-05,0.9997043076765081
weight,NEIGHBOR,63,90,1.5719024875531522e-05,0.9997200267013836
weight,NEIGHBOR,64,93,1.6242992371382573e-05,0.999736269693755
weight,NEIGHBOR,65,93,1.6242992371382573e-05,0.9997525126861263
weight,NEIGHBOR,66,90,1.5719024875531522e-05,0.9997682317110019
weight,NEIGHBOR,67,90,1.5719024875531522e-05,0.9997839507358774
weight,NEIGHBOR,68,82,1.4321778219928719e-05,0.9997982725140974
weight,NEIGHBOR,69,65,1.1352629076772765e-05,0.9998096251431741
weight,NEIGHBOR,70,66,1.1527284908723116e-05,0.9998211524280829
weight,NEIGHBOR,71,55,9.606070757269263e-06,0.9998307584988401
weight,NEIGHBOR,72,51,8.907447429467862e-06,0.9998396659462696
weight,NEIGHBOR,73,61,1.0654005748971364e-05,0.9998503199520186
weight,NEIGHBOR,74,52,9.082103261418212e-06,0.99985940205528
weight,NEIGHBOR,75,48,8.383479933616812e-06,0.9998677855352136
weight,NEIGHBOR,76,53,9.256759093368562e-06,0.999877042294307
weight,NEIGHBOR,77,47,8.208824101666462e-06,0.9998852511184086
weight,NEIGHBOR,78,44,7.68485660581541e-06,0.9998929359750144
weight,NEIGHBOR,79,36,6.287609950212608e-06,0.9998992235849646
weight,NEIGHBOR,80,32,5.5889866224112075e-06,0.999904812571587
weight,NEIGHBOR,81,43,7.51020077386506e-06,0.999912322772361
weight,NEIGHBOR,82,22,3.842428302907705e-06,0.9999161652006638
weight,NEIGHBOR,83,22,3.842428302907705e-06,0.9999200076289667
weight,NEIGHBOR,84,29,5.065019126560157e-06,0.9999250726480933
weight,NEIGHBOR,85,38,6.636921614113309e-06,0.9999317095697074
weight,NEIGHBOR,86,25,4.366395798758756e-06,0.9999360759655062
weight,NEIGHBOR,87,22,3.842428302907705e-06,0.999939918393809
weight,NEIGHBOR,88,25,4.366395798758756e-06,0.9999442847896078
weight,NEIGHBOR,89,16,2.7944933112056038e-06,0.999947079282919
weight,NEIGHBOR,90,21,3.667772470957355e-06,0.99995074705539
weight,NEIGHBOR,91,23,4.017084134858056e-06,0.9999547641395249
weight,NEIGHBOR,92,31,5.414330790460857e-06,0.9999601784703154
weight,NEIGHBOR,93,22,3.842428302907705e-06,0.9999640208986182
weight,NEIGHBOR,94,17,2.969149143155954e-06,0.9999669900477614
weight,NEIGHBOR,95,13,2.270525815354553e-06,0.9999692605735767
weight,NEIGHBOR,96,11,1.9212141514538526e-06,0.9999711817877281
weight,NEIGHBOR,97,13,2.270525815354553e-06,0.9999734523135435
weight,NEIGHBOR,98,11,1.9212141514538526e-06,0.999975373527695
weight,NEIGHBOR,99,19,3.3184608070566545e-06,0.9999786919885021
weight,NEIGHBOR,100,4,6.986233278014009e-07,0.9999793906118298
weight,NEIGHBOR,101,13,2.270525815354553e-06,0.9999816611376452
weight,NEIGHBOR,102,9,1.571902487553152e-06,0.9999832330401328
weight,NEIGHBOR,103,7,1.2225908236524517e-06,0.9999844556309564
weight,NEIGHBOR,104,12,2.095869983404203e-06,0.9999865515009398
weight,NEIGHBOR,105,6,1.0479349917021015e-06,0.9999875994359315
weight,NEIGHBOR,106,6,1.0479349917021015e-06,0.9999886473709232
weight,NEIGHBOR,107,2,3.4931166390070047e-07,0.9999889966825871
weight,NEIGHBOR,108,5,8.732791597517512e-07,0.9999898699617469
weight,NEIGHBOR,109,3,5.239674958510508e-07,0.9999903939292427
weight,NEIGHBOR,110,3,5.239674958510508e-07,0.9999909178967386
weight,NEIGHBOR,111,4,6.986233278014009e-07,0.9999916165200664
weight,NEIGHBOR,112,3,5.239674958510508e-07,0.9999921404875622
weight,NEIGHBOR,113,3,5.239674958510508e-07,0.9999926644550581
weight,NEIGHBOR,114,3,5.239674958510508e-07,0.9999931884225539
weight,NEIGHBOR,115,3,5.239674958510508e-07,0.9999937123900497
weight,NEIGHBOR,116,1,1.7465583195035024e-07,0.9999938870458818
weight,NEIGHBOR,117,5,8.732791597517512e-07,0.9999947603250415
weight,NEIGHBOR,118,2,3.4931166390070047e-07,0.9999951096367053
weight,NEIGHBOR,119,1,1.7465583195035024e-07,0.9999952842925374
weight,NEIGHBOR,120,3,5.239674958510508e-07,0.9999958082600332
weight,NEIGHBOR,124,1,1.7465583195035024e-07,0.9999959829158651
weight,NEIGHBOR,126,1,1.7465583195035024e-07,0.9999961575716971
weight,NEIGHBOR,127,2,3.4931166390070047e-07,0.999996506883361
weight,NEIGHBOR,129,1,1.7465583195035024e-07,0.999996681539193
weight,NEIGHBOR,130,1,1.7465583195035024e-07,0.9999968561950249
weight,NEIGHBOR,131,3,5.239674958510508e-07,0.9999973801625207
weight,NEIGHBOR,132,1,1.7465583195035024e-07,0.9999975548183527
weight,NEIGHBOR,133,3,5.239674958510508e-07,0.9999980787858486
weight,NEIGHBOR,134,3,5.239674958510508e-07,0.9999986027533444
weight,NEIGHBOR,135,5,8.732791597517512e-07,0.9999994760325042
weight,NEIGHBOR,154,1,1.7465583195035024e-07,0.9999996506883361
weight,NEIGHBOR,159,1,1.7465583195035024e-07,0.9999998253441681
weight,NEIGHBOR,182,1,1.7465583195035024e-07,1.0
bias,NONE,0,77,0.023375834851244687,0.023375834851244687
bias,NONE,1,69,0.020947176684881604,0.04432301153612629
bias,NONE,2,83,0.025197328476017,0.06952034001214329
bias,NONE,3,82,0.024893746205221615,0.09441408621736491
bias,NONE,4,89,0.027018822100789312,0.12143290831815422
bias,NONE,5,81,0.02459016393442623,0.14602307225258046
bias,NONE,6,52,0.015786278081360048,0.1618093503339405
bias,NONE,7,66,0.020036429872495445,0.18184578020643594
bias,NONE,8,60,0.018214936247723135,0.20006071645415907
bias,NONE,9,55,0.016697024893746207,0.2167577413479053
bias,NONE,10,63,0.01912568306010929,0.23588342440801457
bias,NONE,11,61,0.018518518518518517,0.25440194292653306
bias,NONE,12,56,0.01700060716454159,0.27140255009107467
bias,NONE,13,55,0.016697024893746207,0.28809957498482086
bias,NONE,14,52,0.015786278081360048,0.30388585306618093
bias,NONE,15,42,0.012750455373406194,0.3166363084395871
bias,NONE,16,51,0.015482695810564663,0.3321190042501518
bias,NONE,17,41,0.012446873102610808,0.3445658773527626
bias,NONE,18,34,0.010321797207043109,0.3548876745598057
bias,NONE,19,39,0.011839708561020037,0.36672738312082576
bias,NONE,20,30,0.009107468123861567,0.3758348512446873
bias,NONE,21,43,0.013054037644201578,0.3888888888888889
bias,NONE,22,36,0.01092896174863388,0.3998178506375228
bias,NONE,23,39,0.011839708561020037,0.4116575591985428
bias,NONE,24,33,0.010018214936247723,0.4216757741347905
bias,NONE,25,40,0.012143290831815421,0.43381906496660594
bias,NONE,26,33,0.010018214936247723,0.44383727990285365
bias,NONE,27,25,0.007589556769884639,0.4514268366727383
bias,NONE,28,39,0.011839708561020037,0.4632665452337584
bias,NONE,29,33,0.010018214936247723,0.4732847601700061
bias,NONE,30,25,0.007589556769884639,0.4808743169398907
bias,NONE,31,27,0.00819672131147541,0.4890710382513661
bias,NONE,32,29,0.008803885853066181,0.4978749241044323
bias,NONE,33,21,0.006375227686703097,0.5042501517911354
bias,NONE,34,28,0.008500303582270795,0.5127504553734062
bias,NONE,35,16,0.004857316332726169,0.5176077717061324
bias,NONE,36,37,0.011232544019429266,0.5288403157255617
bias,NONE,37,19,0.005768063145112325,0.5346083788706739
bias,NONE,38,19,0.005768063145112325,0.5403764420157863
bias,NONE,39,25,0.007589556769884639,0.5479659987856709
bias,NONE,40,25,0.007589556769884639,0.5555555555555556
bias,NONE,41,20,0.006071645415907711,0.5616272009714632
bias,NONE,42,19,0.005768063145112325,0.5673952641165756
bias,NONE,43,26,0.007893139040680024,0.5752884031572556
bias,NONE,44,23,0.006982392228293868,0.5822707953855495
bias,NONE,45,15,0.004553734061930784,0.5868245294474803
bias,NONE,46,20,0.006071645415907711,0.592896174863388
bias,NONE,47,14,0.004250151791135397,0.5971463266545234
bias,NONE,48,23,0.006982392228293868,0.6041287188828173
bias,NONE,49,14,0.004250151791135397,0.6083788706739527
bias,NONE,50,12,0.0036429872495446266,0.6120218579234973
bias,NONE,51,18,0.00546448087431694,0.6174863387978142
bias,NONE,52,17,0.0051608986035215545,0.6226472374013358
bias,NONE,53,15,0.004553734061930784,0.6272009714632666
bias,NONE,54,13,0.003946569520340012,0.6311475409836066
bias,NONE,55,14,0.004250151791135397,0.635397692774742
bias,NONE,56,16,0.004857316332726169,0.6402550091074681
bias,NONE,57,11,0.003339404978749241,0.6435944140862173
bias,NONE,58,11,0.003339404978749241,0.6469338190649666
bias,NONE,59,11,0.003339404978749241,0.6502732240437158
bias,NONE,60,15,0.004553734061930784,0.6548269581056466
bias,NONE,61,13,0.003946569520340012,0.6587735276259866
bias,NONE,62,8,0.0024286581663630845,0.6612021857923497
bias,NONE,63,13,0.003946569520340012,0.6651487553126897
bias,NONE,64,5,0.0015179113539769277,0.6666666666666666
bias,NONE,65,18,0.00546448087431694,0.6721311475409836
bias,NONE,66,14,0.004250151791135397,0.676381299332119
bias,NONE,67,9,0.00273224043715847,0.6791135397692775
bias,NONE,68,13,0.003946569520340012,0.6830601092896175
bias,NONE,69,10,0.0030358227079538553,0.6860959319975714
bias,NONE,70,18,0.00546448087431694,0.6915604128718883
bias,NONE,71,6,0.0018214936247723133,0.6933819064966606
bias,NONE,72,9,0.00273224043715847,0.696114146933819
bias,NONE,73,10,0.0030358227079538553,0.6991499696417729
bias,NONE,74,11,0.003339404978749241,0.7024893746205222
bias,NONE,75,7,0.0021250758955676987,0.7046144505160898
bias,NONE,76,7,0.0021250758955676987,0.7067395264116576
bias,NONE,77,7,0.0021250758955676987,0.7088646023072253
bias,NONE,78,7,0.0021250758955676987,0.7109896782027929
bias,NONE,79,8,0.0024286581663630845,0.7134183363691561
bias,NONE,80,6,0.0018214936247723133,0.7152398299939283
bias,NONE,81,4,0.0012143290831815423,0.7164541590771099
bias,NONE,82,8,0.0024286581663630845,0.718882817243473
bias,NONE,83,4,0.0012143290831815423,0.7200971463266546
bias,NONE,84,9,0.00273224043715847,0.722829386763813
bias,NONE,85,3,0.0009107468123861566,0.7237401335761992
bias,NONE,86,3,0.0009107468123861566,0.7246508803885853
bias,NONE,87,3,0.0009107468123861566,0.7255616272009715
bias,NONE,88,5,0.0015179113539769277,0.7270795385549484
bias,NONE,89,5,0.0015179113539769277,0.7285974499089253
bias,NONE,90,5,0.0015179113539769277,0.7301153612629022
bias,NONE,91,7,0.0021250758955676987,0.73224043715847
bias,NONE,92,2,0.0006071645415907711,0.7328476017000607
bias,NONE,93,5,0.0015179113539769277,0.7343655130540376
bias,NONE,94,8,0.0024286581663630845,0.7367941712204007
bias,NONE,95,2,0.0006071645415907711,0.7374013357619915
bias,NONE,96,5,0.0015179113539769277,0.7389192471159685
bias,NONE,97,2,0.0006071645415907711,0.7395264116575592
bias,NONE,98,4,0.0012143290831815423,0.7407407407407407
bias,NONE,99,3,0.0009107468123861566,0.7416514875531269
bias,NONE,100,3,0.0009107468123861566,0.742562234365513
bias,NONE,101,5,0.0015179113539769277,0.74408014571949
bias,NONE,102,7,0.0021250758955676987,0.7462052216150576
bias,NONE,103,2,0.0006071645415907711,0.7468123861566485
bias,NONE,104,4,0.0012143290831815423,0.74802671523983
bias,NONE,105,4,0.0012143290831815423,0.7492410443230115
bias,NONE,106,7,0.0021250758955676987,0.7513661202185792
bias,NONE,107,1,0.00030358227079538557,0.7516697024893746
bias,NONE,108,4,0.0012143290831815423,0.7528840315725561
bias,NONE,109,2,0.0006071645415907711,0.7534911961141469
bias,NONE,110,3,0.0009107468123861566,0.7544019429265331
bias,NONE,111,1,0.00030358227079538557,0.7547055251973285
bias,NONE,112,4,0.0012143290831815423,0.75591985428051
bias,NONE,113,2,0.0006071645415907711,0.7565270188221008
bias,NONE,115,3,0.0009107468123861566,0.757437765634487
bias,NONE,116,2,0.0006071645415907711,0.7580449301760778
bias,NONE,117,2,0.0006071645415907711,0.7586520947176685
bias,NONE,118,4,0.0012143290831815423,0.75986642380085
bias,NONE,119,4,0.0012143290831815423,0.7610807528840315
bias,NONE,120,1,0.00030358227079538557,0.761384335154827
bias,NONE,121,1,0.00030358227079538557,0.7616879174256224
bias,NONE,122,3,0.0009107468123861566,0.7625986642380085
bias,NONE,124,5,0.0015179113539769277,0.7641165755919854
bias,NONE,125,2,0.0006071645415907711,0.7647237401335762
bias,NONE,127,1,0.00030358227079538557,0.7650273224043715
bias,NONE,128,8,0.0024286581663630845,0.7674559805707347
bias,NONE,129,1,0.00030358227079538557,0.76775956284153
bias,NONE,130,3,0.0009107468123861566,0.7686703096539163
bias,NONE,131,1,0.00030358227079538557,0.7689738919247116
bias,NONE,132,2,0.0006071645415907711,0.7695810564663024
bias,NONE,133,3,0.0009107468123861566,0.7704918032786885
bias,NONE,134,1,0.00030358227079538557,0.7707953855494839
bias,NONE,136,1,0.00030358227079538557,0.7710989678202793
bias,NONE,137,1,0.00030358227079538557,0.7714025500910747
bias,NONE,138,1,0.00030358227079538557,0.77170613236187
bias,NONE,140,1,0.00030358227079538557,0.7720097146326654
bias,NONE,141,1,0.00030358227079538557,0.7723132969034608
bias,NONE,142,2,0.0006071645415907711,0.7729204614450516
bias,NONE,144,1,0.00030358227079538557,0.773224043715847
bias,NONE,146,1,0.00030358227079538557,0.7735276259866424
bias,NONE,147,3,0.0009107468123861566,0.7744383727990285
bias,NONE,149,1,0.00030358227079538557,0.7747419550698239
bias,NONE,150,1,0.00030358227079538557,0.7750455373406193
bias,NONE,152,2,0.0006071645415907711,0.77565270188221
bias,NONE,153,2,0.0006071645415907711,0.7762598664238008
bias,NONE,154,2,0.0006071645415907711,0.7768670309653917
bias,NONE,155,1,0.00030358227079538557,0.777170613236187
bias,NONE,156,1,0.00030358227079538557,0.7774741955069824
bias,NONE,160,2,0.0006071645415907711,0.7780813600485732
bias,NONE,162,1,0.00030358227079538557,0.7783849423193685
bias,NONE,164,4,0.0012143290831815423,0.7795992714025501
bias,NONE,165,1,0.00030358227079538557,0.7799028536733454
bias,NONE,166,2,0.0006071645415907711,0.7805100182149363
bias,NONE,167,1,0.00030358227079538557,0.7808136004857317
bias,NONE,169,1,0.00030358227079538557,0.781117182756527
bias,NONE,170,1,0.00030358227079538557,0.7814207650273224
bias,NONE,171,2,0.0006071645415907711,0.7820279295689132
bias,NONE,173,2,0.0006071645415907711,0.7826350941105039
bias,NONE,174,1,0.00030358227079538557,0.7829386763812993
bias,NONE,178,1,0.00030358227079538557,0.7832422586520947
bias,NONE,180,1,0.00030358227079538557,0.7835458409228901
bias,NONE,184,1,0.00030358227079538557,0.7838494231936854
bias,NONE,185,1,0.00030358227079538557,0.7841530054644809
bias,NONE,190,1,0.00030358227079538557,0.7844565877352763
bias,NONE,192,1,0.00030358227079538557,0.7847601700060717
bias,NONE,195,2,0.0006071645415907711,0.7853673345476624
bias,NONE,196,1,0.00030358227079538557,0.7856709168184578
bias,NONE,197,1,0.00030358227079538557,0.7859744990892532
bias,NONE,200,1,0.00030358227079538557,0.7862780813600486
bias,NONE,201,1,0.00030358227079538557,0.7865816636308439
bias,NONE,202,1,0.00030358227079538557,0.7868852459016393
bias,NONE,203,1,0.00030358227079538557,0.7871888281724347
bias,NONE,207,2,0.0006071645415907711,0.7877959927140255
bias,NONE,208,1,0.00030358227079538557,0.7880995749848209
bias,NONE,210,1,0.00030358227079538557,0.7884031572556163
bias,NONE,211,2,0.0006071645415907711,0.7890103217972071
bias,NONE,213,2,0.0006071645415907711,0.7896174863387978
bias,NONE,215,1,0.00030358227079538557,0.7899210686095932
bias,NONE,216,1,0.00030358227079538557,0.7902246508803886
bias,NONE,218,1,0.00030358227079538557,0.7905282331511839
bias,NONE,219,3,0.0009107468123861566,0.7914389799635702
bias,NONE,222,1,0.00030358227079538557,0.7917425622343656
bias,NONE,225,1,0.00030358227079538557,0.7920461445051609
bias,NONE,227,1,0.00030358227079538557,0.7923497267759563
bias,NONE,229,1,0.00030358227079538557,0.7926533090467517
bias,NONE,230,1,0.00030358227079538557,0.7929568913175471
bias,NONE,235,1,0.00030358227079538557,0.7932604735883424
bias,NONE,239,1,0.00030358227079538557,0.7935640558591378
bias,NONE,249,1,0.00030358227079538557,0.7938676381299332
bias,NONE,251,2,0.0006071645415907711,0.7944748026715239
bias,NONE,252,1,0.00030358227079538557,0.7947783849423193
bias,NONE,256,1,0.00030358227079538557,0.7950819672131147
bias,NONE,263,1,0.00030358227079538557,0.7953855494839102
bias,NONE,267,1,0.00030358227079538557,0.7956891317547056
bias,NONE,268,1,0.00030358227079538557,0.7959927140255009
bias,NONE,269,1,0.00030358227079538557,0.7962962962962963
bias,NONE,273,1,0.00030358227079538557,0.7965998785670917
bias,NONE,278,1,0.00030358227079538557,0.7969034608378871
bias,NONE,279,1,0.00030358227079538557,0.7972070431086824
bias,NONE,284,1,0.00030358227079538557,0.7975106253794778
bias,NONE,285,1,0.00030358227079538557,0.7978142076502732
bias,NONE,286,1,0.00030358227079538557,0.7981177899210686
bias,NONE,287,1,0.00030358227079538557,0.798421372191864
bias,NONE,290,1,0.00030358227079538557,0.7987249544626593
bias,NONE,293,1,0.00030358227079538557,0.7990285367334548
bias,NONE,294,2,0.0006071645415907711,0.7996357012750456
bias,NONE,301,1,0.00030358227079538557,0.7999392835458409
bias,NONE,302,1,0.00030358227079538557,0.8002428658166363
bias,NONE,304,5,0.0015179113539769277,0.8017607771706132
bias,NONE,305,1,0.00030358227079538557,0.8020643594414086
bias,NONE,307,1,0.00030358227079538557,0.802367941712204
bias,NONE,308,1,0.00030358227079538557,0.8026715239829993
bias,NONE,309,1,0.00030358227079538557,0.8029751062537948
bias,NONE,310,2,0.0006071645415907711,0.8035822707953856
bias,NONE,311,2,0.0006071645415907711,0.8041894353369763
bias,NONE,312,1,0.00030358227079538557,0.8044930176077717
bias,NONE,313,2,0.0006071645415907711,0.8051001821493625
bias,NONE,318,1,0.00030358227079538557,0.8054037644201578
bias,NONE,320,1,0.00030358227079538557,0.8057073466909532
bias,NONE,321,1,0.00030358227079538557,0.8060109289617486
bias,NONE,323,1,0.00030358227079538557,0.806314511232544
bias,NONE,326,1,0.00030358227079538557,0.8066180935033394
bias,NONE,329,3,0.0009107468123861566,0.8075288403157256
bias,NONE,330,1,0.00030358227079538557,0.807832422586521
bias,NONE,331,1,0.00030358227079538557,0.8081360048573163
bias,NONE,332,1,0.00030358227079538557,0.8084395871281117
bias,NONE,337,2,0.0006071645415907711,0.8090467516697025
bias,NONE,339,1,0.00030358227079538557,0.8093503339404978
bias,NONE,340,1,0.00030358227079538557,0.8096539162112932
bias,NONE,341,1,0.00030358227079538557,0.8099574984820886
bias,NONE,346,1,0.00030358227079538557,0.810261080752884
bias,NONE,348,3,0.0009107468123861566,0.8111718275652702
bias,NONE,350,1,0.00030358227079538557,0.8114754098360656
bias,NONE,355,1,0.00030358227079538557,0.811778992106861
bias,NONE,356,1,0.00030358227079538557,0.8120825743776563
bias,NONE,358,1,0.00030358227079538557,0.8123861566484517
bias,NONE,359,1,0.00030358227079538557,0.8126897389192471
bias,NONE,360,1,0.00030358227079538557,0.8129933211900425
bias,NONE,361,2,0.0006071645415907711,0.8136004857316332
bias,NONE,362,1,0.00030358227079538557,0.8139040680024286
bias,NONE,363,1,0.00030358227079538557,0.8142076502732241
bias,NONE,369,1,0.00030358227079538557,0.8145112325440195
bias,NONE,376,1,0.00030358227079538557,0.8148148148148148
bias,NONE,377,1,0.00030358227079538557,0.8151183970856102
bias,NONE,378,3,0.0009107468123861566,0.8160291438979964
bias,NONE,384,2,0.0006071645415907711,0.8166363084395871
bias,NONE,387,1,0.00030358227079538557,0.8169398907103825
bias,NONE,391,2,0.0006071645415907711,0.8175470552519732
bias,NONE,394,1,0.00030358227079538557,0.8178506375227687
bias,NONE,396,1,0.00030358227079538557,0.8181542197935641
bias,NONE,399,1,0.00030358227079538557,0.8184578020643595
bias,NONE,405,1,0.00030358227079538557,0.8187613843351548
bias,NONE,406,1,0.00030358227079538557,0.8190649666059502
bias,NONE,408,1,0.00030358227079538557,0.8193685488767456
bias,NONE,411,4,0.0012143290831815423,0.8205828779599271
bias,NONE,413,1,0.00030358227079538557,0.8208864602307225
bias,NONE,422,1,0.00030358227079538557,0.821190042501518
bias,NONE,428,1,0.00030358227079538557,0.8214936247723132
bias,NONE,433,1,0.00030358227079538557,0.8217972070431087
bias,NONE,434,1,0.00030358227079538557,0.8221007893139041
bias,NONE,436,1,0.00030358227079538557,0.8224043715846995
bias,NONE,438,1,0.00030358227079538557,0.8227079538554949
bias,NONE,442,1,0.00030358227079538557,0.8230115361262902
bias,NONE,443,2,0.0006071645415907711,0.823618700667881
bias,NONE,450,2,0.0006071645415907711,0.8242258652094717
bias,NONE,453,1,0.00030358227079538557,0.8245294474802671
bias,NONE,458,3,0.0009107468123861566,0.8254401942926534
bias,NONE,459,1,0.00030358227079538557,0.8257437765634487
bias,NONE,461,1,0.00030358227079538557,0.8260473588342441
bias,NONE,462,1,0.00030358227079538557,0.8263509411050395
bias,NONE,464,1,0.00030358227079538557,0.8266545233758349
bias,NONE,465,1,0.00030358227079538557,0.8269581056466302
bias,NONE,467,1,0.00030358227079538557,0.8272616879174256
bias,NONE,468,1,0.00030358227079538557,0.827565270188221
bias,NONE,471,1,0.00030358227079538557,0.8278688524590164
bias,NONE,474,1,0.00030358227079538557,0.8281724347298117
bias,NONE,476,1,0.00030358227079538557,0.8284760170006071
bias,NONE,478,1,0.00030358227079538557,0.8287795992714025
bias,NONE,479,1,0.00030358227079538557,0.829083181542198
bias,NONE,480,2,0.0006071645415907711,0.8296903460837887
bias,NONE,482,1,0.00030358227079538557,0.8299939283545841
bias,NONE,484,1,0.00030358227079538557,0.8302975106253795
bias,NONE,486,1,0.00030358227079538557,0.8306010928961749
bias,NONE,488,1,0.00030358227079538557,0.8309046751669702
bias,NONE,489,1,0.00030358227079538557,0.8312082574377656
bias,NONE,492,2,0.0006071645415907711,0.8318154219793564
bias,NONE,495,1,0.00030358227079538557,0.8321190042501518
bias,NONE,496,2,0.0006071645415907711,0.8327261687917425
bias,NONE,497,1,0.00030358227079538557,0.833029751062538
bias,NONE,499,1,0.00030358227079538557,0.8333333333333334
bias,NONE,500,1,0.00030358227079538557,0.8336369156041287
bias,NONE,502,1,0.00030358227079538557,0.8339404978749241
bias,NONE,503,1,0.00030358227079538557,0.8342440801457195
bias,NONE,505,2,0.0006071645415907711,0.8348512446873103
bias,NONE,506,1,0.00030358227079538557,0.8351548269581056
bias,NONE,508,2,0.0006071645415907711,0.8357619914996964
bias,NONE,509,2,0.0006071645415907711,0.8363691560412871
bias,NONE,512,2,0.0006071645415907711,0.836976320582878
bias,NONE,515,2,0.0006071645415907711,0.8375834851244688
bias,NONE,517,3,0.0009107468123861566,0.8384942319368549
bias,NONE,518,1,0.00030358227079538557,0.8387978142076503
bias,NONE,519,2,0.0006071645415907711,0.839404978749241
bias,NONE,522,1,0.00030358227079538557,0.8397085610200364
bias,NONE,523,1,0.00030358227079538557,0.8400121432908318
bias,NONE,524,2,0.0006071645415907711,0.8406193078324226
bias,NONE,525,1,0.00030358227079538557,0.840922890103218
bias,NONE,526,1,0.00030358227079538557,0.8412264723740134
bias,NONE,528,1,0.00030358227079538557,0.8415300546448088
bias,NONE,529,1,0.00030358227079538557,0.8418336369156041
bias,NONE,530,1,0.00030358227079538557,0.8421372191863995
bias,NONE,533,2,0.0006071645415907711,0.8427443837279903
bias,NONE,537,1,0.00030358227079538557,0.8430479659987856
bias,NONE,538,2,0.0006071645415907711,0.8436551305403764
bias,NONE,540,1,0.00030358227079538557,0.8439587128111719
bias,NONE,543,1,0.00030358227079538557,0.8442622950819673
bias,NONE,544,1,0.00030358227079538557,0.8445658773527626
bias,NONE,546,2,0.0006071645415907711,0.8451730418943534
bias,NONE,547,1,0.00030358227079538557,0.8454766241651488
bias,NONE,548,1,0.00030358227079538557,0.8457802064359441
bias,NONE,549,1,0.00030358227079538557,0.8460837887067395
bias,NONE,550,1,0.00030358227079538557,0.8463873709775349
bias,NONE,553,1,0.00030358227079538557,0.8466909532483303
bias,NONE,554,2,0.0006071645415907711,0.847298117789921
bias,NONE,555,1,0.00030358227079538557,0.8476017000607164
bias,NONE,558,2,0.0006071645415907711,0.8482088646023073
bias,NONE,562,2,0.0006071645415907711,0.848816029143898
bias,NONE,563,3,0.0009107468123861566,0.8497267759562842
bias,NONE,564,1,0.00030358227079538557,0.8500303582270795
bias,NONE,567,1,0.00030358227079538557,0.8503339404978749
bias,NONE,568,2,0.0006071645415907711,0.8509411050394657
bias,NONE,569,1,0.00030358227079538557,0.851244687310261
bias,NONE,570,1,0.00030358227079538557,0.8515482695810564
bias,NONE,572,1,0.00030358227079538557,0.8518518518518519
bias,NONE,575,1,0.00030358227079538557,0.8521554341226473
bias,NONE,576,1,0.00030358227079538557,0.8524590163934426
bias,NONE,578,1,0.00030358227079538557,0.852762598664238
bias,NONE,580,1,0.00030358227079538557,0.8530661809350334
bias,NONE,582,1,0.00030358227079538557,0.8533697632058288
bias,NONE,583,1,0.00030358227079538557,0.8536733454766242
bias,NONE,584,1,0.00030358227079538557,0.8539769277474195
bias,NONE,586,1,0.00030358227079538557,0.8542805100182149
bias,NONE,587,1,0.00030358227079538557,0.8545840922890103
bias,NONE,589,1,0.00030358227079538557,0.8548876745598057
bias,NONE,590,2,0.0006071645415907711,0.8554948391013965
bias,NONE,591,2,0.0006071645415907711,0.8561020036429873
bias,NONE,593,1,0.00030358227079538557,0.8564055859137827
bias,NONE,595,2,0.0006071645415907711,0.8570127504553734
bias,NONE,597,1,0.00030358227079538557,0.8573163327261688
bias,NONE,599,5,0.0015179113539769277,0.8588342440801457
bias,NONE,600,2,0.0006071645415907711,0.8594414086217365
bias,NONE,601,1,0.00030358227079538557,0.8597449908925319
bias,NONE,602,1,0.00030358227079538557,0.8600485731633273
bias,NONE,607,3,0.0009107468123861566,0.8609593199757134
bias,NONE,609,1,0.00030358227079538557,0.8612629022465088
bias,NONE,610,1,0.00030358227079538557,0.8615664845173042
bias,NONE,611,1,0.00030358227079538557,0.8618700667880995
bias,NONE,612,1,0.00030358227079538557,0.8621736490588949
bias,NONE,615,1,0.00030358227079538557,0.8624772313296903
bias,NONE,616,2,0.0006071645415907711,0.8630843958712812
bias,NONE,618,2,0.0006071645415907711,0.8636915604128719
bias,NONE,619,1,0.00030358227079538557,0.8639951426836673
bias,NONE,621,3,0.0009107468123861566,0.8649058894960534
bias,NONE,622,2,0.0006071645415907711,0.8655130540376442
bias,NONE,623,1,0.00030358227079538557,0.8658166363084396
bias,NONE,628,1,0.00030358227079538557,0.8661202185792349
bias,NONE,629,1,0.00030358227079538557,0.8664238008500303
bias,NONE,630,3,0.0009107468123861566,0.8673345476624165
bias,NONE,631,2,0.0006071645415907711,0.8679417122040073
bias,NONE,633,3,0.0009107468123861566,0.8688524590163934
bias,NONE,634,1,0.00030358227079538557,0.8691560412871888
bias,NONE,635,2,0.0006071645415907711,0.8697632058287796
bias,NONE,637,1,0.00030358227079538557,0.8700667880995749
bias,NONE,638,1,0.00030358227079538557,0.8703703703703703
bias,NONE,639,2,0.0006071645415907711,0.8709775349119612
bias,NONE,640,3,0.0009107468123861566,0.8718882817243473
bias,NONE,642,2,0.0006071645415907711,0.8724954462659381
bias,NONE,643,2,0.0006071645415907711,0.8731026108075288
bias,NONE,644,1,0.00030358227079538557,0.8734061930783242
bias,NONE,646,1,0.00030358227079538557,0.8737097753491196
bias,NONE,647,2,0.0006071645415907711,0.8743169398907104
bias,NONE,648,2,0.0006071645415907711,0.8749241044323012
bias,NONE,649,1,0.00030358227079538557,0.8752276867030966
bias,NONE,650,1,0.00030358227079538557,0.8755312689738919
bias,NONE,652,1,0.00030358227079538557,0.8758348512446873
bias,NONE,655,1,0.00030358227079538557,0.8761384335154827
bias,NONE,656,1,0.00030358227079538557,0.8764420157862781
bias,NONE,662,1,0.00030358227079538557,0.8767455980570734
bias,NONE,664,1,0.00030358227079538557,0.8770491803278688
bias,NONE,665,2,0.0006071645415907711,0.8776563448694596
bias,NONE,666,1,0.00030358227079538557,0.8779599271402551
bias,NONE,667,1,0.00030358227079538557,0.8782635094110504
bias,NONE,669,1,0.00030358227079538557,0.8785670916818458
bias,NONE,670,1,0.00030358227079538557,0.8788706739526412
bias,NONE,671,2,0.0006071645415907711,0.8794778384942319
bias,NONE,672,4,0.0012143290831815423,0.8806921675774135
bias,NONE,674,2,0.0006071645415907711,0.8812993321190042
bias,NONE,676,2,0.0006071645415907711,0.8819064966605951
bias,NONE,679,2,0.0006071645415907711,0.8825136612021858
bias,NONE,680,1,0.00030358227079538557,0.8828172434729812
bias,NONE,681,2,0.0006071645415907711,0.8834244080145719
bias,NONE,683,1,0.00030358227079538557,0.8837279902853673
bias,NONE,687,2,0.0006071645415907711,0.8843351548269581
bias,NONE,688,1,0.00030358227079538557,0.8846387370977535
bias,NONE,689,1,0.00030358227079538557,0.8849423193685488
bias,NONE,690,3,0.0009107468123861566,0.8858530661809351
bias,NONE,693,2,0.0006071645415907711,0.8864602307225258
bias,NONE,695,1,0.00030358227079538557,0.8867638129933212
bias,NONE,696,1,0.00030358227079538557,0.8870673952641166
bias,NONE,697,4,0.0012143290831815423,0.8882817243472981
bias,NONE,698,1,0.00030358227079538557,0.8885853066180935
bias,NONE,699,3,0.0009107468123861566,0.8894960534304797
bias,NONE,703,1,0.00030358227079538557,0.8897996357012751
bias,NONE,704,2,0.0006071645415907711,0.8904068002428658
bias,NONE,705,1,0.00030358227079538557,0.8907103825136612
bias,NONE,709,3,0.0009107468123861566,0.8916211293260473
bias,NONE,710,1,0.00030358227079538557,0.8919247115968427
bias,NONE,711,3,0.0009107468123861566,0.892835458409229
bias,NONE,713,1,0.00030358227079538557,0.8931390406800243
bias,NONE,714,1,0.00030358227079538557,0.8934426229508197
bias,NONE,716,3,0.0009107468123861566,0.8943533697632058
bias,NONE,717,1,0.00030358227079538557,0.8946569520340012
bias,NONE,719,3,0.0009107468123861566,0.8955676988463873
bias,NONE,720,2,0.0006071645415907711,0.8961748633879781
bias,NONE,721,2,0.0006071645415907711,0.896782027929569
bias,NONE,722,3,0.0009107468123861566,0.8976927747419551
bias,NONE,726,2,0.0006071645415907711,0.8982999392835458
bias,NONE,727,1,0.00030358227079538557,0.8986035215543412
bias,NONE,729,1,0.00030358227079538557,0.8989071038251366
bias,NONE,731,1,0.00030358227079538557,0.899210686095932
bias,NONE,733,1,0.00030358227079538557,0.8995142683667274
bias,NONE,734,1,0.00030358227079538557,0.8998178506375227
bias,NONE,735,3,0.0009107468123861566,0.900728597449909
bias,NONE,736,1,0.00030358227079538557,0.9010321797207043
bias,NONE,738,3,0.0009107468123861566,0.9019429265330905
bias,NONE,740,1,0.00030358227079538557,0.9022465088038859
bias,NONE,741,1,0.00030358227079538557,0.9025500910746812
bias,NONE,742,4,0.0012143290831815423,0.9037644201578627
bias,NONE,747,1,0.00030358227079538557,0.9040680024286581
bias,NONE,751,1,0.00030358227079538557,0.9043715846994536
bias,NONE,752,1,0.00030358227079538557,0.904675166970249
bias,NONE,753,2,0.0006071645415907711,0.9052823315118397
bias,NONE,754,2,0.0006071645415907711,0.9058894960534305
bias,NONE,755,1,0.00030358227079538557,0.9061930783242259
bias,NONE,758,2,0.0006071645415907711,0.9068002428658166
bias,NONE,761,1,0.00030358227079538557,0.907103825136612
bias,NONE,762,3,0.0009107468123861566,0.9080145719489982
bias,NONE,767,2,0.0006071645415907711,0.908621736490589
bias,NONE,768,1,0.00030358227079538557,0.9089253187613844
bias,NONE,773,1,0.00030358227079538557,0.9092289010321797
bias,NONE,774,2,0.0006071645415907711,0.9098360655737705
bias,NONE,775,1,0.00030358227079538557,0.9101396478445659
bias,NONE,777,1,0.00030358227079538557,0.9104432301153612
bias,NONE,778,1,0.00030358227079538557,0.9107468123861566
bias,NONE,780,2,0.0006071645415907711,0.9113539769277474
bias,NONE,781,1,0.00030358227079538557,0.9116575591985429
bias,NONE,783,3,0.0009107468123861566,0.912568306010929
bias,NONE,785,1,0.00030358227079538557,0.9128718882817244
bias,NONE,787,1,0.00030358227079538557,0.9131754705525197
bias,NONE,788,2,0.0006071645415907711,0.9137826350941105
bias,NONE,789,1,0.00030358227079538557,0.9140862173649059
bias,NONE,791,1,0.00030358227079538557,0.9143897996357013
bias,NONE,792,4,0.0012143290831815423,0.9156041287188829
bias,NONE,794,2,0.0006071645415907711,0.9162112932604736
bias,NONE,795,1,0.00030358227079538557,0.916514875531269
bias,NONE,796,1,0.00030358227079538557,0.9168184578020644
bias,NONE,797,2,0.0006071645415907711,0.9174256223436551
bias,NONE,798,1,0.00030358227079538557,0.9177292046144505
bias,NONE,799,1,0.00030358227079538557,0.9180327868852459
bias,NONE,800,2,0.0006071645415907711,0.9186399514268366
bias,NONE,802,1,0.00030358227079538557,0.918943533697632
bias,NONE,803,1,0.00030358227079538557,0.9192471159684275
bias,NONE,810,2,0.0006071645415907711,0.9198542805100182
bias,NONE,814,2,0.0006071645415907711,0.920461445051609
bias,NONE,815,1,0.00030358227079538557,0.9207650273224044
bias,NONE,816,4,0.0012143290831815423,0.9219793564055859
bias,NONE,817,2,0.0006071645415907711,0.9225865209471766
bias,NONE,819,1,0.00030358227079538557,0.922890103217972
bias,NONE,820,1,0.00030358227079538557,0.9231936854887675
bias,NONE,821,2,0.0006071645415907711,0.9238008500303583
bias,NONE,823,1,0.00030358227079538557,0.9241044323011536
bias,NONE,825,1,0.00030358227079538557,0.924408014571949
bias,NONE,826,3,0.0009107468123861566,0.9253187613843351
bias,NONE,827,3,0.0009107468123861566,0.9262295081967213
bias,NONE,828,1,0.00030358227079538557,0.9265330904675168
bias,NONE,830,3,0.0009107468123861566,0.9274438372799029
bias,NONE,833,2,0.0006071645415907711,0.9280510018214936
bias,NONE,834,3,0.0009107468123861566,0.9289617486338798
bias,NONE,836,1,0.00030358227079538557,0.9292653309046751
bias,NONE,839,1,0.00030358227079538557,0.9295689131754705
bias,NONE,840,1,0.00030358227079538557,0.9298724954462659
bias,NONE,841,2,0.0006071645415907711,0.9304796599878568
bias,NONE,842,1,0.00030358227079538557,0.930783242258652
bias,NONE,843,1,0.00030358227079538557,0.9310868245294475
bias,NONE,845,1,0.00030358227079538557,0.9313904068002429
bias,NONE,849,1,0.00030358227079538557,0.9316939890710383
bias,NONE,850,2,0.0006071645415907711,0.932301153612629
bias,NONE,851,1,0.00030358227079538557,0.9326047358834244
bias,NONE,854,2,0.0006071645415907711,0.9332119004250152
bias,NONE,855,2,0.0006071645415907711,0.9338190649666059
bias,NONE,856,1,0.00030358227079538557,0.9341226472374013
bias,NONE,857,1,0.00030358227079538557,0.9344262295081968
bias,NONE,859,2,0.0006071645415907711,0.9350333940497875
bias,NONE,860,1,0.00030358227079538557,0.9353369763205829
bias,NONE,865,1,0.00030358227079538557,0.9356405585913783
bias,NONE,866,1,0.00030358227079538557,0.9359441408621737
bias,NONE,867,1,0.00030358227079538557,0.936247723132969
bias,NONE,868,2,0.0006071645415907711,0.9368548876745598
bias,NONE,870,1,0.00030358227079538557,0.9371584699453552
bias,NONE,872,1,0.00030358227079538557,0.9374620522161505
bias,NONE,875,2,0.0006071645415907711,0.9380692167577414
bias,NONE,876,2,0.0006071645415907711,0.9386763812993322
bias,NONE,877,2,0.0006071645415907711,0.9392835458409229
bias,NONE,881,1,0.00030358227079538557,0.9395871281117183
bias,NONE,883,1,0.00030358227079538557,0.9398907103825137
bias,NONE,884,1,0.00030358227079538557,0.940194292653309
bias,NONE,885,1,0.00030358227079538557,0.9404978749241044
bias,NONE,886,1,0.00030358227079538557,0.9408014571948998
bias,NONE,887,1,0.00030358227079538557,0.9411050394656952
bias,NONE,888,1,0.00030358227079538557,0.9414086217364905
bias,NONE,889,1,0.00030358227079538557,0.941712204007286
bias,NONE,890,1,0.00030358227079538557,0.9420157862780814
bias,NONE,891,2,0.0006071645415907711,0.9426229508196722
bias,NONE,893,1,0.00030358227079538557,0.9429265330904675
bias,NONE,896,1,0.00030358227079538557,0.9432301153612629
bias,NONE,898,1,0.00030358227079538557,0.9435336976320583
bias,NONE,900,1,0.00030358227079538557,0.9438372799028537
bias,NONE,901,4,0.0012143290831815423,0.9450516089860352
bias,NONE,902,1,0.00030358227079538557,0.9453551912568307
bias,NONE,903,1,0.00030358227079538557,0.945658773527626
bias,NONE,906,1,0.00030358227079538557,0.9459623557984214
bias,NONE,908,2,0.0006071645415907711,0.9465695203400122
bias,NONE,909,3,0.0009107468123861566,0.9474802671523983
bias,NONE,910,1,0.00030358227079538557,0.9477838494231937
bias,NONE,911,1,0.00030358227079538557,0.9480874316939891
bias,NONE,912,1,0.00030358227079538557,0.9483910139647844
bias,NONE,913,2,0.0006071645415907711,0.9489981785063752
bias,NONE,914,1,0.00030358227079538557,0.9493017607771707
bias,NONE,915,2,0.0006071645415907711,0.9499089253187614
bias,NONE,916,1,0.00030358227079538557,0.9502125075895568
bias,NONE,917,2,0.0006071645415907711,0.9508196721311475
bias,NONE,918,2,0.0006071645415907711,0.9514268366727383
bias,NONE,921,1,0.00030358227079538557,0.9517304189435337
bias,NONE,923,2,0.0006071645415907711,0.9523375834851244
bias,NONE,925,2,0.0006071645415907711,0.9529447480267152
bias,NONE,926,1,0.00030358227079538557,0.9532483302975107
bias,NONE,929,4,0.0012143290831815423,0.9544626593806922
bias,NONE,930,1,0.00030358227079538557,0.9547662416514876
bias,NONE,931,1,0.00030358227079538557,0.9550698239222829
bias,NONE,932,2,0.0006071645415907711,0.9556769884638737
bias,NONE,933,1,0.00030358227079538557,0.9559805707346691
bias,NONE,935,2,0.0006071645415907711,0.9565877352762598
bias,NONE,936,1,0.00030358227079538557,0.9568913175470553
bias,NONE,937,2,0.0006071645415907711,0.9574984820886461
bias,NONE,938,2,0.0006071645415907711,0.9581056466302368
bias,NONE,939,1,0.00030358227079538557,0.9584092289010322
bias,NONE,940,1,0.00030358227079538557,0.9587128111718276
bias,NONE,941,2,0.0006071645415907711,0.9593199757134183
bias,NONE,946,2,0.0006071645415907711,0.9599271402550091
bias,NONE,948,3,0.0009107468123861566,0.9608378870673953
bias,NONE,949,2,0.0006071645415907711,0.9614450516089861
bias,NONE,952,2,0.0006071645415907711,0.9620522161505768
bias,NONE,953,1,0.00030358227079538557,0.9623557984213722
bias,NONE,954,2,0.0006071645415907711,0.9629629629629629
bias,NONE,955,1,0.00030358227079538557,0.9632665452337583
bias,NONE,957,2,0.0006071645415907711,0.9638737097753491
bias,NONE,958,1,0.00030358227079538557,0.9641772920461446
bias,NONE,960,1,0.00030358227079538557,0.9644808743169399
bias,NONE,961,1,0.00030358227079538557,0.9647844565877353
bias,NONE,962,2,0.0006071645415907711,0.9653916211293261
bias,NONE,963,1,0.00030358227079538557,0.9656952034001214
bias,NONE,964,1,0.00030358227079538557,0.9659987856709168
bias,NONE,966,1,0.00030358227079538557,0.9663023679417122
bias,NONE,968,2,0.0006071645415907711,0.966909532483303
bias,NONE,969,1,0.00030358227079538557,0.9672131147540983
bias,NONE,970,1,0.00030358227079538557,0.9675166970248937
bias,NONE,973,1,0.00030358227079538557,0.9678202792956891
bias,NONE,974,1,0.00030358227079538557,0.9681238615664846
bias,NONE,975,3,0.0009107468123861566,0.9690346083788707
bias,NONE,983,3,0.0009107468123861566,0.9699453551912568
bias,NONE,986,1,0.00030358227079538557,0.9702489374620522
bias,NONE,999,2,0.0006071645415907711,0.970856102003643
bias,NONE,1000,1,0.00030358227079538557,0.9711596842744383
bias,NONE,1001,1,0.00030358227079538557,0.9714632665452337
bias,NONE,1007,3,0.0009107468123861566,0.9723740133576199
bias,NONE,1013,1,0.00030358227079538557,0.9726775956284153
bias,NONE,1014,1,0.00030358227079538557,0.9729811778992107
bias,NONE,1018,1,0.00030358227079538557,0.9732847601700061
bias,NONE,1019,1,0.00030358227079538557,0.9735883424408015
bias,NONE,1024,1,0.00030358227079538557,0.9738919247115968
bias,NONE,1027,1,0.00030358227079538557,0.9741955069823922
bias,NONE,1028,1,0.00030358227079538557,0.9744990892531876
bias,NONE,1031,1,0.00030358227079538557,0.974802671523983
bias,NONE,1033,1,0.00030358227079538557,0.9751062537947783
bias,NONE,1034,1,0.00030358227079538557,0.9754098360655737
bias,NONE,1036,1,0.00030358227079538557,0.9757134183363692
bias,NONE,1037,1,0.00030358227079538557,0.9760170006071646
bias,NONE,1038,1,0.00030358227079538557,0.97632058287796
bias,NONE,1040,1,0.00030358227079538557,0.9766241651487553
bias,NONE,1042,1,0.00030358227079538557,0.9769277474195507
bias,NONE,1045,1,0.00030358227079538557,0.9772313296903461
bias,NONE,1048,1,0.00030358227079538557,0.9775349119611415
bias,NONE,1055,1,0.00030358227079538557,0.9778384942319368
bias,NONE,1059,2,0.0006071645415907711,0.9784456587735276
bias,NONE,1062,1,0.00030358227079538557,0.978749241044323
bias,NONE,1065,1,0.00030358227079538557,0.9790528233151184
bias,NONE,1067,1,0.00030358227079538557,0.9793564055859137
bias,NONE,1072,2,0.0006071645415907711,0.9799635701275046
bias,NONE,1073,1,0.00030358227079538557,0.9802671523983
bias,NONE,1074,2,0.0006071645415907711,0.9808743169398907
bias,NONE,1078,1,0.00030358227079538557,0.9811778992106861
bias,NONE,1080,1,0.00030358227079538557,0.9814814814814815
bias,NONE,1087,1,0.00030358227079538557,0.9817850637522769
bias,NONE,1089,1,0.00030358227079538557,0.9820886460230722
bias,NONE,1099,1,0.00030358227079538557,0.9823922282938676
bias,NONE,1108,1,0.00030358227079538557,0.982695810564663
bias,NONE,1109,1,0.00030358227079538557,0.9829993928354585
bias,NONE,1114,1,0.00030358227079538557,0.9833029751062538
bias,NONE,1115,1,0.00030358227079538557,0.9836065573770492
bias,NONE,1117,1,0.00030358227079538557,0.9839101396478446
bias,NONE,1120,1,0.00030358227079538557,0.98421372191864
bias,NONE,1121,1,0.00030358227079538557,0.9845173041894353
bias,NONE,1125,1,0.00030358227079538557,0.9848208864602307
bias,NONE,1128,1,0.00030358227079538557,0.9851244687310261
bias,NONE,1130,1,0.00030358227079538557,0.9854280510018215
bias,NONE,1131,2,0.0006071645415907711,0.9860352155434122
bias,NONE,1136,2,0.0006071645415907711,0.986642380085003
bias,NONE,1137,1,0.00030358227079538557,0.9869459623557985
bias,NONE,1142,1,0.00030358227079538557,0.9872495446265938
bias,NONE,1147,1,0.00030358227079538557,0.9875531268973892
bias,NONE,1156,1,0.00030358227079538557,0.9878567091681846
bias,NONE,1157,1,0.00030358227079538557,0.98816029143898
bias,NONE,1159,1,0.00030358227079538557,0.9884638737097754
bias,NONE,1164,1,0.00030358227079538557,0.9887674559805707
bias,NONE,1174,1,0.00030358227079538557,0.9890710382513661
bias,NONE,1178,1,0.00030358227079538557,0.9893746205221615
bias,NONE,1186,1,0.00030358227079538557,0.9896782027929569
bias,NONE,1187,1,0.00030358227079538557,0.9899817850637522
bias,NONE,1195,1,0.00030358227079538557,0.9902853673345476
bias,NONE,1201,1,0.00030358227079538557,0.990588949605343
bias,NONE,1203,2,0.0006071645415907711,0.9911961141469339
bias,NONE,1211,1,0.00030358227079538557,0.9914996964177292
bias,NONE,1215,2,0.0006071645415907711,0.99210686095932
bias,NONE,1231,1,0.00030358227079538557,0.9924104432301154
bias,NONE,1245,1,0.00030358227079538557,0.9927140255009107
bias,NONE,1252,1,0.00030358227079538557,0.9930176077717061
bias,NONE,1253,1,0.00030358227079538557,0.9933211900425015
bias,NONE,1309,1,0.00030358227079538557,0.9936247723132969
bias,NONE,1340,1,0.00030358227079538557,0.9939283545840923
bias,NONE,1350,1,0.00030358227079538557,0.9942319368548876
bias,NONE,1358,1,0.00030358227079538557,0.994535519125683
bias,NONE,1373,1,0.00030358227079538557,0.9948391013964785
bias,NONE,1427,1,0.00030358227079538557,0.9951426836672739
bias,NONE,1470,1,0.00030358227079538557,0.9954462659380692
bias,NONE,1517,1,0.00030358227079538557,0.9957498482088646
bias,NONE,1527,1,0.00030358227079538557,0.99605343047966
bias,NONE,1537,1,0.00030358227079538557,0.9963570127504554
bias,NONE,1542,1,0.00030358227079538557,0.9966605950212507
bias,NONE,1549,1,0.00030358227079538557,0.9969641772920461
bias,NONE,1554,1,0.00030358227079538557,0.9972677595628415
bias,NONE,1585,1,0.00030358227079538557,0.9975713418336369
bias,NONE,1600,1,0.00030358227079538557,0.9978749241044323
bias,NONE,1609,1,0.00030358227079538557,0.9981785063752276
bias,NONE,1709,1,0.00030358227079538557,0.9984820886460231
bias,NONE,1743,1,0.00030358227079538557,0.9987856709168185
bias,NONE,1779,1,0.00030358227079538557,0.9990892531876139
bias,NONE,1834,1,0.00030358227079538557,0.9993928354584092
bias,NONE,1863,1,0.00030358227079538557,0.9996964177292046
bias,NONE,2042,1,0.00030358227079538557,1.0
bias,MEAN,0,26,0.034574468085106384,0.034574468085106384
bias,MEAN,1,21,0.027925531914893616,0.0625
bias,MEAN,2,19,0.02526595744680851,0.08776595744680851
bias,MEAN,3,28,0.03723404255319149,0.125
bias,MEAN,4,18,0.023936170212765957,0.14893617021276595
bias,MEAN,5,21,0.027925531914893616,0.1768617021276596
bias,MEAN,6,26,0.034574468085106384,0.21143617021276595
bias,MEAN,7,27,0.03590425531914894,0.2473404255319149
bias,MEAN,8,20,0.026595744680851064,0.27393617021276595
bias,MEAN,9,25,0.03324468085106383,0.3071808510638298
bias,MEAN,10,15,0.0199468085106383,0.3271276595744681
bias,MEAN,11,29,0.03856382978723404,0.36569148936170215
bias,MEAN,12,15,0.0199468085106383,0.38563829787234044
bias,MEAN,13,9,0.011968085106382979,0.3976063829787234
bias,MEAN,14,19,0.02526595744680851,0.4228723404255319
bias,MEAN,15,13,0.017287234042553192,0.4401595744680851
bias,MEAN,16,17,0.022606382978723406,0.4627659574468085
bias,MEAN,17,18,0.023936170212765957,0.4867021276595745
bias,MEAN,18,9,0.011968085106382979,0.49867021276595747
bias,MEAN,19,18,0.023936170212765957,0.5226063829787234
bias,MEAN,20,9,0.011968085106382979,0.5345744680851063
bias,MEAN,21,12,0.015957446808510637,0.550531914893617
bias,MEAN,22,16,0.02127659574468085,0.5718085106382979
bias,MEAN,23,16,0.02127659574468085,0.5930851063829787
bias,MEAN,24,13,0.017287234042553192,0.6103723404255319
bias,MEAN,25,10,0.013297872340425532,0.6236702127659575
bias,MEAN,26,13,0.017287234042553192,0.6409574468085106
bias,MEAN,27,8,0.010638297872340425,0.651595744680851
bias,MEAN,28,11,0.014627659574468085,0.6662234042553191
bias,MEAN,29,8,0.010638297872340425,0.6768617021276596
bias,MEAN,30,11,0.014627659574468085,0.6914893617021277
bias,MEAN,31,4,0.005319148936170213,0.6968085106382979
bias,MEAN,32,12,0.015957446808510637,0.7127659574468085
bias,MEAN,33,9,0.011968085106382979,0.7247340425531915
bias,MEAN,34,7,0.009308510638297872,0.7340425531914894
bias,MEAN,35,1,0.0013297872340425532,0.7353723404255319
bias,MEAN,36,13,0.017287234042553192,0.7526595744680851
bias,MEAN,37,10,0.013297872340425532,0.7659574468085106
bias,MEAN,38,7,0.009308510638297872,0.7752659574468085
bias,MEAN,39,7,0.009308510638297872,0.7845744680851063
bias,MEAN,40,3,0.003989361702127659,0.788563829787234
bias,MEAN,41,6,0.007978723404255319,0.7965425531914894
bias,MEAN,42,6,0.007978723404255319,0.8045212765957447
bias,MEAN,43,3,0.003989361702127659,0.8085106382978723
bias,MEAN,44,3,0.003989361702127659,0.8125
bias,MEAN,45,5,0.006648936170212766,0.8191489361702128
bias,MEAN,46,5,0.006648936170212766,0.8257978723404256
bias,MEAN,47,5,0.006648936170212766,0.8324468085106383
bias,MEAN,48,6,0.007978723404255319,0.8404255319148937
bias,MEAN,49,2,0.0026595744680851063,0.8430851063829787
bias,MEAN,50,4,0.005319148936170213,0.848404255319149
bias,MEAN,51,7,0.009308510638297872,0.8577127659574468
bias,MEAN,52,5,0.006648936170212766,0.8643617021276596
bias,MEAN,53,4,0.005319148936170213,0.8696808510638298
bias,MEAN,54,2,0.0026595744680851063,0.8723404255319149
bias,MEAN,55,2,0.0026595744680851063,0.875
bias,MEAN,56,8,0.010638297872340425,0.8856382978723404
bias,MEAN,57,2,0.0026595744680851063,0.8882978723404256
bias,MEAN,58,2,0.0026595744680851063,0.8909574468085106
bias,MEAN,59,2,0.0026595744680851063,0.8936170212765957
bias,MEAN,60,3,0.003989361702127659,0.8976063829787234
bias,MEAN,61,3,0.003989361702127659,0.901595744680851
bias,MEAN,62,4,0.005319148936170213,0.9069148936170213
bias,MEAN,63,2,0.0026595744680851063,0.9095744680851063
bias,MEAN,64,4,0.005319148936170213,0.9148936170212766
bias,MEAN,65,2,0.0026595744680851063,0.9175531914893617
bias,MEAN,66,1,0.0013297872340425532,0.9188829787234043
bias,MEAN,67,2,0.0026595744680851063,0.9215425531914894
bias,MEAN,68,4,0.005319148936170213,0.9268617021276596
bias,MEAN,69,4,0.005319148936170213,0.9321808510638298
bias,MEAN,70,3,0.003989361702127659,0.9361702127659575
bias,MEAN,71,1,0.0013297872340425532,0.9375
bias,MEAN,72,1,0.0013297872340425532,0.9388297872340425
bias,MEAN,74,1,0.0013297872340425532,0.9401595744680851
bias,MEAN,75,2,0.0026595744680851063,0.9428191489361702
bias,MEAN,76,2,0.0026595744680851063,0.9454787234042553
bias,MEAN,77,3,0.003989361702127659,0.949468085106383
bias,MEAN,78,3,0.003989361702127659,0.9534574468085106
bias,MEAN,79,1,0.0013297872340425532,0.9547872340425532
bias,MEAN,80,2,0.0026595744680851063,0.9574468085106383
bias,MEAN,82,2,0.0026595744680851063,0.9601063829787234
bias,MEAN,84,1,0.0013297872340425532,0.961436170212766
bias,MEAN,85,1,0.0013297872340425532,0.9627659574468085
bias,MEAN,86,3,0.003989361702127659,0.9667553191489362
bias,MEAN,87,1,0.0013297872340425532,0.9680851063829787
bias,MEAN,90,2,0.0026595744680851063,0.9707446808510638
bias,MEAN,92,1,0.0013297872340425532,0.9720744680851063
bias,MEAN,96,1,0.0013297872340425532,0.973404255319149
bias,MEAN,97,2,0.0026595744680851063,0.976063829787234
bias,MEAN,98,1,0.0013297872340425532,0.9773936170212766
bias,MEAN,99,1,0.0013297872340425532,0.9787234042553191
bias,MEAN,101,1,0.0013297872340425532,0.9800531914893617
bias,MEAN,104,1,0.0013297872340425532,0.9813829787234043
bias,MEAN,105,2,0.0026595744680851063,0.9840425531914894
bias,MEAN,107,1,0.0013297872340425532,0.9853723404255319
bias,MEAN,108,2,0.0026595744680851063,0.988031914893617
bias,MEAN,109,1,0.0013297872340425532,0.9893617021276596
bias,MEAN,111,1,0.0013297872340425532,0.9906914893617021
bias,MEAN,114,1,0.0013297872340425532,0.9920212765957447
bias,MEAN,115,1,0.0013297872340425532,0.9933510638297872
bias,MEAN,120,1,0.0013297872340425532,0.9946808510638298
bias,MEAN,124,1,0.0013297872340425532,0.9960106382978723
bias,MEAN,126,1,0.0013297872340425532,0.9973404255319149
bias,MEAN,134,1,0.0013297872340425532,0.9986702127659575
bias,MEAN,136,1,0.0013297872340425532,1.0
bias,NEIGHBOR,0,43,0.02129767211490837,0.02129767211490837
bias,NEIGHBOR,1,42,0.020802377414561663,0.04210004952947004
bias,NEIGHBOR,2,39,0.019316493313521546,0.06141654284299158
bias,NEIGHBOR,3,38,0.018821198613174838,0.08023774145616643
bias,NEIGHBOR,4,41,0.02030708271421496,0.10054482417038138
bias,NEIGHBOR,5,38,0.018821198613174838,0.11936602278355622
bias,NEIGHBOR,6,44,0.021792966815255076,0.1411589895988113
bias,NEIGHBOR,7,34,0.016840019811788013,0.1579990094105993
bias,NEIGHBOR,8,26,0.012877662209014363,0.17087667161961367
bias,NEIGHBOR,9,30,0.014858841010401188,0.18573551263001487
bias,NEIGHBOR,10,26,0.012877662209014363,0.1986131748390292
bias,NEIGHBOR,11,27,0.01337295690936107,0.2119861317483903
bias,NEIGHBOR,12,28,0.013868251609707775,0.22585438335809807
bias,NEIGHBOR,13,30,0.014858841010401188,0.24071322436849926
bias,NEIGHBOR,14,24,0.01188707280832095,0.2526002971768202
bias,NEIGHBOR,15,32,0.0158494304110946,0.2684497275879148
bias,NEIGHBOR,16,27,0.01337295690936107,0.2818226844972759
bias,NEIGHBOR,17,25,0.012382367508667657,0.29420505200594355
bias,NEIGHBOR,18,23,0.011391778107974244,0.3055968301139178
bias,NEIGHBOR,19,21,0.010401188707280832,0.3159980188211986
bias,NEIGHBOR,20,23,0.011391778107974244,0.32738979692917286
bias,NEIGHBOR,21,22,0.010896483407627538,0.3382862803368004
bias,NEIGHBOR,22,24,0.01188707280832095,0.3501733531451213
bias,NEIGHBOR,23,24,0.01188707280832095,0.3620604259534423
bias,NEIGHBOR,24,22,0.010896483407627538,0.37295690936106984
bias,NEIGHBOR,25,19,0.009410599306587419,0.38236750866765723
bias,NEIGHBOR,26,19,0.009410599306587419,0.39177810797424467
bias,NEIGHBOR,27,18,0.008915304606240713,0.4006934125804854
bias,NEIGHBOR,28,21,0.010401188707280832,0.4110946012877662
bias,NEIGHBOR,29,12,0.005943536404160475,0.4170381376919267
bias,NEIGHBOR,30,14,0.006934125804853888,0.4239722634967806
bias,NEIGHBOR,31,16,0.0079247152055473,0.4318969787023279
bias,NEIGHBOR,32,18,0.008915304606240713,0.4408122833085686
bias,NEIGHBOR,33,14,0.006934125804853888,0.4477464091134225
bias,NEIGHBOR,34,10,0.004952947003467063,0.45269935611688955
bias,NEIGHBOR,35,23,0.011391778107974244,0.4640911342248638
bias,NEIGHBOR,36,19,0.009410599306587419,0.4735017335314512
bias,NEIGHBOR,37,22,0.010896483407627538,0.48439821693907875
bias,NEIGHBOR,38,7,0.003467062902426944,0.4878652798415057
bias,NEIGHBOR,39,17,0.008420009905894007,0.4962852897473997
bias,NEIGHBOR,40,12,0.005943536404160475,0.5022288261515602
bias,NEIGHBOR,41,10,0.004952947003467063,0.5071817731550272
bias,NEIGHBOR,42,12,0.005943536404160475,0.5131253095591877
bias,NEIGHBOR,43,7,0.003467062902426944,0.5165923724616147
bias,NEIGHBOR,44,12,0.005943536404160475,0.5225359088657752
bias,NEIGHBOR,45,14,0.006934125804853888,0.529470034670629
bias,NEIGHBOR,46,7,0.003467062902426944,0.532937097573056
bias,NEIGHBOR,47,15,0.007429420505200594,0.5403665180782565
bias,NEIGHBOR,48,14,0.006934125804853888,0.5473006438831105
bias,NEIGHBOR,49,11,0.005448241703813769,0.5527488855869243
bias,NEIGHBOR,50,8,0.00396235760277365,0.5567112431896979
bias,NEIGHBOR,51,11,0.005448241703813769,0.5621594848935116
bias,NEIGHBOR,52,13,0.0064388311045071814,0.5685983159980188
bias,NEIGHBOR,53,15,0.007429420505200594,0.5760277365032194
bias,NEIGHBOR,54,10,0.004952947003467063,0.5809806835066865
bias,NEIGHBOR,55,9,0.004457652303120356,0.5854383358098069
bias,NEIGHBOR,56,4,0.001981178801386825,0.5874195146111937
bias,NEIGHBOR,57,12,0.005943536404160475,0.5933630510153541
bias,NEIGHBOR,58,8,0.00396235760277365,0.5973254086181278
bias,NEIGHBOR,59,10,0.004952947003467063,0.6022783556215948
bias,NEIGHBOR,60,10,0.004952947003467063,0.6072313026250619
bias,NEIGHBOR,61,5,0.0024764735017335313,0.6097077761267955
bias,NEIGHBOR,62,7,0.003467062902426944,0.6131748390292224
bias,NEIGHBOR,63,13,0.0064388311045071814,0.6196136701337296
bias,NEIGHBOR,64,3,0.0014858841010401188,0.6210995542347697
bias,NEIGHBOR,65,5,0.0024764735017335313,0.6235760277365032
bias,NEIGHBOR,66,9,0.004457652303120356,0.6280336800396236
bias,NEIGHBOR,67,3,0.0014858841010401188,0.6295195641406637
bias,NEIGHBOR,68,5,0.0024764735017335313,0.6319960376423972
bias,NEIGHBOR,69,5,0.0024764735017335313,0.6344725111441307
bias,NEIGHBOR,70,5,0.0024764735017335313,0.6369489846458642
bias,NEIGHBOR,71,3,0.0014858841010401188,0.6384348687469044
bias,NEIGHBOR,72,5,0.0024764735017335313,0.640911342248638
bias,NEIGHBOR,73,9,0.004457652303120356,0.6453689945517583
bias,NEIGHBOR,74,3,0.0014858841010401188,0.6468548786527984
bias,NEIGHBOR,75,1,0.0004952947003467063,0.6473501733531452
bias,NEIGHBOR,76,3,0.0014858841010401188,0.6488360574541853
bias,NEIGHBOR,77,1,0.0004952947003467063,0.649331352154532
bias,NEIGHBOR,78,4,0.001981178801386825,0.6513125309559188
bias,NEIGHBOR,79,2,0.0009905894006934125,0.6523031203566122
bias,NEIGHBOR,81,5,0.0024764735017335313,0.6547795938583457
bias,NEIGHBOR,82,3,0.0014858841010401188,0.6562654779593858
bias,NEIGHBOR,83,1,0.0004952947003467063,0.6567607726597325
bias,NEIGHBOR,84,7,0.003467062902426944,0.6602278355621595
bias,NEIGHBOR,85,2,0.0009905894006934125,0.6612184249628529
bias,NEIGHBOR,86,1,0.0004952947003467063,0.6617137196631996
bias,NEIGHBOR,87,4,0.001981178801386825,0.6636948984645864
bias,NEIGHBOR,88,1,0.0004952947003467063,0.6641901931649331
bias,NEIGHBOR,89,1,0.0004952947003467063,0.6646854878652798
bias,NEIGHBOR,90,3,0.0014858841010401188,0.6661713719663199
bias,NEIGHBOR,91,4,0.001981178801386825,0.6681525507677067
bias,NEIGHBOR,92,5,0.0024764735017335313,0.6706290242694403
bias,NEIGHBOR,93,5,0.0024764735017335313,0.6731054977711739
bias,NEIGHBOR,94,3,0.0014858841010401188,0.674591381872214
bias,NEIGHBOR,95,2,0.0009905894006934125,0.6755819712729074
bias,NEIGHBOR,97,2,0.0009905894006934125,0.6765725606736008
bias,NEIGHBOR,100,4,0.001981178801386825,0.6785537394749876
bias,NEIGHBOR,101,5,0.0024764735017335313,0.6810302129767212
bias,NEIGHBOR,102,2,0.0009905894006934125,0.6820208023774146
bias,NEIGHBOR,103,1,0.0004952947003467063,0.6825160970777613
bias,NEIGHBOR,105,4,0.001981178801386825,0.6844972758791481
bias,NEIGHBOR,106,2,0.0009905894006934125,0.6854878652798415
bias,NEIGHBOR,107,2,0.0009905894006934125,0.6864784546805349
bias,NEIGHBOR,108,2,0.0009905894006934125,0.6874690440812283
bias,NEIGHBOR,109,3,0.0014858841010401188,0.6889549281822684
bias,NEIGHBOR,110,7,0.003467062902426944,0.6924219910846954
bias,NEIGHBOR,111,3,0.0014858841010401188,0.6939078751857355
bias,NEIGHBOR,112,3,0.0014858841010401188,0.6953937592867756
bias,NEIGHBOR,113,2,0.0009905894006934125,0.696384348687469
bias,NEIGHBOR,114,1,0.0004952947003467063,0.6968796433878157
bias,NEIGHBOR,115,2,0.0009905894006934125,0.6978702327885091
bias,NEIGHBOR,116,2,0.0009905894006934125,0.6988608221892025
bias,NEIGHBOR,117,1,0.0004952947003467063,0.6993561168895492
bias,NEIGHBOR,118,1,0.0004952947003467063,0.6998514115898959
bias,NEIGHBOR,119,1,0.0004952947003467063,0.7003467062902426
bias,NEIGHBOR,120,1,0.0004952947003467063,0.7008420009905894
bias,NEIGHBOR,121,2,0.0009905894006934125,0.7018325903912828
bias,NEIGHBOR,122,2,0.0009905894006934125,0.7028231797919762
bias,NEIGHBOR,124,3,0.0014858841010401188,0.7043090638930164
bias,NEIGHBOR,126,1,0.0004952947003467063,0.7048043585933631
bias,NEIGHBOR,127,1,0.0004952947003467063,0.7052996532937098
bias,NEIGHBOR,128,1,0.0004952947003467063,0.7057949479940565
bias,NEIGHBOR,130,1,0.0004952947003467063,0.7062902426944032
bias,NEIGHBOR,131,2,0.0009905894006934125,0.7072808320950966
bias,NEIGHBOR,132,2,0.0009905894006934125,0.70827142149579
bias,NEIGHBOR,135,2,0.0009905894006934125,0.7092620108964834
bias,NEIGHBOR,136,2,0.0009905894006934125,0.7102526002971769
bias,NEIGHBOR,137,2,0.0009905894006934125,0.7112431896978703
bias,NEIGHBOR,138,1,0.0004952947003467063,0.711738484398217
bias,NEIGHBOR,140,2,0.0009905894006934125,0.7127290737989104
bias,NEIGHBOR,141,3,0.0014858841010401188,0.7142149578999505
bias,NEIGHBOR,143,2,0.0009905894006934125,0.7152055473006439
bias,NEIGHBOR,144,1,0.0004952947003467063,0.7157008420009906
bias,NEIGHBOR,145,1,0.0004952947003467063,0.7161961367013373
bias,NEIGHBOR,147,2,0.0009905894006934125,0.7171867261020307
bias,NEIGHBOR,148,4,0.001981178801386825,0.7191679049034175
bias,NEIGHBOR,149,1,0.0004952947003467063,0.7196631996037642
bias,NEIGHBOR,150,2,0.0009905894006934125,0.7206537890044576
bias,NEIGHBOR,151,2,0.0009905894006934125,0.721644378405151
bias,NEIGHBOR,153,1,0.0004952947003467063,0.7221396731054978
bias,NEIGHBOR,155,3,0.0014858841010401188,0.7236255572065379
bias,NEIGHBOR,156,1,0.0004952947003467063,0.7241208519068846
bias,NEIGHBOR,157,1,0.0004952947003467063,0.7246161466072313
bias,NEIGHBOR,158,1,0.0004952947003467063,0.725111441307578
bias,NEIGHBOR,159,1,0.0004952947003467063,0.7256067360079247
bias,NEIGHBOR,161,1,0.0004952947003467063,0.7261020307082714
bias,NEIGHBOR,163,2,0.0009905894006934125,0.7270926201089648
bias,NEIGHBOR,164,2,0.0009905894006934125,0.7280832095096582
bias,NEIGHBOR,170,1,0.0004952947003467063,0.7285785042100049
bias,NEIGHBOR,173,1,0.0004952947003467063,0.7290737989103516
bias,NEIGHBOR,174,1,0.0004952947003467063,0.7295690936106983
bias,NEIGHBOR,175,2,0.0009905894006934125,0.7305596830113917
bias,NEIGHBOR,176,1,0.0004952947003467063,0.7310549777117384
bias,NEIGHBOR,177,1,0.0004952947003467063,0.7315502724120851
bias,NEIGHBOR,178,1,0.0004952947003467063,0.7320455671124318
bias,NEIGHBOR,179,1,0.0004952947003467063,0.7325408618127786
bias,NEIGHBOR,180,1,0.0004952947003467063,0.7330361565131253
bias,NEIGHBOR,183,1,0.0004952947003467063,0.733531451213472
bias,NEIGHBOR,184,2,0.0009905894006934125,0.7345220406141655
bias,NEIGHBOR,186,1,0.0004952947003467063,0.7350173353145122
bias,NEIGHBOR,187,1,0.0004952947003467063,0.7355126300148589
bias,NEIGHBOR,188,1,0.0004952947003467063,0.7360079247152056
bias,NEIGHBOR,189,1,0.0004952947003467063,0.7365032194155523
bias,NEIGHBOR,191,1,0.0004952947003467063,0.736998514115899
bias,NEIGHBOR,192,1,0.0004952947003467063,0.7374938088162457
bias,NEIGHBOR,197,1,0.0004952947003467063,0.7379891035165924
bias,NEIGHBOR,198,2,0.0009905894006934125,0.7389796929172858
bias,NEIGHBOR,200,2,0.0009905894006934125,0.7399702823179792
bias,NEIGHBOR,201,1,0.0004952947003467063,0.7404655770183259
bias,NEIGHBOR,203,1,0.0004952947003467063,0.7409608717186726
bias,NEIGHBOR,205,3,0.0014858841010401188,0.7424467558197128
bias,NEIGHBOR,206,1,0.0004952947003467063,0.7429420505200595
bias,NEIGHBOR,207,1,0.0004952947003467063,0.7434373452204062
bias,NEIGHBOR,208,2,0.0009905894006934125,0.7444279346210996
bias,NEIGHBOR,211,1,0.0004952947003467063,0.7449232293214463
bias,NEIGHBOR,212,2,0.0009905894006934125,0.7459138187221397
bias,NEIGHBOR,215,1,0.0004952947003467063,0.7464091134224864
bias,NEIGHBOR,216,2,0.0009905894006934125,0.7473997028231798
bias,NEIGHBOR,217,1,0.0004952947003467063,0.7478949975235265
bias,NEIGHBOR,218,2,0.0009905894006934125,0.7488855869242199
bias,NEIGHBOR,221,1,0.0004952947003467063,0.7493808816245666
bias,NEIGHBOR,223,1,0.0004952947003467063,0.7498761763249133
bias,NEIGHBOR,226,1,0.0004952947003467063,0.75037147102526
bias,NEIGHBOR,228,1,0.0004952947003467063,0.7508667657256067
bias,NEIGHBOR,229,1,0.0004952947003467063,0.7513620604259534
bias,NEIGHBOR,232,1,0.0004952947003467063,0.7518573551263001
bias,NEIGHBOR,233,2,0.0009905894006934125,0.7528479445269936
bias,NEIGHBOR,234,1,0.0004952947003467063,0.7533432392273403
bias,NEIGHBOR,237,2,0.0009905894006934125,0.7543338286280337
bias,NEIGHBOR,238,2,0.0009905894006934125,0.7553244180287271
bias,NEIGHBOR,239,1,0.0004952947003467063,0.7558197127290738
bias,NEIGHBOR,244,1,0.0004952947003467063,0.7563150074294205
bias,NEIGHBOR,246,1,0.0004952947003467063,0.7568103021297672
bias,NEIGHBOR,247,2,0.0009905894006934125,0.7578008915304606
bias,NEIGHBOR,249,1,0.0004952947003467063,0.7582961862308073
bias,NEIGHBOR,250,1,0.0004952947003467063,0.758791480931154
bias,NEIGHBOR,252,1,0.0004952947003467063,0.7592867756315007
bias,NEIGHBOR,253,2,0.0009905894006934125,0.7602773650321941
bias,NEIGHBOR,254,1,0.0004952947003467063,0.7607726597325408
bias,NEIGHBOR,257,1,0.0004952947003467063,0.7612679544328875
bias,NEIGHBOR,259,1,0.0004952947003467063,0.7617632491332342
bias,NEIGHBOR,261,1,0.0004952947003467063,0.7622585438335809
bias,NEIGHBOR,262,2,0.0009905894006934125,0.7632491332342743
bias,NEIGHBOR,263,2,0.0009905894006934125,0.7642397226349678
bias,NEIGHBOR,267,2,0.0009905894006934125,0.7652303120356612
bias,NEIGHBOR,269,1,0.0004952947003467063,0.765725606736008
bias,NEIGHBOR,270,1,0.0004952947003467063,0.7662209014363547
bias,NEIGHBOR,272,1,0.0004952947003467063,0.7667161961367014
bias,NEIGHBOR,275,2,0.0009905894006934125,0.7677067855373948
bias,NEIGHBOR,276,1,0.0004952947003467063,0.7682020802377415
bias,NEIGHBOR,277,4,0.001981178801386825,0.7701832590391283
bias,NEIGHBOR,281,2,0.0009905894006934125,0.7711738484398217
bias,NEIGHBOR,283,1,0.0004952947003467063,0.7716691431401684
bias,NEIGHBOR,285,3,0.0014858841010401188,0.7731550272412085
bias,NEIGHBOR,287,1,0.0004952947003467063,0.7736503219415553
bias,NEIGHBOR,290,2,0.0009905894006934125,0.7746409113422487
bias,NEIGHBOR,291,1,0.0004952947003467063,0.7751362060425954
bias,NEIGHBOR,296,1,0.0004952947003467063,0.7756315007429421
bias,NEIGHBOR,297,3,0.0014858841010401188,0.7771173848439822
bias,NEIGHBOR,300,1,0.0004952947003467063,0.7776126795443289
bias,NEIGHBOR,302,2,0.0009905894006934125,0.7786032689450223
bias,NEIGHBOR,303,1,0.0004952947003467063,0.779098563645369
bias,NEIGHBOR,304,1,0.0004952947003467063,0.7795938583457157
bias,NEIGHBOR,307,2,0.0009905894006934125,0.7805844477464091
bias,NEIGHBOR,309,1,0.0004952947003467063,0.7810797424467558
bias,NEIGHBOR,312,2,0.0009905894006934125,0.7820703318474492
bias,NEIGHBOR,313,1,0.0004952947003467063,0.7825656265477959
bias,NEIGHBOR,316,2,0.0009905894006934125,0.7835562159484893
bias,NEIGHBOR,317,1,0.0004952947003467063,0.784051510648836
bias,NEIGHBOR,321,1,0.0004952947003467063,0.7845468053491828
bias,NEIGHBOR,322,1,0.0004952947003467063,0.7850421000495295
bias,NEIGHBOR,324,1,0.0004952947003467063,0.7855373947498762
bias,NEIGHBOR,325,1,0.0004952947003467063,0.7860326894502229
bias,NEIGHBOR,328,1,0.0004952947003467063,0.7865279841505696
bias,NEIGHBOR,330,1,0.0004952947003467063,0.7870232788509163
bias,NEIGHBOR,331,1,0.0004952947003467063,0.787518573551263
bias,NEIGHBOR,337,1,0.0004952947003467063,0.7880138682516097
bias,NEIGHBOR,343,1,0.0004952947003467063,0.7885091629519564
bias,NEIGHBOR,344,1,0.0004952947003467063,0.7890044576523031
bias,NEIGHBOR,348,1,0.0004952947003467063,0.7894997523526498
bias,NEIGHBOR,354,1,0.0004952947003467063,0.7899950470529965
bias,NEIGHBOR,355,1,0.0004952947003467063,0.7904903417533432
bias,NEIGHBOR,359,1,0.0004952947003467063,0.7909856364536899
bias,NEIGHBOR,362,1,0.0004952947003467063,0.7914809311540366
bias,NEIGHBOR,363,1,0.0004952947003467063,0.7919762258543833
bias,NEIGHBOR,364,2,0.0009905894006934125,0.7929668152550767
bias,NEIGHBOR,366,1,0.0004952947003467063,0.7934621099554234
bias,NEIGHBOR,367,1,0.0004952947003467063,0.7939574046557701
bias,NEIGHBOR,368,1,0.0004952947003467063,0.7944526993561168
bias,NEIGHBOR,374,1,0.0004952947003467063,0.7949479940564635
bias,NEIGHBOR,375,1,0.0004952947003467063,0.7954432887568103
bias,NEIGHBOR,380,1,0.0004952947003467063,0.795938583457157
bias,NEIGHBOR,381,1,0.0004952947003467063,0.7964338781575037
bias,NEIGHBOR,387,1,0.0004952947003467063,0.7969291728578505
bias,NEIGHBOR,393,1,0.0004952947003467063,0.7974244675581972
bias,NEIGHBOR,394,1,0.0004952947003467063,0.7979197622585439
bias,NEIGHBOR,398,2,0.0009905894006934125,0.7989103516592373
bias,NEIGHBOR,405,2,0.0009905894006934125,0.7999009410599307
bias,NEIGHBOR,408,1,0.0004952947003467063,0.8003962357602774
bias,NEIGHBOR,411,1,0.0004952947003467063,0.8008915304606241
bias,NEIGHBOR,412,1,0.0004952947003467063,0.8013868251609708
bias,NEIGHBOR,430,2,0.0009905894006934125,0.8023774145616642
bias,NEIGHBOR,435,1,0.0004952947003467063,0.8028727092620109
bias,NEIGHBOR,438,5,0.0024764735017335313,0.8053491827637445
bias,NEIGHBOR,439,1,0.0004952947003467063,0.8058444774640912
bias,NEIGHBOR,440,3,0.0014858841010401188,0.8073303615651313
bias,NEIGHBOR,441,13,0.0064388311045071814,0.8137691926696384
bias,NEIGHBOR,442,1,0.0004952947003467063,0.8142644873699851
bias,NEIGHBOR,446,1,0.0004952947003467063,0.8147597820703318
bias,NEIGHBOR,449,1,0.0004952947003467063,0.8152550767706785
bias,NEIGHBOR,451,1,0.0004952947003467063,0.8157503714710252
bias,NEIGHBOR,455,2,0.0009905894006934125,0.8167409608717187
bias,NEIGHBOR,458,1,0.0004952947003467063,0.8172362555720654
bias,NEIGHBOR,460,1,0.0004952947003467063,0.8177315502724121
bias,NEIGHBOR,461,1,0.0004952947003467063,0.8182268449727588
bias,NEIGHBOR,465,1,0.0004952947003467063,0.8187221396731055
bias,NEIGHBOR,468,1,0.0004952947003467063,0.8192174343734522
bias,NEIGHBOR,470,1,0.0004952947003467063,0.8197127290737989
bias,NEIGHBOR,478,1,0.0004952947003467063,0.8202080237741456
bias,NEIGHBOR,481,2,0.0009905894006934125,0.821198613174839
bias,NEIGHBOR,483,1,0.0004952947003467063,0.8216939078751857
bias,NEIGHBOR,492,2,0.0009905894006934125,0.8226844972758791
bias,NEIGHBOR,495,1,0.0004952947003467063,0.8231797919762258
bias,NEIGHBOR,496,2,0.0009905894006934125,0.8241703813769192
bias,NEIGHBOR,497,2,0.0009905894006934125,0.8251609707776126
bias,NEIGHBOR,498,1,0.0004952947003467063,0.8256562654779593
bias,NEIGHBOR,500,1,0.0004952947003467063,0.826151560178306
bias,NEIGHBOR,503,1,0.0004952947003467063,0.8266468548786527
bias,NEIGHBOR,505,1,0.0004952947003467063,0.8271421495789995
bias,NEIGHBOR,507,2,0.0009905894006934125,0.828132738979693
bias,NEIGHBOR,509,1,0.0004952947003467063,0.8286280336800397
bias,NEIGHBOR,510,1,0.0004952947003467063,0.8291233283803864
bias,NEIGHBOR,513,1,0.0004952947003467063,0.8296186230807331
bias,NEIGHBOR,518,2,0.0009905894006934125,0.8306092124814265
bias,NEIGHBOR,526,1,0.0004952947003467063,0.8311045071817732
bias,NEIGHBOR,527,1,0.0004952947003467063,0.8315998018821199
bias,NEIGHBOR,528,1,0.0004952947003467063,0.8320950965824666
bias,NEIGHBOR,532,2,0.0009905894006934125,0.83308568598316
bias,NEIGHBOR,533,1,0.0004952947003467063,0.8335809806835067
bias,NEIGHBOR,534,1,0.0004952947003467063,0.8340762753838534
bias,NEIGHBOR,536,1,0.0004952947003467063,0.8345715700842001
bias,NEIGHBOR,537,1,0.0004952947003467063,0.8350668647845468
bias,NEIGHBOR,538,1,0.0004952947003467063,0.8355621594848935
bias,NEIGHBOR,541,1,0.0004952947003467063,0.8360574541852402
bias,NEIGHBOR,542,1,0.0004952947003467063,0.836552748885587
bias,NEIGHBOR,543,2,0.0009905894006934125,0.8375433382862804
bias,NEIGHBOR,544,1,0.0004952947003467063,0.8380386329866271
bias,NEIGHBOR,545,1,0.0004952947003467063,0.8385339276869738
bias,NEIGHBOR,546,3,0.0014858841010401188,0.8400198117880139
bias,NEIGHBOR,547,1,0.0004952947003467063,0.8405151064883606
bias,NEIGHBOR,548,3,0.0014858841010401188,0.8420009905894007
bias,NEIGHBOR,550,1,0.0004952947003467063,0.8424962852897474
bias,NEIGHBOR,552,1,0.0004952947003467063,0.8429915799900941
bias,NEIGHBOR,554,1,0.0004952947003467063,0.8434868746904408
bias,NEIGHBOR,555,3,0.0014858841010401188,0.8449727587914809
bias,NEIGHBOR,556,1,0.0004952947003467063,0.8454680534918276
bias,NEIGHBOR,557,1,0.0004952947003467063,0.8459633481921743
bias,NEIGHBOR,560,1,0.0004952947003467063,0.846458642892521
bias,NEIGHBOR,563,1,0.0004952947003467063,0.8469539375928677
bias,NEIGHBOR,572,1,0.0004952947003467063,0.8474492322932144
bias,NEIGHBOR,576,1,0.0004952947003467063,0.8479445269935612
bias,NEIGHBOR,579,1,0.0004952947003467063,0.8484398216939079
bias,NEIGHBOR,580,1,0.0004952947003467063,0.8489351163942546
bias,NEIGHBOR,583,1,0.0004952947003467063,0.8494304110946013
bias,NEIGHBOR,588,1,0.0004952947003467063,0.849925705794948
bias,NEIGHBOR,595,1,0.0004952947003467063,0.8504210004952947
bias,NEIGHBOR,596,1,0.0004952947003467063,0.8509162951956414
bias,NEIGHBOR,598,1,0.0004952947003467063,0.8514115898959881
bias,NEIGHBOR,599,1,0.0004952947003467063,0.8519068845963348
bias,NEIGHBOR,601,1,0.0004952947003467063,0.8524021792966815
bias,NEIGHBOR,602,1,0.0004952947003467063,0.8528974739970282
bias,NEIGHBOR,608,2,0.0009905894006934125,0.8538880633977216
bias,NEIGHBOR,609,1,0.0004952947003467063,0.8543833580980683
bias,NEIGHBOR,610,1,0.0004952947003467063,0.854878652798415
bias,NEIGHBOR,615,1,0.0004952947003467063,0.8553739474987617
bias,NEIGHBOR,620,1,0.0004952947003467063,0.8558692421991084
bias,NEIGHBOR,624,1,0.0004952947003467063,0.8563645368994551
bias,NEIGHBOR,626,1,0.0004952947003467063,0.8568598315998018
bias,NEIGHBOR,628,1,0.0004952947003467063,0.8573551263001485
bias,NEIGHBOR,629,2,0.0009905894006934125,0.858345715700842
bias,NEIGHBOR,630,1,0.0004952947003467063,0.8588410104011887
bias,NEIGHBOR,632,1,0.0004952947003467063,0.8593363051015354
bias,NEIGHBOR,637,1,0.0004952947003467063,0.8598315998018822
bias,NEIGHBOR,640,2,0.0009905894006934125,0.8608221892025756
bias,NEIGHBOR,659,1,0.0004952947003467063,0.8613174839029223
bias,NEIGHBOR,666,1,0.0004952947003467063,0.861812778603269
bias,NEIGHBOR,670,2,0.0009905894006934125,0.8628033680039624
bias,NEIGHBOR,671,1,0.0004952947003467063,0.8632986627043091
bias,NEIGHBOR,672,1,0.0004952947003467063,0.8637939574046558
bias,NEIGHBOR,677,1,0.0004952947003467063,0.8642892521050025
bias,NEIGHBOR,678,1,0.0004952947003467063,0.8647845468053492
bias,NEIGHBOR,679,1,0.0004952947003467063,0.8652798415056959
bias,NEIGHBOR,680,1,0.0004952947003467063,0.8657751362060426
bias,NEIGHBOR,683,1,0.0004952947003467063,0.8662704309063893
bias,NEIGHBOR,684,1,0.0004952947003467063,0.866765725606736
bias,NEIGHBOR,691,1,0.0004952947003467063,0.8672610203070827
bias,NEIGHBOR,707,1,0.0004952947003467063,0.8677563150074294
bias,NEIGHBOR,713,1,0.0004952947003467063,0.8682516097077762
bias,NEIGHBOR,716,1,0.0004952947003467063,0.8687469044081229
bias,NEIGHBOR,717,1,0.0004952947003467063,0.8692421991084696
bias,NEIGHBOR,718,1,0.0004952947003467063,0.8697374938088163
bias,NEIGHBOR,719,1,0.0004952947003467063,0.870232788509163
bias,NEIGHBOR,721,1,0.0004952947003467063,0.8707280832095097
bias,NEIGHBOR,723,1,0.0004952947003467063,0.8712233779098564
bias,NEIGHBOR,724,1,0.0004952947003467063,0.8717186726102031
bias,NEIGHBOR,725,1,0.0004952947003467063,0.8722139673105498
bias,NEIGHBOR,731,1,0.0004952947003467063,0.8727092620108965
bias,NEIGHBOR,736,1,0.0004952947003467063,0.8732045567112432
bias,NEIGHBOR,741,1,0.0004952947003467063,0.8736998514115899
bias,NEIGHBOR,743,1,0.0004952947003467063,0.8741951461119366
bias,NEIGHBOR,747,1,0.0004952947003467063,0.8746904408122833
bias,NEIGHBOR,748,1,0.0004952947003467063,0.87518573551263
bias,NEIGHBOR,755,1,0.0004952947003467063,0.8756810302129767
bias,NEIGHBOR,757,1,0.0004952947003467063,0.8761763249133234
bias,NEIGHBOR,761,2,0.0009905894006934125,0.8771669143140168
bias,NEIGHBOR,775,1,0.0004952947003467063,0.8776622090143635
bias,NEIGHBOR,785,1,0.0004952947003467063,0.8781575037147102
bias,NEIGHBOR,786,2,0.0009905894006934125,0.8791480931154037
bias,NEIGHBOR,791,1,0.0004952947003467063,0.8796433878157504
bias,NEIGHBOR,794,1,0.0004952947003467063,0.8801386825160971
bias,NEIGHBOR,806,1,0.0004952947003467063,0.8806339772164438
bias,NEIGHBOR,811,1,0.0004952947003467063,0.8811292719167905
bias,NEIGHBOR,814,1,0.0004952947003467063,0.8816245666171372
bias,NEIGHBOR,817,2,0.0009905894006934125,0.8826151560178306
bias,NEIGHBOR,823,1,0.0004952947003467063,0.8831104507181773
bias,NEIGHBOR,830,1,0.0004952947003467063,0.883605745418524
bias,NEIGHBOR,838,1,0.0004952947003467063,0.8841010401188707
bias,NEIGHBOR,843,1,0.0004952947003467063,0.8845963348192174
bias,NEIGHBOR,851,1,0.0004952947003467063,0.8850916295195641
bias,NEIGHBOR,857,1,0.0004952947003467063,0.8855869242199108
bias,NEIGHBOR,861,1,0.0004952947003467063,0.8860822189202575
bias,NEIGHBOR,862,1,0.0004952947003467063,0.8865775136206042
bias,NEIGHBOR,870,1,0.0004952947003467063,0.8870728083209509
bias,NEIGHBOR,894,1,0.0004952947003467063,0.8875681030212976
bias,NEIGHBOR,900,1,0.0004952947003467063,0.8880633977216443
bias,NEIGHBOR,908,1,0.0004952947003467063,0.888558692421991
bias,NEIGHBOR,909,1,0.0004952947003467063,0.8890539871223377
bias,NEIGHBOR,912,1,0.0004952947003467063,0.8895492818226844
bias,NEIGHBOR,913,1,0.0004952947003467063,0.8900445765230312
bias,NEIGHBOR,921,1,0.0004952947003467063,0.8905398712233779
bias,NEIGHBOR,929,1,0.0004952947003467063,0.8910351659237247
bias,NEIGHBOR,936,1,0.0004952947003467063,0.8915304606240714
bias,NEIGHBOR,937,1,0.0004952947003467063,0.8920257553244181
bias,NEIGHBOR,950,1,0.0004952947003467063,0.8925210500247648
bias,NEIGHBOR,955,1,0.0004952947003467063,0.8930163447251115
bias,NEIGHBOR,957,1,0.0004952947003467063,0.8935116394254582
bias,NEIGHBOR,958,1,0.0004952947003467063,0.8940069341258049
bias,NEIGHBOR,966,1,0.0004952947003467063,0.8945022288261516
bias,NEIGHBOR,968,1,0.0004952947003467063,0.8949975235264983
bias,NEIGHBOR,973,2,0.0009905894006934125,0.8959881129271917
bias,NEIGHBOR,975,1,0.0004952947003467063,0.8964834076275384
bias,NEIGHBOR,982,1,0.0004952947003467063,0.8969787023278851
bias,NEIGHBOR,984,1,0.0004952947003467063,0.8974739970282318
bias,NEIGHBOR,995,1,0.0004952947003467063,0.8979692917285785
bias,NEIGHBOR,1020,1,0.0004952947003467063,0.8984645864289252
bias,NEIGHBOR,1024,1,0.0004952947003467063,0.8989598811292719
bias,NEIGHBOR,1028,1,0.0004952947003467063,0.8994551758296186
bias,NEIGHBOR,1030,1,0.0004952947003467063,0.8999504705299654
bias,NEIGHBOR,1033,1,0.0004952947003467063,0.9004457652303121
bias,NEIGHBOR,1049,1,0.0004952947003467063,0.9009410599306588
bias,NEIGHBOR,1056,2,0.0009905894006934125,0.9019316493313522
bias,NEIGHBOR,1063,1,0.0004952947003467063,0.9024269440316989
bias,NEIGHBOR,1066,1,0.0004952947003467063,0.9029222387320456
bias,NEIGHBOR,1071,1,0.0004952947003467063,0.9034175334323923
bias,NEIGHBOR,1072,1,0.0004952947003467063,0.903912828132739
bias,NEIGHBOR,1074,1,0.0004952947003467063,0.9044081228330857
bias,NEIGHBOR,1078,1,0.0004952947003467063,0.9049034175334324
bias,NEIGHBOR,1079,1,0.0004952947003467063,0.9053987122337791
bias,NEIGHBOR,1081,1,0.0004952947003467063,0.9058940069341258
bias,NEIGHBOR,1082,1,0.0004952947003467063,0.9063893016344725
bias,NEIGHBOR,1084,2,0.0009905894006934125,0.9073798910351659
bias,NEIGHBOR,1091,1,0.0004952947003467063,0.9078751857355126
bias,NEIGHBOR,1095,1,0.0004952947003467063,0.9083704804358593
bias,NEIGHBOR,1096,1,0.0004952947003467063,0.908865775136206
bias,NEIGHBOR,1098,1,0.0004952947003467063,0.9093610698365527
bias,NEIGHBOR,1100,1,0.0004952947003467063,0.9098563645368994
bias,NEIGHBOR,1106,1,0.0004952947003467063,0.9103516592372461
bias,NEIGHBOR,1130,1,0.0004952947003467063,0.9108469539375929
bias,NEIGHBOR,1139,1,0.0004952947003467063,0.9113422486379396
bias,NEIGHBOR,1147,1,0.0004952947003467063,0.9118375433382863
bias,NEIGHBOR,1153,1,0.0004952947003467063,0.912332838038633
bias,NEIGHBOR,1158,1,0.0004952947003467063,0.9128281327389797
bias,NEIGHBOR,1167,1,0.0004952947003467063,0.9133234274393264
bias,NEIGHBOR,1173,1,0.0004952947003467063,0.9138187221396731
bias,NEIGHBOR,1177,1,0.0004952947003467063,0.9143140168400198
bias,NEIGHBOR,1195,1,0.0004952947003467063,0.9148093115403665
bias,NEIGHBOR,1196,1,0.0004952947003467063,0.9153046062407132
bias,NEIGHBOR,1201,1,0.0004952947003467063,0.9157999009410599
bias,NEIGHBOR,1202,1,0.0004952947003467063,0.9162951956414066
bias,NEIGHBOR,1205,1,0.0004952947003467063,0.9167904903417533
bias,NEIGHBOR,1212,1,0.0004952947003467063,0.9172857850421
bias,NEIGHBOR,1215,1,0.0004952947003467063,0.9177810797424467
bias,NEIGHBOR,1220,1,0.0004952947003467063,0.9182763744427934
bias,NEIGHBOR,1221,1,0.0004952947003467063,0.9187716691431401
bias,NEIGHBOR,1222,1,0.0004952947003467063,0.9192669638434868
bias,NEIGHBOR,1223,1,0.0004952947003467063,0.9197622585438335
bias,NEIGHBOR,1224,1,0.0004952947003467063,0.9202575532441802
bias,NEIGHBOR,1237,1,0.0004952947003467063,0.9207528479445269
bias,NEIGHBOR,1238,1,0.0004952947003467063,0.9212481426448736
bias,NEIGHBOR,1244,1,0.0004952947003467063,0.9217434373452204
bias,NEIGHBOR,1252,1,0.0004952947003467063,0.9222387320455672
bias,NEIGHBOR,1255,1,0.0004952947003467063,0.9227340267459139
bias,NEIGHBOR,1257,1,0.0004952947003467063,0.9232293214462606
bias,NEIGHBOR,1258,1,0.0004952947003467063,0.9237246161466073
bias,NEIGHBOR,1266,1,0.0004952947003467063,0.924219910846954
bias,NEIGHBOR,1283,1,0.0004952947003467063,0.9247152055473007
bias,NEIGHBOR,1285,1,0.0004952947003467063,0.9252105002476474
bias,NEIGHBOR,1286,1,0.0004952947003467063,0.9257057949479941
bias,NEIGHBOR,1321,1,0.0004952947003467063,0.9262010896483408
bias,NEIGHBOR,1322,1,0.0004952947003467063,0.9266963843486875
bias,NEIGHBOR,1326,1,0.0004952947003467063,0.9271916790490342
bias,NEIGHBOR,1329,1,0.0004952947003467063,0.9276869737493809
bias,NEIGHBOR,1342,1,0.0004952947003467063,0.9281822684497276
bias,NEIGHBOR,1356,1,0.0004952947003467063,0.9286775631500743
bias,NEIGHBOR,1361,1,0.0004952947003467063,0.929172857850421
bias,NEIGHBOR,1390,1,0.0004952947003467063,0.9296681525507677
bias,NEIGHBOR,1394,1,0.0004952947003467063,0.9301634472511144
bias,NEIGHBOR,1413,1,0.0004952947003467063,0.9306587419514611
bias,NEIGHBOR,1418,1,0.0004952947003467063,0.9311540366518078
bias,NEIGHBOR,1434,1,0.0004952947003467063,0.9316493313521546
bias,NEIGHBOR,1482,1,0.0004952947003467063,0.9321446260525013
bias,NEIGHBOR,1496,1,0.0004952947003467063,0.932639920752848
bias,NEIGHBOR,1511,1,0.0004952947003467063,0.9331352154531947
bias,NEIGHBOR,1512,1,0.0004952947003467063,0.9336305101535414
bias,NEIGHBOR,1517,1,0.0004952947003467063,0.9341258048538881
bias,NEIGHBOR,1523,1,0.0004952947003467063,0.9346210995542348
bias,NEIGHBOR,1526,1,0.0004952947003467063,0.9351163942545815
bias,NEIGHBOR,1548,1,0.0004952947003467063,0.9356116889549282
bias,NEIGHBOR,1562,1,0.0004952947003467063,0.9361069836552749
bias,NEIGHBOR,1563,1,0.0004952947003467063,0.9366022783556216
bias,NEIGHBOR,1575,1,0.0004952947003467063,0.9370975730559683
bias,NEIGHBOR,1576,1,0.0004952947003467063,0.937592867756315
bias,NEIGHBOR,1588,1,0.0004952947003467063,0.9380881624566617
bias,NEIGHBOR,1595,1,0.0004952947003467063,0.9385834571570084
bias,NEIGHBOR,1604,1,0.0004952947003467063,0.9390787518573551
bias,NEIGHBOR,1620,1,0.0004952947003467063,0.9395740465577018
bias,NEIGHBOR,1622,1,0.0004952947003467063,0.9400693412580485
bias,NEIGHBOR,1624,1,0.0004952947003467063,0.9405646359583952
bias,NEIGHBOR,1638,1,0.0004952947003467063,0.9410599306587419
bias,NEIGHBOR,1640,1,0.0004952947003467063,0.9415552253590886
bias,NEIGHBOR,1653,1,0.0004952947003467063,0.9420505200594353
bias,NEIGHBOR,1682,1,0.0004952947003467063,0.942545814759782
bias,NEIGHBOR,1692,1,0.0004952947003467063,0.9430411094601288
bias,NEIGHBOR,1721,1,0.0004952947003467063,0.9435364041604755
bias,NEIGHBOR,1726,1,0.0004952947003467063,0.9440316988608222
bias,NEIGHBOR,1739,1,0.0004952947003467063,0.9445269935611689
bias,NEIGHBOR,1770,1,0.0004952947003467063,0.9450222882615156
bias,NEIGHBOR,1776,1,0.0004952947003467063,0.9455175829618623
bias,NEIGHBOR,1781,1,0.0004952947003467063,0.946012877662209
bias,NEIGHBOR,1785,1,0.0004952947003467063,0.9465081723625557
bias,NEIGHBOR,1823,1,0.0004952947003467063,0.9470034670629024
bias,NEIGHBOR,1841,1,0.0004952947003467063,0.9474987617632491
bias,NEIGHBOR,1846,1,0.0004952947003467063,0.9479940564635958
bias,NEIGHBOR,1862,1,0.0004952947003467063,0.9484893511639425
bias,NEIGHBOR,1874,1,0.0004952947003467063,0.9489846458642892
bias,NEIGHBOR,1878,1,0.0004952947003467063,0.9494799405646359
bias,NEIGHBOR,1881,1,0.0004952947003467063,0.9499752352649826
bias,NEIGHBOR,1884,1,0.0004952947003467063,0.9504705299653293
bias,NEIGHBOR,1888,1,0.0004952947003467063,0.950965824665676
bias,NEIGHBOR,1891,1,0.0004952947003467063,0.9514611193660227
bias,NEIGHBOR,1905,1,0.0004952947003467063,0.9519564140663694
bias,NEIGHBOR,1909,1,0.0004952947003467063,0.9524517087667161
bias,NEIGHBOR,1936,1,0.0004952947003467063,0.9529470034670628
bias,NEIGHBOR,1939,1,0.0004952947003467063,0.9534422981674097
bias,NEIGHBOR,1959,1,0.0004952947003467063,0.9539375928677564
bias,NEIGHBOR,1990,1,0.0004952947003467063,0.9544328875681031
bias,NEIGHBOR,2013,1,0.0004952947003467063,0.9549281822684498
bias,NEIGHBOR,2022,1,0.0004952947003467063,0.9554234769687965
bias,NEIGHBOR,2040,2,0.0009905894006934125,0.9564140663694899
bias,NEIGHBOR,2062,1,0.0004952947003467063,0.9569093610698366
bias,NEIGHBOR,2071,1,0.0004952947003467063,0.9574046557701833
bias,NEIGHBOR,2072,1,0.0004952947003467063,0.95789995047053
bias,NEIGHBOR,2098,1,0.0004952947003467063,0.9583952451708767
bias,NEIGHBOR,2129,1,0.0004952947003467063,0.9588905398712234
bias,NEIGHBOR,2130,1,0.0004952947003467063,0.9593858345715701
bias,NEIGHBOR,2132,1,0.0004952947003467063,0.9598811292719168
bias,NEIGHBOR,2141,1,0.0004952947003467063,0.9603764239722635
bias,NEIGHBOR,2142,1,0.0004952947003467063,0.9608717186726102
bias,NEIGHBOR,2149,1,0.0004952947003467063,0.9613670133729569
bias,NEIGHBOR,2158,1,0.0004952947003467063,0.9618623080733036
bias,NEIGHBOR,2159,1,0.0004952947003467063,0.9623576027736503
bias,NEIGHBOR,2163,1,0.0004952947003467063,0.962852897473997
bias,NEIGHBOR,2168,1,0.0004952947003467063,0.9633481921743438
bias,NEIGHBOR,2171,1,0.0004952947003467063,0.9638434868746905
bias,NEIGHBOR,2173,1,0.0004952947003467063,0.9643387815750372
bias,NEIGHBOR,2174,1,0.0004952947003467063,0.9648340762753839
bias,NEIGHBOR,2175,1,0.0004952947003467063,0.9653293709757306
bias,NEIGHBOR,2178,1,0.0004952947003467063,0.9658246656760773
bias,NEIGHBOR,2217,1,0.0004952947003467063,0.966319960376424
bias,NEIGHBOR,2222,1,0.0004952947003467063,0.9668152550767707
bias,NEIGHBOR,2225,1,0.0004952947003467063,0.9673105497771174
bias,NEIGHBOR,2229,1,0.0004952947003467063,0.9678058444774641
bias,NEIGHBOR,2242,1,0.0004952947003467063,0.9683011391778108
bias,NEIGHBOR,2244,1,0.0004952947003467063,0.9687964338781575
bias,NEIGHBOR,2248,1,0.0004952947003467063,0.9692917285785042
bias,NEIGHBOR,2249,1,0.0004952947003467063,0.9697870232788509
bias,NEIGHBOR,2254,1,0.0004952947003467063,0.9702823179791976
bias,NEIGHBOR,2255,1,0.0004952947003467063,0.9707776126795443
bias,NEIGHBOR,2258,1,0.0004952947003467063,0.971272907379891
bias,NEIGHBOR,2277,1,0.0004952947003467063,0.9717682020802377
bias,NEIGHBOR,2295,1,0.0004952947003467063,0.9722634967805844
bias,NEIGHBOR,2318,1,0.0004952947003467063,0.9727587914809311
bias,NEIGHBOR,2320,1,0.0004952947003467063,0.9732540861812778
bias,NEIGHBOR,2321,1,0.0004952947003467063,0.9737493808816245
bias,NEIGHBOR,2331,1,0.0004952947003467063,0.9742446755819713
bias,NEIGHBOR,2333,1,0.0004952947003467063,0.974739970282318
bias,NEIGHBOR,2350,1,0.0004952947003467063,0.9752352649826647
bias,NEIGHBOR,2365,1,0.0004952947003467063,0.9757305596830114
bias,NEIGHBOR,2369,1,0.0004952947003467063,0.9762258543833581
bias,NEIGHBOR,2378,1,0.0004952947003467063,0.9767211490837048
bias,NEIGHBOR,2379,1,0.0004952947003467063,0.9772164437840515
bias,NEIGHBOR,2381,1,0.0004952947003467063,0.9777117384843982
bias,NEIGHBOR,2393,2,0.0009905894006934125,0.9787023278850916
bias,NEIGHBOR,2396,1,0.0004952947003467063,0.9791976225854383
bias,NEIGHBOR,2397,1,0.0004952947003467063,0.979692917285785
bias,NEIGHBOR,2399,1,0.0004952947003467063,0.9801882119861317
bias,NEIGHBOR,2402,1,0.0004952947003467063,0.9806835066864784
bias,NEIGHBOR,2411,1,0.0004952947003467063,0.9811788013868251
bias,NEIGHBOR,2418,1,0.0004952947003467063,0.9816740960871718
bias,NEIGHBOR,2423,1,0.0004952947003467063,0.9821693907875185
bias,NEIGHBOR,2450,1,0.0004952947003467063,0.9826646854878652
bias,NEIGHBOR,2462,1,0.0004952947003467063,0.9831599801882119
bias,NEIGHBOR,2481,1,0.0004952947003467063,0.9836552748885586
bias,NEIGHBOR,2484,1,0.0004952947003467063,0.9841505695889053
bias,NEIGHBOR,2487,1,0.0004952947003467063,0.9846458642892522
bias,NEIGHBOR,2489,1,0.0004952947003467063,0.9851411589895989
bias,NEIGHBOR,2490,1,0.0004952947003467063,0.9856364536899456
bias,NEIGHBOR,2498,1,0.0004952947003467063,0.9861317483902923
bias,NEIGHBOR,2519,1,0.0004952947003467063,0.986627043090639
bias,NEIGHBOR,2531,1,0.0004952947003467063,0.9871223377909857
bias,NEIGHBOR,2547,1,0.0004952947003467063,0.9876176324913324
bias,NEIGHBOR,2554,1,0.0004952947003467063,0.9881129271916791
bias,NEIGHBOR,2557,1,0.0004952947003467063,0.9886082218920258
bias,NEIGHBOR,2563,1,0.0004952947003467063,0.9891035165923725
bias,NEIGHBOR,2568,1,0.0004952947003467063,0.9895988112927192
bias,NEIGHBOR,2582,1,0.0004952947003467063,0.9900941059930659
bias,NEIGHBOR,2609,1,0.0004952947003467063,0.9905894006934126
bias,NEIGHBOR,2615,1,0.0004952947003467063,0.9910846953937593
bias,NEIGHBOR,2626,1,0.0004952947003467063,0.991579990094106
bias,NEIGHBOR,2629,1,0.0004952947003467063,0.9920752847944527
bias,NEIGHBOR,2700,1,0.0004952947003467063,0.9925705794947994
bias,NEIGHBOR,2704,1,0.0004952947003467063,0.9930658741951461
bias,NEIGHBOR,2756,1,0.0004952947003467063,0.9935611688954928
bias,NEIGHBOR,2793,1,0.0004952947003467063,0.9940564635958395
bias,NEIGHBOR,2852,1,0.0004952947003467063,0.9945517582961863
bias,NEIGHBOR,2864,1,0.0004952947003467063,0.995047052996533
bias,NEIGHBOR,2877,1,0.0004952947003467063,0.9955423476968797
bias,NEIGHBOR,2881,1,0.0004952947003467063,0.9960376423972264
bias,NEIGHBOR,2931,1,0.0004952947003467063,0.9965329370975731
bias,NEIGHBOR,3097,1,0.0004952947003467063,0.9970282317979198
bias,NEIGHBOR,3204,1,0.0004952947003467063,0.9975235264982665
bias,NEIGHBOR,3250,1,0.0004952947003467063,0.9980188211986132
bias,NEIGHBOR,3332,1,0.0004952947003467063,0.9985141158989599
bias,NEIGHBOR,3341,1,0.0004952947003467063,0.9990094105993066
bias,NEIGHBOR,3444,1,0.0004952947003467063,0.9995047052996533
bias,NEIGHBOR,3698,1,0.0004952947003467063,1.0
buffer,NONE,0,41,0.05452127659574468,0.05452127659574468
buffer,NONE,1,49,0.06515957446808511,0.1196808510638298
buffer,NONE,2,83,0.11037234042553191,0.2300531914893617
buffer,NONE,3,104,0.13829787234042554,0.3683510638297872
buffer,NONE,4,77,0.1023936170212766,0.47074468085106386
buffer,NONE,5,47,0.0625,0.5332446808510638
buffer,NONE,6,36,0.047872340425531915,0.5811170212765957
buffer,NONE,7,18,0.023936170212765957,0.6050531914893617
buffer,NONE,8,15,0.0199468085106383,0.625
buffer,NONE,9,13,0.017287234042553192,0.6422872340425532
buffer,NONE,10,10,0.013297872340425532,0.6555851063829787
buffer,NONE,11,5,0.006648936170212766,0.6622340425531915
buffer,NONE,12,10,0.013297872340425532,0.675531914893617
buffer,NONE,13,10,0.013297872340425532,0.6888297872340425
buffer,NONE,14,15,0.0199468085106383,0.7087765957446809
buffer,NONE,15,10,0.013297872340425532,0.7220744680851063
buffer,NONE,16,8,0.010638297872340425,0.7327127659574468
buffer,NONE,17,5,0.006648936170212766,0.7393617021276596
buffer,NONE,18,6,0.007978723404255319,0.7473404255319149
buffer,NONE,19,6,0.007978723404255319,0.7553191489361702
buffer,NONE,20,4,0.005319148936170213,0.7606382978723404
buffer,NONE,21,1,0.0013297872340425532,0.761968085106383
buffer,NONE,22,5,0.006648936170212766,0.7686170212765957
buffer,NONE,23,5,0.006648936170212766,0.7752659574468085
buffer,NONE,24,9,0.011968085106382979,0.7872340425531915
buffer,NONE,25,8,0.010638297872340425,0.7978723404255319
buffer,NONE,26,4,0.005319148936170213,0.8031914893617021
buffer,NONE,27,6,0.007978723404255319,0.8111702127659575
buffer,NONE,28,3,0.003989361702127659,0.8151595744680851
buffer,NONE,29,4,0.005319148936170213,0.8204787234042553
buffer,NONE,30,4,0.005319148936170213,0.8257978723404256
buffer,NONE,31,7,0.009308510638297872,0.8351063829787234
buffer,NONE,32,1,0.0013297872340425532,0.836436170212766
buffer,NONE,33,4,0.005319148936170213,0.8417553191489362
buffer,NONE,34,7,0.009308510638297872,0.851063829787234
buffer,NONE,35,2,0.0026595744680851063,0.8537234042553191
buffer,NONE,36,5,0.006648936170212766,0.8603723404255319
buffer,NONE,37,6,0.007978723404255319,0.8683510638297872
buffer,NONE,38,3,0.003989361702127659,0.8723404255319149
buffer,NONE,39,6,0.007978723404255319,0.8803191489361702
buffer,NONE,40,4,0.005319148936170213,0.8856382978723404
buffer,NONE,41,3,0.003989361702127659,0.8896276595744681
buffer,NONE,42,4,0.005319148936170213,0.8949468085106383
buffer,NONE,43,3,0.003989361702127659,0.898936170212766
buffer,NONE,44,2,0.0026595744680851063,0.901595744680851
buffer,NONE,45,5,0.006648936170212766,0.9082446808510638
buffer,NONE,46,3,0.003989361702127659,0.9122340425531915
buffer,NONE,47,3,0.003989361702127659,0.9162234042553191
buffer,NONE,48,7,0.009308510638297872,0.925531914893617
buffer,NONE,49,1,0.0013297872340425532,0.9268617021276596
buffer,NONE,50,2,0.0026595744680851063,0.9295212765957447
buffer,NONE,52,2,0.0026595744680851063,0.9321808510638298
buffer,NONE,53,3,0.003989361702127659,0.9361702127659575
buffer,NONE,54,4,0.005319148936170213,0.9414893617021277
buffer,NONE,55,1,0.0013297872340425532,0.9428191489361702
buffer,NONE,57,2,0.0026595744680851063,0.9454787234042553
buffer,NONE,58,2,0.0026595744680851063,0.9481382978723404
buffer,NONE,59,1,0.0013297872340425532,0.949468085106383
buffer,NONE,60,1,0.0013297872340425532,0.9507978723404256
buffer,NONE,61,2,0.0026595744680851063,0.9534574468085106
buffer,NONE,63,4,0.005319148936170213,0.9587765957446809
buffer,NONE,64,1,0.0013297872340425532,0.9601063829787234
buffer,NONE,65,2,0.0026595744680851063,0.9627659574468085
buffer,NONE,66,2,0.0026595744680851063,0.9654255319148937
buffer,NONE,67,1,0.0013297872340425532,0.9667553191489362
buffer,NONE,68,1,0.0013297872340425532,0.9680851063829787
buffer,NONE,74,1,0.0013297872340425532,0.9694148936170213
buffer,NONE,77,1,0.0013297872340425532,0.9707446808510638
buffer,NONE,80,2,0.0026595744680851063,0.973404255319149
buffer,NONE,82,1,0.0013297872340425532,0.9747340425531915
buffer,NONE,84,2,0.0026595744680851063,0.9773936170212766
buffer,NONE,87,1,0.0013297872340425532,0.9787234042553191
buffer,NONE,93,1,0.0013297872340425532,0.9800531914893617
buffer,NONE,94,1,0.0013297872340425532,0.9813829787234043
buffer,NONE,97,1,0.0013297872340425532,0.9827127659574468
buffer,NONE,101,1,0.0013297872340425532,0.9840425531914894
buffer,NONE,110,1,0.0013297872340425532,0.9853723404255319
buffer,NONE,112,2,0.0026595744680851063,0.988031914893617
buffer,NONE,117,1,0.0013297872340425532,0.9893617021276596
buffer,NONE,119,1,0.0013297872340425532,0.9906914893617021
buffer,NONE,124,1,0.0013297872340425532,0.9920212765957447
buffer,NONE,138,1,0.0013297872340425532,0.9933510638297872
buffer,NONE,140,1,0.0013297872340425532,0.9946808510638298
buffer,NONE,146,1,0.0013297872340425532,0.9960106382978723
buffer,NONE,149,1,0.0013297872340425532,0.9973404255319149
buffer,NONE,1172,1,0.0013297872340425532,0.9986702127659575
buffer,NONE,2038,1,0.0013297872340425532,1.0
