id,name,type,bitwidth,num_elements,regularBins,bypassBins,totalBins,ops_total,mem,branches,loops,bins_per_weight,ops_per_bin,branches_per_bin,mem_per_bin,ops_per_weight
0,features.0.0.weight,weight,8,1728,7628,3682,11310,133357,23380,41566,5544,6.545138888888889,11.791069849690539,3.675154730327144,2.0671971706454464,77.17418981481481
1,features.0.1.weight,weight,8,64,0,513,513,3795,64,752,512,8.015625,7.39766081871345,1.46588693957115,0.12475633528265107,59.296875
2,features.0.1.bias,bias,12,64,0,769,769,6044,96,1235,832,12.015625,7.859557867360208,1.6059817945383614,0.12483745123537061,94.4375
3,features.1.0.block.0.0.weight,weight,8,576,2553,1095,3648,43866,7903,13909,1790,6.333333333333333,12.024671052631579,3.8127741228070176,2.166392543859649,76.15625
4,features.1.0.block.0.1.weight,weight,8,64,0,513,513,3879,64,780,512,8.015625,7.56140350877193,1.5204678362573099,0.12475633528265107,60.609375
5,features.1.0.block.0.1.bias,bias,12,64,0,769,769,6080,96,1247,832,12.015625,7.906371911573472,1.621586475942783,0.12483745123537061,95.0
6,features.1.0.block.1.fc1.weight,weight,8,1024,4131,2482,6613,75800,12853,23406,3329,6.4580078125,11.462271283834871,3.5393921064569787,1.9435959473763798,74.0234375
7,features.1.0.block.1.fc1.bias,bias,12,16,0,193,193,1582,25,332,208,12.0625,8.196891191709845,1.7202072538860103,0.12953367875647667,98.875
8,features.1.0.block.1.fc2.weight,weight,8,1024,0,8193,8193,64818,1024,13413,8192,8.0009765625,7.911387770047601,1.637129256682534,0.1249847430733553,63.298828125
9,features.1.0.block.1.fc2.bias,bias,12,64,0,769,769,5876,96,1179,832,12.015625,7.64109232769831,1.5331599479843954,0.12483745123537061,91.8125
10,features.1.0.block.2.0.weight,weight,8,2048,9316,5638,14954,170065,28348,52630,7800,7.3017578125,11.372542463554902,3.5194596763407784,1.8956800855958271,83.03955078125
11,features.1.0.block.2.1.weight,weight,8,32,0,257,257,1992,32,407,256,8.03125,7.750972762645914,1.583657587548638,0.1245136186770428,62.25
12,features.1.0.block.2.1.bias,bias,12,32,0,385,385,3025,48,618,416,12.03125,7.857142857142857,1.6051948051948053,0.12467532467532468,94.53125
13,features.1.1.block.0.0.weight,weight,8,288,1361,974,2335,25602,4055,7633,1219,8.10763888888889,10.964453961456103,3.268950749464668,1.7366167023554604,88.89583333333333
14,features.1.1.block.0.1.weight,weight,8,32,0,257,257,1959,32,396,256,8.03125,7.622568093385214,1.5408560311284047,0.1245136186770428,61.21875
15,features.1.1.block.0.1.bias,bias,12,32,0,385,385,2974,48,601,416,12.03125,7.724675324675324,1.561038961038961,0.12467532467532468,92.9375
16,features.1.1.block.1.fc1.weight,weight,8,256,1112,513,1625,19360,3463,6126,797,6.34765625,11.913846153846153,3.769846153846154,2.131076923076923,75.625
17,features.1.1.block.1.fc1.bias,bias,12,8,0,97,97,802,12,169,104,12.125,8.268041237113403,1.7422680412371134,0.12371134020618557,100.25
18,features.1.1.block.1.fc2.weight,weight,8,256,0,2049,2049,16215,256,3356,2048,8.00390625,7.913616398243045,1.6378721327476817,0.12493899463152758,63.33984375
19,features.1.1.block.1.fc2.bias,bias,12,32,0,385,385,3036,49,622,416,12.03125,7.885714285714286,1.6155844155844157,0.12727272727272726,94.875
20,features.1.1.block.2.0.weight,weight,8,1024,4913,4019,8932,95627,14512,28089,4796,8.72265625,10.706112852664576,3.144760412001791,1.624720107478728,93.3857421875
21,features.1.1.block.2.1.weight,weight,8,32,0,257,257,1950,32,393,256,8.03125,7.587548638132295,1.5291828793774318,0.1245136186770428,60.9375
22,features.1.1.block.2.1.bias,bias,12,32,0,385,385,3058,48,629,416,12.03125,7.942857142857143,1.6337662337662338,0.12467532467532468,95.5625
23,features.1.2.block.0.0.weight,weight,8,288,1383,808,2191,24788,4135,7504,1101,7.607638888888889,11.313555454130533,3.4249201277955272,1.8872660885440438,86.06944444444444
24,features.1.2.block.0.1.weight,weight,8,32,0,257,257,2010,32,413,256,8.03125,7.821011673151751,1.6070038910505837,0.1245136186770428,62.8125
25,features.1.2.block.0.1.bias,bias,12,32,0,385,385,3031,48,620,416,12.03125,7.872727272727273,1.6103896103896105,0.12467532467532468,94.71875
26,features.1.2.block.1.fc1.weight,weight,8,256,1305,1159,2464,25809,3794,7450,1332,9.625,10.474431818181818,3.023538961038961,1.5397727272727273,100.81640625
27,features.1.2.block.1.fc1.bias,bias,12,8,0,97,97,775,12,160,104,12.125,7.989690721649485,1.6494845360824741,0.12371134020618557,96.875
28,features.1.2.block.1.fc2.weight,weight,8,256,1220,867,2087,22830,3582,6683,1051,8.15234375,10.93914710110206,3.2022041207474845,1.716339242932439,89.1796875
29,features.1.2.block.1.fc2.bias,bias,12,32,0,385,385,3019,48,616,416,12.03125,7.841558441558441,1.6,0.12467532467532468,94.34375
30,features.1.2.block.2.0.weight,weight,8,1024,4812,3347,8159,89513,14282,26586,4187,7.9677734375,10.971074886628264,3.258487559749969,1.7504596151489153,87.4150390625
31,features.1.2.block.2.1.weight,weight,8,32,0,257,257,1899,32,376,256,8.03125,7.389105058365759,1.4630350194552528,0.1245136186770428,59.34375
32,features.1.2.block.2.1.bias,bias,12,32,0,385,385,3085,48,638,416,12.03125,8.012987012987013,1.6571428571428573,0.12467532467532468,96.40625
33,features.1.3.block.0.0.weight,weight,8,288,1461,1160,2621,28073,4278,8221,1395,9.100694444444445,10.710797405570393,3.1365890881342997,1.6322014498283097,97.47569444444444
34,features.1.3.block.0.1.weight,weight,8,32,0,257,257,2013,32,414,256,8.03125,7.832684824902723,1.6108949416342413,0.1245136186770428,62.90625
35,features.1.3.block.0.1.bias,bias,12,32,0,385,385,3034,48,621,416,12.03125,7.880519480519481,1.612987012987013,0.12467532467532468,94.8125
36,features.1.3.block.1.fc1.weight,weight,8,256,0,2049,2049,16701,256,3518,2048,8.00390625,8.150805270863836,1.7169350902879454,0.12493899463152758,65.23828125
37,features.1.3.block.1.fc1.bias,bias,12,8,48,37,85,913,133,254,40,10.625,10.741176470588234,2.988235294117647,1.5647058823529412,114.125
38,features.1.3.block.1.fc2.weight,weight,8,256,0,2049,2049,16293,256,3382,2048,8.00390625,7.951683748169839,1.6505612493899464,0.12493899463152758,63.64453125
39,features.1.3.block.1.fc2.bias,bias,12,32,0,385,385,3037,48,622,416,12.03125,7.888311688311688,1.6155844155844157,0.12467532467532468,94.90625
40,features.1.3.block.2.0.weight,weight,8,1024,4770,3500,8270,90729,14262,27107,4346,8.076171875,10.970858524788392,3.2777509068923822,1.724546553808948,88.6025390625
41,features.1.3.block.2.1.weight,weight,8,32,0,257,257,1893,32,374,256,8.03125,7.365758754863813,1.4552529182879377,0.1245136186770428,59.15625
42,features.1.3.block.2.1.bias,bias,12,32,0,385,385,3127,48,652,416,12.03125,8.122077922077922,1.6935064935064934,0.12467532467532468,97.71875
43,features.2.0.block.0.0.weight,weight,8,6144,29913,15336,45249,524101,90123,162877,22757,7.36474609375,11.58259851046432,3.5995712612433426,1.9917125240336804,85.30289713541667
44,features.2.0.block.0.1.weight,weight,8,192,969,803,1772,18871,2823,5475,940,9.229166666666666,10.649548532731377,3.089729119638826,1.5931151241534989,98.28645833333333
45,features.2.0.block.0.1.bias,bias,12,192,0,2305,2305,18218,289,3736,2496,12.005208333333334,7.903687635574837,1.620824295010846,0.12537960954446856,94.88541666666667
46,features.2.0.block.1.0.weight,weight,8,1728,0,13825,13825,108870,1728,22465,13824,8.000578703703704,7.874864376130199,1.6249547920433995,0.12499095840867992,63.00347222222222
47,features.2.0.block.1.1.weight,weight,8,192,0,1537,1537,11916,192,2435,1536,8.005208333333334,7.752765126870527,1.5842550422901758,0.12491867273910215,62.0625
48,features.2.0.block.1.1.bias,bias,12,192,0,2305,2305,18417,288,3802,2496,12.005208333333334,7.990021691973969,1.6494577006507591,0.12494577006507593,95.921875
49,features.2.0.block.2.fc1.weight,weight,8,1536,7661,5124,12785,141566,22789,42599,6719,8.323567708333334,11.072819710598358,3.331951505670708,1.782479468126711,92.16536458333333
50,features.2.0.block.2.fc1.bias,bias,12,8,0,97,97,772,12,159,104,12.125,7.958762886597938,1.6391752577319587,0.12371134020618557,96.5
51,features.2.0.block.2.fc2.weight,weight,8,1536,7836,7268,15104,156554,22453,44361,8042,9.833333333333334,10.365068855932204,2.9370365466101696,1.4865598516949152,101.92317708333333
52,features.2.0.block.2.fc2.bias,bias,12,192,0,2305,2305,17733,288,3574,2496,12.005208333333334,7.693275488069414,1.5505422993492408,0.12494577006507593,92.359375
53,features.2.0.block.3.0.weight,weight,8,9216,45641,28241,73882,820367,133656,242303,36176,8.016710069444445,11.10374651471265,3.279594488508703,1.809046858504101,89.01551649305556
54,features.2.0.block.3.1.weight,weight,8,48,0,385,385,2994,48,613,384,8.020833333333334,7.776623376623377,1.5922077922077922,0.12467532467532468,62.375
55,features.2.0.block.3.1.bias,bias,12,48,0,577,577,4629,72,958,624,12.020833333333334,8.022530329289427,1.660311958405546,0.12478336221837089,96.4375
56,features.2.1.block.0.0.weight,weight,8,13824,69960,46053,116013,1273315,203826,373915,57773,8.392144097222221,10.975623421513106,3.223043969210347,1.7569237930231956,92.10901331018519
57,features.2.1.block.0.1.weight,weight,8,288,0,2305,2305,17523,288,3536,2304,8.003472222222221,7.602169197396963,1.534056399132321,0.12494577006507593,60.84375
58,features.2.1.block.0.1.bias,bias,12,288,0,3457,3457,27333,432,5606,3744,12.003472222222221,7.906566387040787,1.621637257737923,0.12496384148105294,94.90625
59,features.2.1.block.1.0.weight,weight,8,2592,13017,10429,23446,249752,37860,72443,12280,9.045524691358025,10.652222127441782,3.089780772839717,1.614774375159942,96.35493827160494
60,features.2.1.block.1.1.weight,weight,8,288,0,2305,2305,17406,288,3497,2304,8.003472222222221,7.551409978308026,1.5171366594360087,0.12494577006507593,60.4375
61,features.2.1.block.1.1.bias,bias,12,288,0,3457,3457,27429,432,5638,3744,12.003472222222221,7.934336129592132,1.6308938385883713,0.12496384148105294,95.23958333333333
62,features.2.1.block.2.fc1.weight,weight,8,3456,17026,6516,23542,284020,51570,89916,11242,6.811921296296297,12.064395548381615,3.8193866281539375,2.190553054116048,82.18171296296296
63,features.2.1.block.2.fc1.bias,bias,12,12,0,145,145,1176,18,245,156,12.083333333333334,8.110344827586207,1.6896551724137931,0.12413793103448276,98.0
64,features.2.1.block.2.fc2.weight,weight,8,3456,17663,8831,26494,304115,52028,91805,12698,7.666087962962963,11.47863667245414,3.46512417905941,1.9637653808409452,87.99623842592592
65,features.2.1.block.2.fc2.bias,bias,12,288,0,3457,3457,27015,432,5500,3744,12.003472222222221,7.814579114839456,1.590974833670813,0.12496384148105294,93.80208333333333
66,features.2.1.block.3.0.weight,weight,8,13824,69515,53261,122776,1314554,201517,380684,62937,8.88136574074074,10.706929693099628,3.1006385612823353,1.6413386981168958,95.09215856481481
67,features.2.1.block.3.1.weight,weight,8,48,0,385,385,2982,48,609,384,8.020833333333334,7.745454545454545,1.5818181818181818,0.12467532467532468,62.125
68,features.2.1.block.3.1.bias,bias,12,48,0,577,577,4608,72,951,624,12.020833333333334,7.986135181975737,1.6481802426343155,0.12478336221837089,96.0
69,features.2.2.block.0.0.weight,weight,8,13824,61414,72143,133557,1348119,179434,378005,78922,9.661241319444445,10.093959882297446,2.8302896890466243,1.3435012766084893,97.52018229166667
70,features.2.2.block.0.1.weight,weight,8,288,0,2305,2305,17709,288,3598,2304,8.003472222222221,7.6828633405639914,1.5609544468546637,0.12494577006507593,61.489583333333336
71,features.2.2.block.0.1.bias,bias,12,288,0,3457,3457,27678,432,5721,3744,12.003472222222221,8.006363899334684,1.6549030951692218,0.12496384148105294,96.10416666666667
72,features.2.2.block.1.0.weight,weight,8,2592,13095,11127,24222,255593,37906,73553,12780,9.344907407407407,10.552101395425646,3.036619602014697,1.5649409627611262,98.60841049382717
73,features.2.2.block.1.1.weight,weight,8,288,0,2305,2305,17454,288,3513,2304,8.003472222222221,7.572234273318872,1.5240780911062908,0.12494577006507593,60.604166666666664
74,features.2.2.block.1.1.bias,bias,12,288,0,3457,3457,27408,432,5631,3744,12.003472222222221,7.928261498409025,1.6288689615273357,0.12496384148105294,95.16666666666667
75,features.2.2.block.2.fc1.weight,weight,8,3456,17339,6106,23445,285814,52681,91356,11289,6.783854166666667,12.190829601194284,3.8966090850927704,2.2470036255065047,82.70081018518519
76,features.2.2.block.2.fc1.bias,bias,12,12,0,145,145,1158,18,239,156,12.083333333333334,7.9862068965517246,1.6482758620689655,0.12413793103448276,96.5
77,features.2.2.block.2.fc2.weight,weight,8,3456,17461,10051,27512,308965,51236,92050,13425,7.960648148148148,11.230190462343705,3.345812736260541,1.8623146263448678,89.3995949074074
78,features.2.2.block.2.fc2.bias,bias,12,288,0,3457,3457,27246,432,5577,3744,12.003472222222221,7.8814000578536305,1.6132484813422043,0.12496384148105294,94.60416666666667
79,features.2.2.block.3.0.weight,weight,8,13824,69226,64076,133302,1386222,200409,397230,72042,9.64279513888889,10.399108790565784,2.9799252824413736,1.5034208038889139,100.27647569444444
80,features.2.2.block.3.1.weight,weight,8,48,0,385,385,3044,49,630,384,8.020833333333334,7.906493506493507,1.6363636363636365,0.12727272727272726,63.416666666666664
81,features.2.2.block.3.1.bias,bias,12,48,0,577,577,4620,72,955,624,12.020833333333334,8.006932409012132,1.6551126516464472,0.12478336221837089,96.25
82,features.2.3.block.0.0.weight,weight,8,13824,70259,61784,132043,1383241,203071,397318,70469,9.551721643518519,10.475685950788758,3.009004642427088,1.5379156789833615,100.06083622685185
83,features.2.3.block.0.1.weight,weight,8,288,0,2305,2305,17463,288,3516,2304,8.003472222222221,7.576138828633406,1.5253796095444685,0.12494577006507593,60.635416666666664
84,features.2.3.block.0.1.bias,bias,12,288,0,3457,3457,27276,432,5587,3744,12.003472222222221,7.890078102400926,1.6161411628579694,0.12496384148105294,94.70833333333333
85,features.2.3.block.1.0.weight,weight,8,2592,13206,12242,25448,264476,38079,75575,13732,9.817901234567902,10.392801005972965,2.969781515246778,1.4963454888399874,102.0354938271605
86,features.2.3.block.1.1.weight,weight,8,288,1464,737,2201,25578,4346,7796,1081,7.642361111111111,11.621081326669696,3.542026351658337,1.9745570195365743,88.8125
87,features.2.3.block.1.1.bias,bias,12,288,0,3457,3457,27495,432,5660,3744,12.003472222222221,7.953427827596181,1.6372577379230546,0.12496384148105294,95.46875
88,features.2.3.block.2.fc1.weight,weight,8,3456,16214,4091,20305,259310,50142,84761,9213,5.875289351851852,12.770746121644915,4.174390544200936,2.469441024378232,75.03182870370371
89,features.2.3.block.2.fc1.bias,bias,12,12,0,145,145,1152,18,237,156,12.083333333333334,7.944827586206896,1.6344827586206896,0.12413793103448276,96.0
90,features.2.3.block.2.fc2.weight,weight,8,3456,17503,8588,26091,302816,52471,94123,13061,7.549479166666667,11.606147713771032,3.607489172511594,2.0110766164577822,87.62037037037037
91,features.2.3.block.2.fc2.bias,bias,12,288,0,3457,3457,27078,432,5521,3744,12.003472222222221,7.832803008388776,1.5970494648539195,0.12496384148105294,94.02083333333333
92,features.2.3.block.3.0.weight,weight,8,13824,70597,41388,111985,1249765,205702,369082,54032,8.100766782407407,11.160110729115507,3.295816403982676,1.8368710095102023,90.4054542824074
93,features.2.3.block.3.1.weight,weight,8,48,0,385,385,2949,48,598,384,8.020833333333334,7.65974025974026,1.5532467532467533,0.12467532467532468,61.4375
94,features.2.3.block.3.1.bias,bias,12,48,0,577,577,4532,73,926,624,12.020833333333334,7.854419410745234,1.6048526863084922,0.1265164644714038,94.41666666666667
95,features.2.4.block.0.0.weight,weight,8,13824,70149,64125,134274,1397122,202485,399884,72290,9.71310763888889,10.405007670881927,2.9781193678597493,1.507998570088029,101.06495949074075
96,features.2.4.block.0.1.weight,weight,8,288,0,2305,2305,17496,288,3527,2304,8.003472222222221,7.590455531453363,1.5301518438177875,0.12494577006507593,60.75
97,features.2.4.block.0.1.bias,bias,12,288,0,3457,3457,27681,432,5722,3744,12.003472222222221,8.007231703789413,1.6551923633207983,0.12496384148105294,96.11458333333333
98,features.2.4.block.1.0.weight,weight,8,2592,10420,14488,24908,245720,30491,67064,15509,9.609567901234568,9.865103581178738,2.6924682832824796,1.224144853059258,94.79938271604938
99,features.2.4.block.1.1.weight,weight,8,288,1457,1125,2582,28011,4245,8171,1346,8.965277777777779,10.84856700232378,3.164601084430674,1.6440743609604958,97.26041666666667
100,features.2.4.block.1.1.bias,bias,12,288,0,3457,3457,27335,433,5607,3744,12.003472222222221,7.90714492334394,1.6219265258894995,0.12525310963262945,94.91319444444444
101,features.2.4.block.2.fc1.weight,weight,8,3456,16192,4692,20884,263456,50163,85955,9792,6.042824074074074,12.615207814594905,4.1158303007086765,2.4019823788546257,76.23148148148148
102,features.2.4.block.2.fc1.bias,bias,12,12,0,145,145,1128,18,229,156,12.083333333333334,7.779310344827586,1.5793103448275863,0.12413793103448276,94.0
103,features.2.4.block.2.fc2.weight,weight,8,3456,17678,13693,31371,335989,51236,97486,16269,9.077256944444445,10.710178190048133,3.107519683784387,1.633228140639444,97.21903935185185
104,features.2.4.block.2.fc2.bias,bias,12,288,0,3457,3457,26844,432,5443,3744,12.003472222222221,7.765114260919873,1.5744865490309516,0.12496384148105294,93.20833333333333
105,features.2.4.block.3.0.weight,weight,8,13824,70462,58704,129166,1363906,203666,392879,67928,9.343605324074074,10.559326757815525,3.0416595698558444,1.5767771704628153,98.66218171296296
106,features.2.4.block.3.1.weight,weight,8,48,0,385,385,3000,48,615,384,8.020833333333334,7.792207792207792,1.5974025974025974,0.12467532467532468,62.5
107,features.2.4.block.3.1.bias,bias,12,48,0,577,577,4551,72,932,624,12.020833333333334,7.887348353552859,1.6152512998266897,0.12478336221837089,94.8125
108,features.2.5.block.0.0.weight,weight,8,13824,70081,63559,133640,1392686,202398,398898,71786,9.66724537037037,10.421176294522597,2.984869799461239,1.5145016462137084,100.74406828703704
109,features.2.5.block.0.1.weight,weight,8,288,0,2305,2305,17568,288,3551,2304,8.003472222222221,7.621691973969631,1.5405639913232103,0.12494577006507593,61.0
110,features.2.5.block.0.1.bias,bias,12,288,0,3457,3457,27474,432,5653,3744,12.003472222222221,7.947353196413075,1.635232860862019,0.12496384148105294,95.39583333333333
111,features.2.5.block.1.0.weight,weight,8,2592,0,20738,20738,162381,2592,33389,20736,8.000771604938272,7.8301186228180155,1.6100395409393384,0.12498794483556756,62.64699074074074
112,features.2.5.block.1.1.weight,weight,8,288,1456,1048,2504,27431,4234,8005,1268,8.694444444444445,10.954872204472844,3.196884984025559,1.6908945686900958,95.24652777777777
113,features.2.5.block.1.1.bias,bias,12,288,0,3457,3457,27660,432,5715,3744,12.003472222222221,8.001157072606306,1.6531674862597627,0.12496384148105294,96.04166666666667
114,features.2.5.block.2.fc1.weight,weight,8,3456,15420,3954,19374,246885,47918,80680,8820,5.605902777777778,12.743109321771446,4.164343966140188,2.4733147517291214,71.43663194444444
115,features.2.5.block.2.fc1.bias,bias,12,12,0,145,145,1140,18,233,156,12.083333333333334,7.862068965517241,1.606896551724138,0.12413793103448276,95.0
116,features.2.5.block.2.fc2.weight,weight,8,3456,16052,8829,24881,284028,47797,85494,11925,7.199363425925926,11.41545757807162,3.436115911739882,1.9210240745950726,82.18402777777777
117,features.2.5.block.2.fc2.bias,bias,12,288,0,3457,3457,26598,432,5361,3744,12.003472222222221,7.693954295632051,1.5507665606016778,0.12496384148105294,92.35416666666667
118,features.2.5.block.3.0.weight,weight,8,13824,70429,59617,130046,1369730,203404,393811,68566,9.407262731481481,10.532657674976546,3.0282438521753843,1.5640927056579979,99.08347800925925
119,features.2.5.block.3.1.weight,weight,8,48,0,385,385,2967,48,604,384,8.020833333333334,7.706493506493507,1.568831168831169,0.12467532467532468,61.8125
120,features.2.5.block.3.1.bias,bias,12,48,0,577,577,4530,72,925,624,12.020833333333334,7.8509532062391685,1.6031195840554593,0.12478336221837089,94.375
121,features.2.6.block.0.0.weight,weight,8,13824,70206,55560,125766,1339647,203060,386851,65074,9.09765625,10.651901149754305,3.075958526151742,1.6145858181066426,96.90733506944444
122,features.2.6.block.0.1.weight,weight,8,288,0,2305,2305,17547,288,3544,2304,8.003472222222221,7.612581344902386,1.537527114967462,0.12494577006507593,60.927083333333336
123,features.2.6.block.0.1.bias,bias,12,288,0,3457,3457,27425,433,5637,3744,12.003472222222221,7.933179056985826,1.6306045704367949,0.12525310963262945,95.22569444444444
124,features.2.6.block.1.0.weight,weight,8,2592,13158,12631,25789,266759,37906,75987,14025,9.94945987654321,10.343906316646633,2.946488813059832,1.4698514870681298,102.91628086419753
125,features.2.6.block.1.1.weight,weight,8,288,1476,1023,2499,27414,4280,8000,1257,8.677083333333334,10.96998799519808,3.2012805122048817,1.7126850740296118,95.1875
126,features.2.6.block.1.1.bias,bias,12,288,0,3457,3457,27630,432,5705,3744,12.003472222222221,7.992479028059011,1.6502748047439977,0.12496384148105294,95.9375
127,features.2.6.block.2.fc1.weight,weight,8,3456,16829,6211,23040,280442,51624,90142,11356,6.666666666666667,12.171961805555556,3.9124131944444445,2.240625,81.14641203703704
128,features.2.6.block.2.fc1.bias,bias,12,12,0,145,145,1134,18,231,156,12.083333333333334,7.820689655172414,1.5931034482758621,0.12413793103448276,94.5
129,features.2.6.block.2.fc2.weight,weight,8,3456,17566,13736,31302,335660,51017,97487,16301,9.057291666666666,10.72327646795732,3.1144016356782314,1.6298319596191937,97.1238425925926
130,features.2.6.block.2.fc2.bias,bias,12,288,0,3457,3457,27060,432,5515,3744,12.003472222222221,7.827596181660399,1.5953138559444606,0.12496384148105294,93.95833333333333
131,features.2.6.block.3.0.weight,weight,8,13824,70415,49417,119832,1301548,204175,379096,60138,8.668402777777779,10.861439348421122,3.163562320582148,1.7038437145336804,94.15133101851852
132,features.2.6.block.3.1.weight,weight,8,48,0,385,385,2931,48,592,384,8.020833333333334,7.612987012987013,1.5376623376623377,0.12467532467532468,61.0625
133,features.2.6.block.3.1.bias,bias,12,48,0,577,577,4578,72,941,624,12.020833333333334,7.934142114384748,1.6308492201039861,0.12478336221837089,95.375
134,features.3.0.block.0.0.weight,weight,8,13824,70299,44339,114638,1267931,205281,374336,56860,8.292679398148149,11.060302866414277,3.265374483155673,1.7906889513075943,91.7195457175926
135,features.3.0.block.0.1.weight,weight,8,288,0,2305,2305,17406,288,3497,2304,8.003472222222221,7.551409978308026,1.5171366594360087,0.12494577006507593,60.4375
136,features.3.0.block.0.1.bias,bias,12,288,0,3457,3457,27549,432,5678,3744,12.003472222222221,7.969048307781313,1.642464564651432,0.12496384148105294,95.65625
137,features.3.0.block.1.0.weight,weight,8,7200,0,57604,57604,455549,7201,94246,57600,8.000555555555556,7.908287618915353,1.6361016596069717,0.12500867995278106,63.270694444444445
138,features.3.0.block.1.1.weight,weight,8,288,0,2305,2305,17688,288,3591,2304,8.003472222222221,7.673752711496746,1.5579175704989154,0.12494577006507593,61.416666666666664
139,features.3.0.block.1.1.bias,bias,12,288,0,3457,3457,27372,432,5619,3744,12.003472222222221,7.917847844952271,1.6253977437084177,0.12496384148105294,95.04166666666667
140,features.3.0.block.2.fc1.weight,weight,8,3456,17636,13624,31260,334414,51279,97363,16310,9.04513888888889,10.697824696097248,3.1146193218170186,1.6404030710172746,96.76331018518519
141,features.3.0.block.2.fc1.bias,bias,12,12,0,145,145,1161,18,240,156,12.083333333333334,8.006896551724138,1.6551724137931034,0.12413793103448276,96.75
142,features.3.0.block.2.fc2.weight,weight,8,3456,17711,12063,29774,325778,51666,95771,15100,8.615162037037036,10.941694095519582,3.2165983744206357,1.735272385302613,94.2644675925926
143,features.3.0.block.2.fc2.bias,bias,12,288,0,3457,3457,6198,432,1297,576,12.003472222222221,1.792884003471218,0.3751807925947353,0.12496384148105294,21.520833333333332
144,features.3.0.block.3.0.weight,weight,8,23040,117079,75761,192840,2120847,340743,622455,95303,8.369791666666666,10.997962041070318,3.2278313627878035,1.7669726197884257,92.05065104166667
145,features.3.0.block.3.1.weight,weight,8,80,0,641,641,4904,81,994,640,8.0125,7.650546021840873,1.5507020280811232,0.12636505460218408,61.3
146,features.3.0.block.3.1.bias,bias,12,80,0,961,961,7626,121,1568,1040,12.0125,7.935483870967742,1.631633714880333,0.1259105098855359,95.325
147,features.3.1.block.0.0.weight,weight,8,38400,192974,170000,362974,3803874,558845,1093579,193828,9.452447916666667,10.479742350691785,3.012830120063696,1.5396281827348515,99.05921875
148,features.3.1.block.0.1.weight,weight,8,480,2457,2414,4871,50173,7068,14263,2669,10.147916666666667,10.30034900431123,2.928146171217409,1.451036748101006,104.52708333333334
149,features.3.1.block.0.1.bias,bias,12,480,0,5761,5761,45293,721,9257,6240,12.002083333333333,7.8620031244575594,1.6068390904356882,0.12515188335358446,94.36041666666667
150,features.3.1.block.1.0.weight,weight,8,12000,60433,34195,94628,1064901,177706,318105,46098,7.885666666666666,11.253550746079384,3.361637147567316,1.8779431035211565,88.74175
151,features.3.1.block.1.1.weight,weight,8,480,2542,1245,3787,43523,7486,13208,1847,7.889583333333333,11.492738315289147,3.4877211513071034,1.9767626089252706,90.67291666666667
152,features.3.1.block.1.1.bias,bias,12,480,0,5761,5761,46359,720,9612,6240,12.002083333333333,8.047040444367298,1.6684603367470925,0.12497830237805936,96.58125
153,features.3.1.block.2.fc1.weight,weight,8,9600,41268,8376,49644,650320,129770,215487,21759,5.17125,13.099669647892998,4.340645395213923,2.6140117637579565,67.74166666666666
154,features.3.1.block.2.fc1.bias,bias,12,20,0,241,241,1885,30,384,260,12.05,7.821576763485477,1.5933609958506223,0.12448132780082988,94.25
155,features.3.1.block.2.fc2.weight,weight,8,9600,44678,27575,72253,808515,132725,241296,35585,7.526354166666667,11.190054392205168,3.339598355777615,1.8369479467980567,84.2203125
156,features.3.1.block.2.fc2.bias,bias,12,480,0,5761,5761,44832,720,9103,6240,12.002083333333333,7.781982294740496,1.5801076202048256,0.12497830237805936,93.4
157,features.3.1.block.3.0.weight,weight,8,38400,193410,148447,341857,3660397,560494,1059677,175219,8.902526041666667,10.707392272207384,3.0997668615824745,1.6395568907467157,95.32283854166667
158,features.3.1.block.3.1.weight,weight,8,80,0,641,641,4881,80,986,640,8.0125,7.614664586583463,1.5382215288611545,0.12480499219968799,61.0125
159,features.3.1.block.3.1.bias,bias,12,80,0,961,961,7633,120,1570,1040,12.0125,7.942767950052029,1.6337148803329864,0.12486992715920915,95.4125
160,features.3.2.block.0.0.weight,weight,8,38400,193699,176216,369915,3853994,559846,1104236,198899,9.633203125,10.418593460659881,2.985107389535434,1.5134449806036523,100.36442708333334
161,features.3.2.block.0.1.weight,weight,8,480,2428,1838,4266,45967,7038,13323,2180,8.8875,10.775199249882794,3.123066104078762,1.649789029535865,95.76458333333333
162,features.3.2.block.0.1.bias,bias,12,480,0,5761,5761,45845,721,9441,6240,12.002083333333333,7.957819822947405,1.6387779899323034,0.12515188335358446,95.51041666666667
163,features.3.2.block.1.0.weight,weight,8,12000,60882,37159,98041,1090822,178352,323469,48387,8.170083333333332,11.126181903489357,3.299323752307708,1.8191572913372978,90.90183333333333
164,features.3.2.block.1.1.weight,weight,8,480,2438,1335,3773,42580,7081,12520,1749,7.860416666666667,11.285449244632918,3.318314338722502,1.8767558971640603,88.70833333333333
165,features.3.2.block.1.1.bias,bias,12,480,0,5761,5761,46488,720,9655,6240,12.002083333333333,8.069432390210032,1.675924318694671,0.12497830237805936,96.85
166,features.3.2.block.2.fc1.weight,weight,8,9600,34648,4552,39200,538623,112238,181445,15264,4.083333333333333,13.740382653061225,4.628698979591837,2.8632142857142857,56.1065625
167,features.3.2.block.2.fc1.bias,bias,12,20,0,241,241,1938,31,402,260,12.05,8.04149377593361,1.6680497925311204,0.12863070539419086,96.9
168,features.3.2.block.2.fc2.weight,weight,8,9600,39829,16433,56262,678664,122849,214254,26324,5.860625,12.06256443069923,3.808147595179695,2.1835164053890725,70.69416666666666
169,features.3.2.block.2.fc2.bias,bias,12,480,0,5761,5761,44726,721,9068,6240,12.002083333333333,7.763582711334838,1.5740322860614477,0.12515188335358446,93.17916666666666
170,features.3.2.block.3.0.weight,weight,8,38400,183339,190612,373951,3827372,531716,1083607,211066,9.738307291666667,10.234955916684271,2.897724568192089,1.4218868247444183,99.67114583333333
171,features.3.2.block.3.1.weight,weight,8,80,0,641,641,4884,80,987,640,8.0125,7.619344773790951,1.5397815912636506,0.12480499219968799,61.05
172,features.3.2.block.3.1.bias,bias,12,80,0,961,961,7618,120,1565,1040,12.0125,7.927159209157128,1.6285119667013528,0.12486992715920915,95.225
173,features.3.3.block.0.0.weight,weight,8,38400,193503,160241,353744,3741045,559912,1077531,185089,9.212083333333334,10.575571599800986,3.046075693156633,1.582816952372337,97.423046875
174,features.3.3.block.0.1.weight,weight,8,480,2470,1794,4264,46231,7171,13485,2188,8.883333333333333,10.842166979362101,3.1625234521575987,1.6817542213883678,96.31458333333333
175,features.3.3.block.0.1.bias,bias,12,480,0,5761,5761,46233,720,9570,6240,12.002083333333333,8.025169241451136,1.6611699357750391,0.12497830237805936,96.31875
176,features.3.3.block.1.0.weight,weight,8,12000,60546,35671,96217,1076364,177594,320023,47073,8.018083333333333,11.186838084745938,3.3260546473076484,1.8457653013500732,89.697
177,features.3.3.block.1.1.weight,weight,8,480,2468,1142,3610,41739,7256,12581,1678,7.520833333333333,11.562049861495845,3.4850415512465376,2.0099722991689752,86.95625
178,features.3.3.block.1.1.bias,bias,12,480,0,5761,5761,46458,720,9645,6240,12.002083333333333,8.06422496094428,1.6741885089394202,0.12497830237805936,96.7875
179,features.3.3.block.2.fc1.weight,weight,8,9600,36893,4143,41036,564906,118893,191480,16518,4.274583333333333,13.766107807778535,4.666146797933521,2.897285310459109,58.844375
180,features.3.3.block.2.fc1.bias,bias,12,20,0,241,241,1918,30,395,260,12.05,7.95850622406639,1.6390041493775933,0.12448132780082988,95.9
181,features.3.3.block.2.fc2.weight,weight,8,9600,40327,13133,53460,664158,124959,212982,24278,5.56875,12.423456790123456,3.9839506172839507,2.337429854096521,69.183125
182,features.3.3.block.2.fc2.bias,bias,12,480,0,5761,5761,44733,720,9070,6240,12.002083333333333,7.764797778163513,1.5743794480124977,0.12497830237805936,93.19375
183,features.3.3.block.3.0.weight,weight,8,38400,194035,154815,348850,3712435,562100,1073012,181248,9.084635416666666,10.641923462806364,3.075854951985094,1.6112942525440734,96.67799479166666
184,features.3.3.block.3.1.weight,weight,8,80,0,641,641,4869,80,982,640,8.0125,7.59594383775351,1.53198127925117,0.12480499219968799,60.8625
185,features.3.3.block.3.1.bias,bias,12,80,0,961,961,7567,120,1548,1040,12.0125,7.874089490114464,1.6108220603537982,0.12486992715920915,94.5875
186,features.3.4.block.0.0.weight,weight,8,38400,181761,187750,369511,3790535,528201,1075075,208388,9.622682291666667,10.258246709840844,2.909453304502437,1.4294594748194236,98.71184895833333
187,features.3.4.block.0.1.weight,weight,8,480,2462,672,3134,39291,7403,12508,1394,6.529166666666667,12.537013401403957,3.991065730695597,2.3621569878749202,81.85625
188,features.3.4.block.0.1.bias,bias,12,480,0,5761,5761,46149,720,9542,6240,12.002083333333333,8.01058843950703,1.6563096684603367,0.12497830237805936,96.14375
189,features.3.4.block.1.0.weight,weight,8,12000,60272,40990,101262,1108335,176235,326086,51175,8.4385,10.945221307104344,3.2202208133357035,1.740386324583753,92.36125
190,features.3.4.block.1.1.weight,weight,8,480,2494,1264,3758,43028,7321,12940,1804,7.829166666666667,11.449707291112293,3.4433209153805215,1.9481106971793507,89.64166666666667
191,features.3.4.block.1.1.bias,bias,12,480,0,5761,5761,46314,720,9597,6240,12.002083333333333,8.03922930046867,1.6658566221142164,0.12497830237805936,96.4875
192,features.3.4.block.2.fc1.weight,weight,8,9600,27049,2073,29122,420443,91935,144845,10248,3.033541666666667,14.437298262481972,4.973731199780235,3.1568916969988323,43.796145833333334
193,features.3.4.block.2.fc1.bias,bias,12,20,0,241,241,1951,30,406,260,12.05,8.095435684647303,1.6846473029045643,0.12448132780082988,97.55
194,features.3.4.block.2.fc2.weight,weight,8,9600,28900,20336,49236,560257,92542,171968,24430,5.12875,11.379011292550167,3.4927288975546347,1.8795596717848728,58.360104166666666
195,features.3.4.block.2.fc2.bias,bias,12,480,0,5761,5761,44793,720,9090,6240,12.002083333333333,7.775212636695018,1.5778510675229995,0.12497830237805936,93.31875
196,features.3.4.block.3.0.weight,weight,8,38400,192529,145460,337989,3630828,558835,1053364,172777,8.801796875,10.74244428073103,3.1165629650669104,1.65341179742536,94.5528125
197,features.3.4.block.3.1.weight,weight,8,80,0,641,641,4845,80,974,640,8.0125,7.558502340093604,1.5195007800312013,0.12480499219968799,60.5625
198,features.3.4.block.3.1.bias,bias,12,80,0,961,961,7699,120,1592,1040,12.0125,8.011446409989594,1.6566077003121749,0.12486992715920915,96.2375
199,features.3.5.block.0.0.weight,weight,8,38400,171947,196964,368911,3732761,501149,1046066,215896,9.607057291666667,10.118323931788426,2.8355511220863567,1.3584550203165533,97.20731770833333
200,features.3.5.block.0.1.weight,weight,8,480,2423,2115,4538,47761,6988,13672,2392,9.454166666666667,10.524680475980608,3.012780960775672,1.5398854120758043,99.50208333333333
201,features.3.5.block.0.1.bias,bias,12,480,0,5761,5761,46128,720,9535,6240,12.002083333333333,8.006943239021004,1.6550946016316612,0.12497830237805936,96.1
202,features.3.5.block.1.0.weight,weight,8,12000,60756,43122,103878,1128788,177232,330782,53084,8.6565,10.866477983788675,3.1843316197847473,1.7061552975606,94.06566666666667
203,features.3.5.block.1.1.weight,weight,8,480,2497,1050,3547,41635,7385,12734,1663,7.389583333333333,11.73808852551452,3.590076120665351,2.0820411615449674,86.73958333333333
204,features.3.5.block.1.1.bias,bias,12,480,0,5761,5761,46512,720,9663,6240,12.002083333333333,8.073598333622636,1.6773129664988717,0.12497830237805936,96.9
205,features.3.5.block.2.fc1.weight,weight,8,9600,34153,3278,37431,524464,111327,178256,14079,3.8990625,14.011487804226443,4.762255884160188,2.9741925142261763,54.63166666666667
206,features.3.5.block.2.fc1.bias,bias,12,20,0,241,241,1945,30,404,260,12.05,8.070539419087137,1.6763485477178424,0.12448132780082988,97.25
207,features.3.5.block.2.fc2.weight,weight,8,9600,41006,24754,65760,743666,123657,224532,32284,6.85,11.308789537712896,3.4144160583941607,1.8804288321167884,77.46520833333334
208,features.3.5.block.2.fc2.bias,bias,12,480,0,5761,5761,45252,720,9243,6240,12.002083333333333,7.854886304461031,1.604408956778337,0.12497830237805936,94.275
209,features.3.5.block.3.0.weight,weight,8,38400,193283,159161,352444,3731373,559642,1075693,184385,9.178229166666666,10.587137247335747,3.0520962195412604,1.5878891398349808,97.171171875
210,features.3.5.block.3.1.weight,weight,8,80,0,641,641,4923,80,1000,640,8.0125,7.6801872074882995,1.5600624024960998,0.12480499219968799,61.5375
211,features.3.5.block.3.1.bias,bias,12,80,0,961,961,7561,120,1546,1040,12.0125,7.867845993756504,1.6087408949011446,0.12486992715920915,94.5125
212,features.3.6.block.0.0.weight,weight,8,38400,195324,131676,327000,3571025,566981,1042883,162506,8.515625,10.920565749235474,3.1892446483180428,1.7338868501529052,92.99544270833333
213,features.3.6.block.0.1.weight,weight,8,480,2445,1734,4179,45583,7168,13462,2173,8.70625,10.907633405120842,3.221344819334769,1.7152428810720268,94.96458333333334
214,features.3.6.block.0.1.bias,bias,12,480,0,5761,5761,46235,721,9571,6240,12.002083333333333,8.025516403402188,1.6613435167505641,0.12515188335358446,96.32291666666667
215,features.3.6.block.1.0.weight,weight,8,12000,61083,35579,96662,1083048,178652,321313,46892,8.055166666666667,11.204485733794046,3.3240880594235582,1.8482133620243737,90.254
216,features.3.6.block.1.1.weight,weight,8,480,2460,1126,3586,42142,7413,13227,1810,7.470833333333333,11.75181260457334,3.68851087562744,2.0672058003346345,87.79583333333333
217,features.3.6.block.1.1.bias,bias,12,480,0,5761,5761,46359,720,9612,6240,12.002083333333333,8.047040444367298,1.6684603367470925,0.12497830237805936,96.58125
218,features.3.6.block.2.fc1.weight,weight,8,9600,37943,7669,45612,603174,121012,200346,19108,4.75125,13.224019994738226,4.392396737700605,2.653073752521266,62.830625
219,features.3.6.block.2.fc1.bias,bias,12,20,0,241,241,1891,30,386,260,12.05,7.846473029045643,1.6016597510373445,0.12448132780082988,94.55
220,features.3.6.block.2.fc2.weight,weight,8,9600,45395,21101,66496,785112,137656,246048,33028,6.926666666666667,11.806905678537055,3.700192492781521,2.0701395572666024,81.7825
221,features.3.6.block.2.fc2.bias,bias,12,480,0,5761,5761,44271,720,8916,6240,12.002083333333333,7.684603367470925,1.5476479777816352,0.12497830237805936,92.23125
222,features.3.6.block.3.0.weight,weight,8,38400,195774,136474,332248,3610678,568102,1053024,166944,8.652291666666667,10.867418314030484,3.169391538850497,1.7098733476198502,94.02807291666667
223,features.3.6.block.3.1.weight,weight,8,80,0,641,641,4830,80,969,640,8.0125,7.535101404056162,1.5117004680187207,0.12480499219968799,60.375
224,features.3.6.block.3.1.bias,bias,12,80,0,961,961,7669,120,1582,1040,12.0125,7.980228928199792,1.6462018730489074,0.12486992715920915,95.8625
225,features.4.0.block.0.0.weight,weight,8,38400,195186,143946,339132,3654149,566486,1063069,173203,8.8315625,10.775005012797378,3.134676173289457,1.6703997263602373,95.16013020833333
226,features.4.0.block.0.1.weight,weight,8,480,2401,1185,3586,41604,7173,12842,1740,7.470833333333333,11.601784718349135,3.581148912437256,2.0002788622420526,86.675
227,features.4.0.block.0.1.bias,bias,12,480,0,5761,5761,46191,720,9556,6240,12.002083333333333,8.017878840479083,1.658739802117688,0.12497830237805936,96.23125
228,features.4.0.block.1.0.weight,weight,8,4320,0,34563,34563,271007,4321,55773,34560,8.000694444444445,7.84095709284495,1.6136620085062061,0.12501808292104274,62.73310185185185
229,features.4.0.block.1.1.weight,weight,8,480,2473,1355,3828,43151,7211,12801,1824,7.975,11.27246603970742,3.3440438871473352,1.8837513061650992,89.89791666666666
230,features.4.0.block.1.1.bias,bias,12,480,0,5761,5761,45438,720,9305,6240,12.002083333333333,7.887172365908697,1.6151709772608922,0.12497830237805936,94.6625
231,features.4.0.block.2.fc1.weight,weight,8,9600,45466,12753,58219,727404,139296,234131,26034,6.064479166666667,12.49427162953675,4.0215565365258765,2.3926209656641304,75.77125
232,features.4.0.block.2.fc1.bias,bias,12,20,0,241,241,1894,30,387,260,12.05,7.858921161825726,1.6058091286307055,0.12448132780082988,94.7
233,features.4.0.block.2.fc2.weight,weight,8,9600,46765,19218,65983,789570,142199,249970,32151,6.8732291666666665,11.966264037706683,3.7884000424351725,2.1550854007850506,82.246875
234,features.4.0.block.2.fc2.bias,bias,12,480,0,5761,5761,45972,720,9483,6240,12.002083333333333,7.97986460683909,1.646068390904357,0.12497830237805936,95.775
235,features.4.0.block.3.0.weight,weight,8,76800,390921,255839,646760,7102422,1137853,2084717,321160,8.421354166666667,10.98154183932216,3.223323953243862,1.7593125734430082,92.479453125
236,features.4.0.block.3.1.weight,weight,8,160,0,1281,1281,10050,160,2069,1280,8.00625,7.845433255269321,1.615144418423107,0.1249024199843872,62.8125
237,features.4.0.block.3.1.bias,bias,12,160,0,1921,1921,15278,240,3145,2080,12.00625,7.953149401353461,1.6371681415929205,0.12493492972410203,95.4875
238,features.4.1.block.0.0.weight,weight,8,153600,779220,567865,1347085,14546222,2262767,4236058,686049,8.770084635416667,10.798295578972374,3.1446107706640634,1.6797507210012732,94.70196614583334
239,features.4.1.block.0.1.weight,weight,8,960,4989,3530,8519,92788,14473,27148,4357,8.873958333333333,10.891888719333256,3.186759009273389,1.698908322573072,96.65416666666667
240,features.4.1.block.0.1.bias,bias,12,960,0,11521,11521,91677,1440,18878,12480,12.001041666666667,7.957382171686485,1.638573040534676,0.12498915024737436,95.496875
241,features.4.1.block.1.0.weight,weight,8,8640,43752,38863,82615,863323,125949,246411,43685,9.561921296296296,10.449954608727229,2.9826423772922595,1.5245294438056043,99.92164351851852
242,features.4.1.block.1.1.weight,weight,8,960,4992,1664,6656,81071,15091,25940,3224,6.933333333333334,12.180138221153847,3.897235576923077,2.267277644230769,84.44895833333334
243,features.4.1.block.1.1.bias,bias,12,960,0,11521,11521,93365,1441,19441,12480,12.001041666666667,8.10389723114313,1.687440326360559,0.12507594826837948,97.25520833333333
244,features.4.1.block.2.fc1.weight,weight,8,38400,120088,7301,127389,1846688,399013,630246,40569,3.317421875,14.496447887965209,4.947413041942397,3.132240617321747,48.090833333333336
245,features.4.1.block.2.fc1.bias,bias,12,40,0,481,481,3739,61,759,520,12.025,7.773388773388773,1.5779625779625779,0.12681912681912683,93.475
246,features.4.1.block.2.fc2.weight,weight,8,38400,174108,88680,262788,3050258,528688,947306,129745,6.8434375,11.607295614716044,3.6048297486947654,2.011842245460219,79.43380208333333
247,features.4.1.block.2.fc2.bias,bias,12,960,0,11521,11521,91875,1440,18944,12480,12.001041666666667,7.9745681798455,1.6443017099210138,0.12498915024737436,95.703125
248,features.4.1.block.3.0.weight,weight,8,153600,748504,319557,1068061,12625695,2241090,3914102,500445,6.953522135416667,11.821136620473924,3.6646802008499515,2.0982790308793224,82.19853515625
249,features.4.1.block.3.1.weight,weight,8,160,0,1281,1281,9629,161,1929,1280,8.00625,7.516783762685402,1.505854800936768,0.12568306010928962,60.18125
250,features.4.1.block.3.1.bias,bias,12,160,0,1921,1921,15266,240,3141,2080,12.00625,7.946902654867257,1.6350858927641854,0.12493492972410203,95.4125
251,features.4.2.block.0.0.weight,weight,8,153600,781940,437041,1218981,13725848,2290461,4089585,588096,7.93607421875,11.260100034372972,3.354921036505081,1.878996473283833,89.36098958333334
252,features.4.2.block.0.1.weight,weight,8,960,4926,2632,7558,86276,14380,25701,3584,7.872916666666667,11.415189203492988,3.400502778512834,1.9026197406721355,89.87083333333334
253,features.4.2.block.0.1.bias,bias,12,960,0,11521,11521,93792,1440,19583,12480,12.001041666666667,8.140959986112316,1.6997656453432861,0.12498915024737436,97.7
254,features.4.2.block.1.0.weight,weight,8,8640,43858,37998,81856,858117,126177,245024,42944,9.474074074074075,10.48325107505864,2.993354182955434,1.5414508405003908,99.31909722222223
255,features.4.2.block.1.1.weight,weight,8,960,4901,1867,6768,81236,14803,25782,3306,7.05,12.002955082742316,3.8093971631205674,2.1872044917257685,84.62083333333334
256,features.4.2.block.1.1.bias,bias,12,960,0,11521,11521,93753,1440,19570,12480,12.001041666666667,8.137574863293118,1.6986372710702196,0.12498915024737436,97.659375
257,features.4.2.block.2.fc1.weight,weight,8,38400,116253,10251,126504,1812380,387735,615568,41014,3.294375,14.326661607538101,4.8659963321317905,3.065001897173212,47.19739583333333
258,features.4.2.block.2.fc1.bias,bias,12,40,0,481,481,3770,60,769,520,12.025,7.837837837837838,1.5987525987525988,0.12474012474012475,94.25
259,features.4.2.block.2.fc2.weight,weight,8,38400,157924,53827,211751,2626676,493306,845442,97205,5.514348958333334,12.40455062786008,3.9926234114596864,2.3296513357670094,68.40302083333333
260,features.4.2.block.2.fc2.bias,bias,12,960,0,11521,11521,93138,1440,19365,12480,12.001041666666667,8.084194080374967,1.6808436767641697,0.12498915024737436,97.01875
261,features.4.2.block.3.0.weight,weight,8,153600,748757,325450,1074207,12682380,2246380,3937787,509076,6.99353515625,11.8062719755131,3.6657618131328507,2.0911984375450916,82.567578125
262,features.4.2.block.3.1.weight,weight,8,160,0,1281,1281,9555,160,1904,1280,8.00625,7.459016393442623,1.4863387978142077,0.1249024199843872,59.71875
263,features.4.2.block.3.1.bias,bias,12,160,0,1921,1921,15233,240,3130,2080,12.00625,7.9297241020301925,1.6293597084851639,0.12493492972410203,95.20625
264,features.4.3.block.0.0.weight,weight,8,153600,776913,460752,1237665,13821536,2274438,4100778,604260,8.05771484375,11.167428989266078,3.3133182242367685,1.8376846723467175,89.98395833333333
265,features.4.3.block.0.1.weight,weight,8,960,5058,2513,7571,87499,14880,26495,3667,7.886458333333334,11.55712587504953,3.49953770968168,1.9653942676000529,91.14479166666666
266,features.4.3.block.0.1.bias,bias,12,960,0,11521,11521,94398,1440,19785,12480,12.001041666666667,8.19355958684142,1.7172988455863207,0.12498915024737436,98.33125
267,features.4.3.block.1.0.weight,weight,8,8640,43783,38295,82078,859315,126083,245509,43198,9.499768518518518,10.46949243402617,2.9911669387655646,1.5361363580983942,99.45775462962963
268,features.4.3.block.1.1.weight,weight,8,960,4957,1749,6706,81351,15042,26071,3310,6.985416666666667,12.131076647778109,3.887712496271995,2.2430659111243663,84.740625
269,features.4.3.block.1.1.bias,bias,12,960,0,11521,11521,93948,1440,19635,12480,12.001041666666667,8.154500477389115,1.7042791424355526,0.12498915024737436,97.8625
270,features.4.3.block.2.fc1.weight,weight,8,38400,104961,10563,115524,1662386,356265,565936,37306,3.0084375,14.389962258924552,4.8988608427686025,3.0839046431910253,43.291302083333335
271,features.4.3.block.2.fc1.bias,bias,12,40,0,481,481,3823,61,787,520,12.025,7.948024948024948,1.636174636174636,0.12681912681912683,95.575
272,features.4.3.block.2.fc2.weight,weight,8,38400,118667,23907,142574,1922951,390954,639659,54958,3.7128645833333334,13.487389005007925,4.486505253412263,2.742112867703789,50.076848958333336
273,features.4.3.block.2.fc2.bias,bias,12,960,0,11521,11521,91863,1440,18940,12480,12.001041666666667,7.973526603593438,1.6439545178369934,0.12498915024737436,95.690625
274,features.4.3.block.3.0.weight,weight,8,153600,736291,353560,1089851,12700894,2207142,3908371,521973,7.095384114583333,11.653789371207624,3.5861516849550994,2.0251777536562336,82.68811197916666
275,features.4.3.block.3.1.weight,weight,8,160,0,1281,1281,9597,160,1918,1280,8.00625,7.491803278688525,1.4972677595628416,0.1249024199843872,59.98125
276,features.4.3.block.3.1.bias,bias,12,160,0,1921,1921,15206,240,3121,2080,12.00625,7.9156689224362315,1.6246746486205101,0.12493492972410203,95.0375
277,features.4.4.block.0.0.weight,weight,8,153600,771959,386465,1158424,13313009,2283090,4038844,554104,7.541822916666667,11.492345635104245,3.486498898503484,1.970858683867047,86.67323567708333
278,features.4.4.block.0.1.weight,weight,8,960,5055,2324,7379,86202,14857,26144,3489,7.686458333333333,11.682070741292858,3.543027510502778,2.0134164520937796,89.79375
279,features.4.4.block.0.1.bias,bias,12,960,0,11521,11521,95142,1440,20033,12480,12.001041666666667,8.25813731446923,1.7388247547955906,0.12498915024737436,99.10625
280,features.4.4.block.1.0.weight,weight,8,8640,43671,39367,83038,865812,126063,247769,44328,9.610879629629629,10.426696211373105,2.9838025964016475,1.5181362749584528,100.20972222222223
281,features.4.4.block.1.1.weight,weight,8,960,4837,1560,6397,78815,14759,25408,3079,6.663541666666666,12.320619040175082,3.971861810223542,2.307175238392997,82.09895833333333
282,features.4.4.block.1.1.bias,bias,12,960,0,11521,11521,94944,1440,19967,12480,12.001041666666667,8.240951306310215,1.7330960854092528,0.12498915024737436,98.9
283,features.4.4.block.2.fc1.weight,weight,8,38400,83321,5016,88337,1335674,296926,461227,23097,2.300442708333333,15.12021010448623,5.221221005920509,3.361286889978152,34.783177083333335
284,features.4.4.block.2.fc1.bias,bias,12,40,0,481,481,3602,60,713,520,12.025,7.488565488565489,1.4823284823284824,0.12474012474012475,90.05
285,features.4.4.block.2.fc2.weight,weight,8,38400,90399,8193,98592,1449474,315885,496852,29346,2.5675,14.701740506329115,5.039475819539111,3.203961781888997,37.74671875
286,features.4.4.block.2.fc2.bias,bias,12,960,0,11521,11521,92178,1440,19045,12480,12.001041666666667,8.000867980210051,1.653068310042531,0.12498915024737436,96.01875
287,features.4.4.block.3.0.weight,weight,8,153600,749497,405625,1155122,13182583,2228488,3995896,563567,7.5203255208333335,11.412286321271692,3.459284820131553,1.9292230604213234,85.82410807291667
288,features.4.4.block.3.1.weight,weight,8,160,0,1281,1281,9608,161,1922,1280,8.00625,7.5003903200624515,1.500390320062451,0.12568306010928962,60.05
289,features.4.4.block.3.1.bias,bias,12,160,0,1921,1921,15236,240,3131,2080,12.00625,7.931285788651744,1.6298802706923476,0.12493492972410203,95.225
290,features.4.5.block.0.0.weight,weight,8,153600,777164,470894,1248058,13906435,2278255,4130072,615622,8.125377604166667,11.142458924184613,3.309198771210953,1.8254400035895768,90.53668619791667
291,features.4.5.block.0.1.weight,weight,8,960,4977,2291,7268,84582,14579,25492,3374,7.570833333333334,11.637589433131536,3.507429829389103,2.005916345624656,88.10625
292,features.4.5.block.0.1.bias,bias,12,960,0,11521,11521,95844,1440,20267,12480,12.001041666666667,8.319069525214825,1.759135491710789,0.12498915024737436,99.8375
293,features.4.5.block.1.0.weight,weight,8,8640,43931,38280,82211,863312,127022,248137,43779,9.515162037037037,10.501173808857695,3.0182943888287457,1.545073043753269,99.92037037037036
294,features.4.5.block.1.1.weight,weight,8,960,4868,1515,6383,78563,14645,24941,2915,6.648958333333334,12.308162306125647,3.9074103086323047,2.2943756854143817,81.83645833333334
295,features.4.5.block.1.1.bias,bias,12,960,0,11521,11521,94410,1440,19789,12480,12.001041666666667,8.194601163093482,1.717646037670341,0.12498915024737436,98.34375
296,features.4.5.block.2.fc1.weight,weight,8,38400,55293,856,56149,927532,219787,328229,7775,1.4622135416666666,16.519118773263994,5.845678462661846,3.9143528825090383,24.15447916666667
297,features.4.5.block.2.fc1.bias,bias,12,40,0,481,481,3317,60,618,520,12.025,6.896049896049896,1.2848232848232848,0.12474012474012475,82.925
298,features.4.5.block.2.fc2.weight,weight,8,38400,72231,9186,81417,1204541,264282,412566,22553,2.120234375,14.794711178255156,5.067320092855301,3.24602969895722,31.368255208333334
299,features.4.5.block.2.fc2.bias,bias,12,960,0,11521,11521,92457,1440,19138,12480,12.001041666666667,8.02508462807048,1.6611405259960073,0.12498915024737436,96.309375
300,features.4.5.block.3.0.weight,weight,8,153600,734966,413155,1148121,13075476,2196213,3973281,567328,7.47474609375,11.388587091430258,3.460681409015252,1.9128759076787203,85.126796875
301,features.4.5.block.3.1.weight,weight,8,160,0,1281,1281,9485,161,1881,1280,8.00625,7.404371584699454,1.468384074941452,0.12568306010928962,59.28125
302,features.4.5.block.3.1.bias,bias,12,160,0,1921,1921,15122,240,3093,2080,12.00625,7.871941697032796,1.610098906819365,0.12493492972410203,94.5125
303,features.4.6.block.0.0.weight,weight,8,153600,774044,438474,1212518,13665522,2278771,4091350,592861,7.893997395833333,11.270366295593137,3.3742591862553795,1.879370862948014,88.9682421875
304,features.4.6.block.0.1.weight,weight,8,960,5052,2426,7478,86976,14840,26568,3582,7.789583333333334,11.630917357582241,3.552821610056165,1.9844878309708478,90.6
305,features.4.6.block.0.1.bias,bias,12,960,0,11521,11521,95606,1441,20188,12480,12.001041666666667,8.298411596215606,1.7522784480513844,0.12507594826837948,99.58958333333334
306,features.4.6.block.1.0.weight,weight,8,8640,44027,28723,72750,798870,128038,234283,36040,8.42013888888889,10.981030927835052,3.220384879725086,1.7599725085910654,92.46180555555556
307,features.4.6.block.1.1.weight,weight,8,960,4884,1292,6176,77862,14908,25286,2892,6.433333333333334,12.607189119170984,4.0942357512953365,2.413860103626943,81.10625
308,features.4.6.block.1.1.bias,bias,12,960,0,11521,11521,94710,1440,19889,12480,12.001041666666667,8.220640569395018,1.7263258397708532,0.12498915024737436,98.65625
309,features.4.6.block.2.fc1.weight,weight,8,38400,63318,2621,65939,1050815,241629,368145,12655,1.7171614583333332,15.936168276740624,5.583114696916847,3.664432278317839,27.364973958333334
310,features.4.6.block.2.fc1.bias,bias,12,40,0,481,481,3410,60,649,520,12.025,7.08939708939709,1.3492723492723493,0.12474012474012475,85.25
311,features.4.6.block.2.fc2.weight,weight,8,38400,72568,6348,78916,1194247,266584,413237,20624,2.0551041666666667,15.133141568249785,5.236415935931877,3.3780728876273507,31.100182291666666
312,features.4.6.block.2.fc2.bias,bias,12,960,0,11521,11521,91272,1440,18743,12480,12.001041666666667,7.922228973179411,1.6268553076989845,0.12498915024737436,95.075
313,features.4.6.block.3.0.weight,weight,8,153600,741771,367846,1109617,12867306,2221757,3950040,536649,7.224069010416667,11.59616876814252,3.5598228938453538,2.0022737575217393,83.7715234375
314,features.4.6.block.3.1.weight,weight,8,160,0,1281,1281,9522,160,1893,1280,8.00625,7.433255269320843,1.4777517564402811,0.1249024199843872,59.5125
315,features.4.6.block.3.1.bias,bias,12,160,0,1921,1921,15209,240,3122,2080,12.00625,7.917230609057782,1.625195210827694,0.12493492972410203,95.05625
316,features.4.7.block.0.0.weight,weight,8,153600,771623,402129,1173752,13419744,2283210,4063382,568263,7.641614583333333,11.433202243744846,3.461874399362046,1.9452235225158296,87.368125
317,features.4.7.block.0.1.weight,weight,8,960,4937,1842,6779,81787,14652,25462,3103,7.061458333333333,12.064758813984364,3.7560112110930817,2.1613807346216256,85.19479166666666
318,features.4.7.block.0.1.bias,bias,12,960,0,11521,11521,95361,1440,20106,12480,12.001041666666667,8.277146081069352,1.7451610103289645,0.12498915024737436,99.334375
319,features.4.7.block.1.0.weight,weight,8,8640,43799,33360,77159,827238,126985,239837,39605,8.930439814814815,10.721212042665146,3.1083476976114257,1.6457574618644617,95.74513888888889
320,features.4.7.block.1.1.weight,weight,8,960,4994,1244,6238,78796,15190,25611,2908,6.497916666666667,12.631612696377044,4.105642834241745,2.4350753446617506,82.07916666666667
321,features.4.7.block.1.1.bias,bias,12,960,0,11521,11521,20646,1440,4321,1920,12.001041666666667,1.7920319416717299,0.3750542487631282,0.12498915024737436,21.50625
322,features.4.7.block.2.fc1.weight,weight,8,38400,61270,1760,63030,1018644,235890,357926,10843,1.64140625,16.161256544502617,5.678660955100746,3.742503569728701,26.5271875
323,features.4.7.block.2.fc1.bias,bias,12,40,0,481,481,3632,60,723,520,12.025,7.550935550935551,1.503118503118503,0.12474012474012475,90.8
324,features.4.7.block.2.fc2.weight,weight,8,38400,72396,4801,77197,1185137,266127,411355,18765,2.0103385416666666,15.352112128709665,5.328639713978522,3.4473748979882637,30.862942708333332
325,features.4.7.block.2.fc2.bias,bias,12,960,0,11521,11521,91542,1440,18833,12480,12.001041666666667,7.945664438850794,1.6346671295894453,0.12498915024737436,95.35625
326,features.4.7.block.3.0.weight,weight,8,153600,742398,371088,1113486,12901457,2224563,3964220,541134,7.2492578125,11.58654621611767,3.56018845320013,1.9978365242131468,83.99386067708333
327,features.4.7.block.3.1.weight,weight,8,160,0,1281,1281,9408,160,1855,1280,8.00625,7.344262295081967,1.4480874316939891,0.1249024199843872,58.8
328,features.4.7.block.3.1.bias,bias,12,160,0,1921,1921,15176,240,3111,2080,12.00625,7.900052056220718,1.6194690265486726,0.12493492972410203,94.85
329,features.4.8.block.0.0.weight,weight,8,153600,775651,409966,1185617,13520698,2292801,4086918,576301,7.718860677083334,11.403933985426997,3.4470811400308867,1.93384625895209,88.02537760416666
330,features.4.8.block.0.1.weight,weight,8,960,4944,1433,6377,79832,14866,25456,2895,6.642708333333333,12.518739219068527,3.9918456954680885,2.3311902148345616,83.15833333333333
331,features.4.8.block.0.1.bias,bias,12,960,0,11521,11521,20646,1440,4321,1920,12.001041666666667,1.7920319416717299,0.3750542487631282,0.12498915024737436,21.50625
332,features.4.8.block.1.0.weight,weight,8,8640,43864,35688,79552,842273,126579,242092,41245,9.207407407407407,10.587703640386163,3.043191874497184,1.5911479283990346,97.48530092592593
333,features.4.8.block.1.1.weight,weight,8,960,5000,1220,6220,78823,15397,25997,3030,6.479166666666667,12.672508038585208,4.179581993569132,2.47540192926045,82.10729166666667
334,features.4.8.block.1.1.bias,bias,12,960,0,11521,11521,94859,1441,19939,12480,12.001041666666667,8.23357347452478,1.7306657408211092,0.12507594826837948,98.81145833333333
335,features.4.8.block.2.fc1.weight,weight,8,38400,82561,6431,88992,1334258,294469,459377,23752,2.3175,14.993010607695073,5.162003326141676,3.308937882056814,34.74630208333333
336,features.4.8.block.2.fc1.bias,bias,12,40,0,481,481,3767,60,768,520,12.025,7.831600831600832,1.5966735966735968,0.12474012474012475,94.175
337,features.4.8.block.2.fc2.weight,weight,8,38400,116259,21861,138120,1876133,385174,626407,52312,3.596875,13.5833550535766,4.535237474659716,2.7886909933391255,48.85763020833333
338,features.4.8.block.2.fc2.bias,bias,12,960,0,11521,11521,93270,1440,19409,12480,12.001041666666667,8.095651419147643,1.684662789688395,0.12498915024737436,97.15625
339,features.4.8.block.3.0.weight,weight,8,153600,770079,401639,1171718,13409597,2282977,4067897,569869,7.628372395833333,11.444389349655804,3.4717372268754088,1.9484014071645226,87.30206380208334
340,features.4.8.block.3.1.weight,weight,8,160,0,1281,1281,9654,160,1937,1280,8.00625,7.5362997658079625,1.5120999219359874,0.1249024199843872,60.3375
341,features.4.8.block.3.1.bias,bias,12,160,0,1921,1921,15314,240,3157,2080,12.00625,7.971889640812077,1.6434148880791255,0.12493492972410203,95.7125
342,features.4.9.block.0.0.weight,weight,8,153600,775576,427296,1202872,13636236,2290877,4110408,590003,7.8311979166666665,11.336398220259513,3.41716159325348,1.9045060488564036,88.777578125
343,features.4.9.block.0.1.weight,weight,8,960,4813,1568,6381,79058,14547,25197,2963,6.646875,12.38959410750666,3.94875411377527,2.2797367183826984,82.35208333333334
344,features.4.9.block.0.1.bias,bias,12,960,0,11521,11521,95985,1440,20314,12480,12.001041666666667,8.331308046176547,1.7632149986980297,0.12498915024737436,99.984375
345,features.4.9.block.1.0.weight,weight,8,8640,44183,34245,78428,837942,127696,242040,40319,9.077314814814814,10.684219921456622,3.086142704136278,1.6281940123425307,96.98402777777778
346,features.4.9.block.1.1.weight,weight,8,960,4505,1099,5604,71921,13979,23595,2550,5.8375,12.833868665239114,4.210385438972163,2.4944682369735904,74.91770833333334
347,features.4.9.block.1.1.bias,bias,12,960,0,11521,11521,95118,1440,20025,12480,12.001041666666667,8.256054161965107,1.7381303706275497,0.12498915024737436,99.08125
348,features.4.9.block.2.fc1.weight,weight,8,38400,104139,14485,118624,1681067,353117,569101,40338,3.089166666666667,14.171390275155112,4.797519894793633,2.976775357431886,43.77778645833333
349,features.4.9.block.2.fc1.bias,bias,12,40,0,481,481,3691,61,743,520,12.025,7.673596673596673,1.5446985446985446,0.12681912681912683,92.275
350,features.4.9.block.2.fc2.weight,weight,8,38400,120383,36213,156596,2029229,395662,667456,66586,4.078020833333333,12.958370584178395,4.262280007152162,2.5266418043883623,52.84450520833333
351,features.4.9.block.2.fc2.bias,bias,12,960,0,11521,11521,91895,1441,18951,12480,12.001041666666667,7.976304140265602,1.6449092960680496,0.12507594826837948,95.72395833333333
352,features.4.9.block.3.0.weight,weight,8,153600,747726,298272,1045998,12526888,2257583,3935084,494478,6.8098828125,11.97601525050717,3.7620377859231087,2.1583052740062603,81.55526041666667
353,features.4.9.block.3.1.weight,weight,8,160,0,1281,1281,9531,160,1896,1280,8.00625,7.4402810304449645,1.4800936768149884,0.1249024199843872,59.56875
354,features.4.9.block.3.1.bias,bias,12,160,0,1921,1921,15041,240,3066,2080,12.00625,7.829776158250911,1.5960437272254033,0.12493492972410203,94.00625
355,features.5.0.block.0.0.weight,weight,8,153600,784033,504056,1288089,14177097,2281046,4163167,636172,8.38599609375,11.006302359541927,3.232049182936893,1.7708760807677109,92.29880859375
356,features.5.0.block.0.1.weight,weight,8,960,0,7681,7681,57818,961,11592,7680,8.001041666666667,7.527405285770082,1.509178492383804,0.12511391745866424,60.22708333333333
357,features.5.0.block.0.1.bias,bias,12,960,0,11521,11521,90519,1440,18492,12480,12.001041666666667,7.856870063362555,1.605069004426699,0.12498915024737436,94.290625
358,features.5.0.block.1.0.weight,weight,8,24000,118185,41720,159905,1950313,361123,625437,77301,6.662708333333334,12.19669803946093,3.911303586504487,2.258359651042807,81.26304166666667
359,features.5.0.block.1.1.weight,weight,8,960,4857,3721,8578,91429,13955,26175,4300,8.935416666666667,10.658545115411519,3.0514105852179996,1.6268360923292142,95.23854166666666
360,features.5.0.block.1.1.bias,bias,12,960,0,11521,11521,92433,1440,19130,12480,12.001041666666667,8.023001475566357,1.6604461418279663,0.12498915024737436,96.284375
361,features.5.0.block.2.fc1.weight,weight,8,38400,176368,26286,202654,2706566,550154,900854,85269,5.277447916666667,13.355601172441698,4.4452811195436555,2.714745329477829,70.48348958333334
362,features.5.0.block.2.fc1.bias,bias,12,40,0,481,481,3784,61,774,520,12.025,7.866943866943867,1.6091476091476091,0.12681912681912683,94.6
363,features.5.0.block.2.fc2.weight,weight,8,38400,194076,72928,267004,3217703,582428,1011823,125404,6.953229166666667,12.051141555931746,3.7895424787643632,2.1813455978187593,83.79434895833333
364,features.5.0.block.2.fc2.bias,bias,12,960,0,11521,11521,89196,1440,18051,12480,12.001041666666667,7.74203628157278,1.5667910771634406,0.12498915024737436,92.9125
365,features.5.0.block.3.0.weight,weight,8,215040,1096915,758477,1855392,20186318,3182098,5887095,929033,8.628125,10.879812999085907,3.1729656051120196,1.7150542850244046,93.87238653273809
366,features.5.0.block.3.1.weight,weight,8,224,0,1793,1793,14001,224,2874,1792,8.004464285714286,7.8087005019520355,1.6029001673173453,0.1249302844394869,62.504464285714285
367,features.5.0.block.3.1.bias,bias,12,224,0,2689,2689,21304,336,4375,2912,12.004464285714286,7.922647824470063,1.626998884343622,0.12495351431759018,95.10714285714286
368,features.5.1.block.0.0.weight,weight,8,301056,1532871,1210851,2743722,29234207,4436549,8452623,1422563,9.113659917091837,10.654944998071961,3.080714081091306,1.6169819682897904,97.1055451477466
369,features.5.1.block.0.1.weight,weight,8,1344,0,10753,10753,82224,1344,16655,10752,8.000744047619047,7.6466102483028,1.5488700827675996,0.12498837533711522,61.17857142857143
370,features.5.1.block.0.1.bias,bias,12,1344,0,16129,16129,130524,2016,27155,17472,12.000744047619047,8.09250418500837,1.6836133672267344,0.12499224998449997,97.11607142857143
371,features.5.1.block.1.0.weight,weight,8,33600,171991,108720,280711,3097289,499246,907085,136977,8.354494047619047,11.03372863906295,3.2313838787934923,1.7785052954818301,92.18122023809524
372,features.5.1.block.1.1.weight,weight,8,1344,6807,4249,11056,123889,19756,36328,5340,8.226190476190476,11.20558972503618,3.2858176555716354,1.786903039073806,92.17931547619048
373,features.5.1.block.1.1.bias,bias,12,1344,0,16129,16129,131232,2016,27391,17472,12.000744047619047,8.136400272800545,1.698245396490793,0.12499224998449997,97.64285714285714
374,features.5.1.block.2.fc1.weight,weight,8,75264,305209,46809,352018,4740853,973099,1589514,145370,4.677109906462585,13.467643700038066,4.515433869858928,2.7643444369322023,62.98964976615646
375,features.5.1.block.2.fc1.bias,bias,12,56,0,673,673,5194,84,1049,728,12.017857142857142,7.7176820208023775,1.5586924219910847,0.12481426448736999,92.75
376,features.5.1.block.2.fc2.weight,weight,8,75264,356169,181098,537267,6215050,1072592,1920627,263841,7.138432716836735,11.56789827031997,3.5748091730927083,1.9963854098613911,82.57666347789116
377,features.5.1.block.2.fc2.bias,bias,12,1344,0,16129,16129,128457,2016,26466,17472,12.000744047619047,7.964349928699858,1.6408952817905635,0.12499224998449997,95.578125
378,features.5.1.block.3.0.weight,weight,8,301056,1520446,1115545,2635991,28459842,4418450,8286411,1349003,8.755816193664966,10.796638531770405,3.1435657405507076,1.676200715404567,94.53338249362245
379,features.5.1.block.3.1.weight,weight,8,224,1135,945,2080,21902,3240,6197,1054,9.285714285714286,10.529807692307692,2.9793269230769233,1.5576923076923077,97.77678571428571
380,features.5.1.block.3.1.bias,bias,12,224,0,2689,2689,21169,336,4330,2912,12.004464285714286,7.87244328746746,1.6102640386760878,0.12495351431759018,94.50446428571429
381,features.5.2.block.0.0.weight,weight,8,301056,1533358,1210125,2743483,29232781,4436726,8449820,1421280,9.112866044855442,10.655353432115307,3.0799607652024816,1.6171873490741513,97.10080848745748
382,features.5.2.block.0.1.weight,weight,8,1344,0,10753,10753,82325,1345,16689,10752,8.000744047619047,7.656002975913698,1.5520319910722589,0.12508137264019342,61.25372023809524
383,features.5.2.block.0.1.bias,bias,12,1344,0,16129,16129,131727,2016,27556,17472,12.000744047619047,8.167090334180669,1.7084754169508338,0.12499224998449997,98.01116071428571
384,features.5.2.block.1.0.weight,weight,8,33600,171648,114106,285754,3128901,498438,914638,141646,8.504583333333333,10.94963150122133,3.200788090455427,1.7442905436144376,93.12205357142857
385,features.5.2.block.1.1.weight,weight,8,1344,7007,3982,10989,124650,20379,36969,5305,8.176339285714286,11.343161343161343,3.3641823641823643,1.8544908544908545,92.74553571428571
386,features.5.2.block.1.1.bias,bias,12,1344,0,16129,16129,131592,2016,27511,17472,12.000744047619047,8.158720317440634,1.7056854113708226,0.12499224998449997,97.91071428571429
387,features.5.2.block.2.fc1.weight,weight,8,75264,227558,16728,244286,3525230,761923,1204336,79460,3.2457217261904763,14.430749203802101,4.930024643246031,3.118979393006558,46.83819621598639
388,features.5.2.block.2.fc1.bias,bias,12,56,0,673,673,5101,84,1018,728,12.017857142857142,7.579494799405646,1.512630014858841,0.12481426448736999,91.08928571428571
389,features.5.2.block.2.fc2.weight,weight,8,75264,322169,168039,490208,5697152,985164,1770213,241413,6.513180272108843,11.621907435211176,3.611146696912331,2.0096856844441544,75.69557823129252
390,features.5.2.block.2.fc2.bias,bias,12,1344,0,16129,16129,127941,2016,26294,17472,12.000744047619047,7.93235786471573,1.6302312604625209,0.12499224998449997,95.19419642857143
391,features.5.2.block.3.0.weight,weight,8,301056,1523093,984132,2507225,27662531,4455039,8176171,1252846,8.328101748511905,11.03312666394121,3.2610439828894493,1.776880415598919,91.88500146152211
392,features.5.2.block.3.1.weight,weight,8,224,1127,1006,2133,22169,3215,6243,1101,9.522321428571429,10.393342709798405,2.926863572433193,1.5072667604313175,98.96875
393,features.5.2.block.3.1.bias,bias,12,224,0,2689,2689,21160,336,4327,2912,12.004464285714286,7.869096318333953,1.6091483822982522,0.12495351431759018,94.46428571428571
394,features.5.3.block.0.0.weight,weight,8,301056,1532880,1032008,2564888,28046322,4458255,8214375,1281477,8.519637542517007,10.934716057777182,3.2026252218420455,1.7381870085555393,93.15981744260205
395,features.5.3.block.0.1.weight,weight,8,1344,0,10753,10753,81939,1344,16560,10752,8.000744047619047,7.620106016925509,1.5400353389751698,0.12498837533711522,60.966517857142854
396,features.5.3.block.0.1.bias,bias,12,1344,0,16129,16129,131883,2016,27608,17472,12.000744047619047,8.176762353524706,1.7116994233988467,0.12499224998449997,98.12723214285714
397,features.5.3.block.1.0.weight,weight,8,33600,171327,118805,290132,3155974,497869,921523,145865,8.634880952380952,10.877717728482208,3.1762197896130036,1.7160085754070562,93.92779761904762
398,features.5.3.block.1.1.weight,weight,8,1344,6947,3577,10524,121385,20326,36397,5002,7.830357142857143,11.534112504751045,3.458475864690232,1.9313949068795135,90.31622023809524
399,features.5.3.block.1.1.bias,bias,12,1344,0,16129,16129,131583,2016,27508,17472,12.000744047619047,8.158162316324633,1.705499410998822,0.12499224998449997,97.90401785714286
400,features.5.3.block.2.fc1.weight,weight,8,75264,170220,6912,177132,2697462,602584,933847,44966,2.3534757653061225,15.228541426732606,5.2720400605198385,3.401892374048732,35.84000318877551
401,features.5.3.block.2.fc1.bias,bias,12,56,0,673,673,5146,84,1033,728,12.017857142857142,7.646359583952452,1.534918276374443,0.12481426448736999,91.89285714285714
402,features.5.3.block.2.fc2.weight,weight,8,75264,283934,61445,345379,4522587,899380,1480560,140891,4.588900403911564,13.094562784651064,4.286769027647888,2.6040378830212605,60.08964445153061
403,features.5.3.block.2.fc2.bias,bias,12,1344,0,16129,16129,128757,2016,26566,17472,12.000744047619047,7.982949965899932,1.6470952941905883,0.12499224998449997,95.80133928571429
404,features.5.3.block.3.0.weight,weight,8,301056,1496684,913239,2409923,26906538,4407497,8028268,1195004,8.004899420705783,11.164895309933138,3.3313379722090706,1.8288953630468692,89.37386399872449
405,features.5.3.block.3.1.weight,weight,8,224,1131,972,2103,22048,3242,6255,1089,9.388392857142858,10.484070375653827,2.9743223965763197,1.5416072277698525,98.42857142857143
406,features.5.3.block.3.1.bias,bias,12,224,0,2689,2689,20965,336,4262,2912,12.004464285714286,7.796578653774637,1.5849758274451469,0.12495351431759018,93.59375
407,features.5.4.block.0.0.weight,weight,8,301056,1522970,893185,2416155,27076951,4471966,8073737,1185826,8.025599888392858,11.20662829992281,3.341564179450408,1.850860561511989,89.93991483312075
408,features.5.4.block.0.1.weight,weight,8,1344,0,10753,10753,83198,1345,16980,10752,8.000744047619047,7.737189621500977,1.5790942062680182,0.12508137264019342,61.90327380952381
409,features.5.4.block.0.1.bias,bias,12,1344,0,16129,16129,132669,2016,27870,17472,12.000744047619047,8.225494450988903,1.7279434558869118,0.12499224998449997,98.71205357142857
410,features.5.4.block.1.0.weight,weight,8,33600,170614,112067,282681,3106123,498326,914620,141489,8.413125,10.988085509814951,3.2355198969863554,1.76285636459472,92.4441369047619
411,features.5.4.block.1.1.weight,weight,8,1344,7006,4890,11896,130858,20196,38008,5938,8.851190476190476,11.000168123739073,3.19502353732347,1.6977135171486213,97.36458333333333
412,features.5.4.block.1.1.bias,bias,12,1344,0,16129,16129,132504,2016,27815,17472,12.000744047619047,8.215264430528862,1.7245334490668982,0.12499224998449997,98.58928571428571
413,features.5.4.block.2.fc1.weight,weight,8,75264,117089,1678,118767,1938997,454999,684249,18939,1.5780054209183674,16.32605858529726,5.76127207052464,3.8310220852593733,25.762608949829932
414,features.5.4.block.2.fc1.bias,bias,12,56,0,673,673,5002,84,985,728,12.017857142857142,7.432392273402675,1.463595839524517,0.12481426448736999,89.32142857142857
415,features.5.4.block.2.fc2.weight,weight,8,75264,143255,7205,150460,2319704,525589,806339,36124,1.9990965136054422,15.417413265984315,5.359158580353582,3.4932141432938986,30.82089710884354
416,features.5.4.block.2.fc2.bias,bias,12,1344,0,16129,16129,128673,2016,26538,17472,12.000744047619047,7.977741955483911,1.6453592907185814,0.12499224998449997,95.73883928571429
417,features.5.4.block.3.0.weight,weight,8,301056,1433146,714868,2148014,24909644,4296383,7634797,1032590,7.134931707057823,11.596592945856033,3.554351601060328,2.00016526894145,82.7408987032313
418,features.5.4.block.3.1.weight,weight,8,224,1142,880,2022,21530,3269,6132,1008,9.026785714285714,10.647873392680514,3.0326409495548963,1.6167161226508409,96.11607142857143
419,features.5.4.block.3.1.bias,bias,12,224,0,2689,2689,21178,336,4333,2912,12.004464285714286,7.8757902566009665,1.6113796950539234,0.12495351431759018,94.54464285714286
420,features.5.5.block.0.0.weight,weight,8,301056,1511757,902404,2414161,27031234,4452042,8075421,1195697,8.018976535926871,11.196947510957223,3.345021728045478,1.844136327278918,89.78805936437075
421,features.5.5.block.0.1.weight,weight,8,1344,0,10753,10753,83052,1344,16931,10752,8.000744047619047,7.7236120152515575,1.574537338417186,0.12498837533711522,61.794642857142854
422,features.5.5.block.0.1.bias,bias,12,1344,0,16129,16129,132603,2016,27848,17472,12.000744047619047,8.221402442804886,1.7265794531589063,0.12499224998449997,98.66294642857143
423,features.5.5.block.1.0.weight,weight,8,33600,170250,99373,269623,3020084,499821,899466,132056,8.024494047619047,11.201136401568116,3.3360136190161818,1.853777311282791,89.88345238095238
424,features.5.5.block.1.1.weight,weight,8,1344,7246,3750,10996,126538,21036,37690,5250,8.181547619047619,11.507639141506003,3.427610040014551,1.9130592942888323,94.15029761904762
425,features.5.5.block.1.1.bias,bias,12,1344,0,16129,16129,132747,2016,27896,17472,12.000744047619047,8.230330460660921,1.7295554591109181,0.12499224998449997,98.77008928571429
426,features.5.5.block.2.fc1.weight,weight,8,75264,128114,2620,130734,2096958,485462,736129,23940,1.7370057397959184,16.039882509523153,5.630738751969648,3.7133568926216594,27.861367984693878
427,features.5.5.block.2.fc1.bias,bias,12,56,0,673,673,4987,84,980,728,12.017857142857142,7.410104011887073,1.4561664190193164,0.12481426448736999,89.05357142857143
428,features.5.5.block.2.fc2.weight,weight,8,75264,178402,15054,193456,2843213,620645,972822,57356,2.5703656462585034,14.696949177073856,5.028647340997436,3.208197212802911,37.776533269557824
429,features.5.5.block.2.fc2.bias,bias,12,1344,0,16129,16129,129780,2016,26907,17472,12.000744047619047,8.046376092752185,1.668237336474673,0.12499224998449997,96.5625
430,features.5.5.block.3.0.weight,weight,8,301056,1435457,747246,2182703,25168042,4303017,7700519,1061670,7.250156117134353,11.530676413602766,3.5279738012913344,1.9714166334127914,83.59920413477892
431,features.5.5.block.3.1.weight,weight,8,224,1127,860,1987,21092,3225,5999,979,8.870535714285714,10.614997483643684,3.019124308002013,1.623049823855058,94.16071428571429
432,features.5.5.block.3.1.bias,bias,12,224,0,2689,2689,21256,336,4359,2912,12.004464285714286,7.9047973224246935,1.6210487169951655,0.12495351431759018,94.89285714285714
433,features.5.6.block.0.0.weight,weight,8,301056,1503175,928180,2431355,27109706,4431014,8091085,1215020,8.076088833971088,11.150040203919215,3.32780897894384,1.822446331366666,90.04871518920068
434,features.5.6.block.0.1.weight,weight,8,1344,0,10753,10753,80772,1344,16171,10752,8.000744047619047,7.511578164233237,1.5038593880777458,0.12498837533711522,60.098214285714285
435,features.5.6.block.0.1.bias,bias,12,1344,0,16129,16129,133269,2016,28070,17472,12.000744047619047,8.262694525389051,1.7403434806869613,0.12499224998449997,99.15848214285714
436,features.5.6.block.1.0.weight,weight,8,33600,169217,101859,271076,3028233,497695,902290,134176,8.067738095238095,11.171158641856897,3.3285499269577534,1.8359980226947423,90.12598214285714
437,features.5.6.block.1.1.weight,weight,8,1344,5511,9,5520,83772,17537,28556,1482,4.107142857142857,15.17608695652174,5.173188405797101,3.1769927536231886,62.330357142857146
438,features.5.6.block.1.1.bias,bias,12,1344,0,16129,16129,133428,2016,28123,17472,12.000744047619047,8.272552545105091,1.7436294872589746,0.12499224998449997,99.27678571428571
439,features.5.6.block.2.fc1.weight,weight,8,75264,124573,2787,127360,2051263,475416,720461,22308,1.6921768707482994,16.106022298994976,5.656885992462311,3.73285175879397,27.254238414115648
440,features.5.6.block.2.fc1.bias,bias,12,56,0,673,673,4845,85,933,728,12.017857142857142,7.199108469539376,1.3863298662704309,0.1263001485884101,86.51785714285714
441,features.5.6.block.2.fc2.weight,weight,8,75264,200549,30537,231086,3220882,677714,1080973,80080,3.0703390731292517,13.938023073660888,4.677795279679427,2.9327349990912475,42.794456845238095
442,features.5.6.block.2.fc2.bias,bias,12,1344,0,16129,16129,129348,2016,26763,17472,12.000744047619047,8.019592039184078,1.6593093186186372,0.12499224998449997,96.24107142857143
443,features.5.6.block.3.0.weight,weight,8,301056,1449763,816661,2266424,25814286,4333685,7851747,1124018,7.528247236394558,11.38987497485025,3.464376921529246,1.9121245627473058,85.74579480229592
444,features.5.6.block.3.1.weight,weight,8,224,1151,830,1981,21285,3316,6136,989,8.84375,10.744573447753659,3.0974255426552246,1.673902069661787,95.02232142857143
445,features.5.6.block.3.1.bias,bias,12,224,0,2689,2689,21169,336,4330,2912,12.004464285714286,7.87244328746746,1.6102640386760878,0.12495351431759018,94.50446428571429
446,features.5.7.block.0.0.weight,weight,8,301056,1491970,837742,2329712,26407354,4421962,7967474,1145688,7.738467261904762,11.335029394191213,3.4199394603281434,1.898072379761962,87.71575387967687
447,features.5.7.block.0.1.weight,weight,8,1344,0,10753,10753,83283,1344,17008,10752,8.000744047619047,7.745094392262624,1.5816981307542082,0.12498837533711522,61.966517857142854
448,features.5.7.block.0.1.bias,bias,12,1344,0,16129,16129,132966,2016,27969,17472,12.000744047619047,8.243908487816975,1.7340814681629364,0.12499224998449997,98.93303571428571
449,features.5.7.block.1.0.weight,weight,8,33600,168781,92284,261065,2960665,498321,889752,126900,7.769791666666666,11.340719744125026,3.4081627180970258,1.9088004902993507,88.11502976190476
450,features.5.7.block.1.1.weight,weight,8,1344,0,10753,10753,83382,1344,17041,10752,8.000744047619047,7.754301125267367,1.584767041755789,0.12498837533711522,62.04017857142857
451,features.5.7.block.1.1.bias,bias,12,1344,0,16129,16129,133062,2016,28001,17472,12.000744047619047,8.249860499720999,1.7360654721309443,0.12499224998449997,99.00446428571429
452,features.5.7.block.2.fc1.weight,weight,8,75264,102389,8468,110857,1771788,411471,619079,18247,1.472908694727891,15.982644307531324,5.5844827119622575,3.71172772129861,23.540975765306122
453,features.5.7.block.2.fc1.bias,bias,12,56,0,673,673,4627,84,860,728,12.017857142857142,6.8751857355126305,1.2778603268945021,0.12481426448736999,82.625
454,features.5.7.block.2.fc2.weight,weight,8,75264,98847,8384,107231,1726711,402696,606270,17079,1.4247316113945578,16.10272216056924,5.65386875064114,3.7554065522097155,22.942057291666668
455,features.5.7.block.2.fc2.bias,bias,12,1344,0,16129,16129,129651,2016,26864,17472,12.000744047619047,8.038378076756153,1.6655713311426623,0.12499224998449997,96.46651785714286
456,features.5.7.block.3.0.weight,weight,8,301056,1419559,696452,2116011,24671628,4276468,7606236,1020866,7.028629225127551,11.659498934551852,3.594610803062933,2.0210046167056785,81.9502949617347
457,features.5.7.block.3.1.weight,weight,8,224,1129,971,2100,21992,3222,6202,1072,9.375,10.472380952380952,2.953333333333333,1.5342857142857143,98.17857142857143
458,features.5.7.block.3.1.bias,bias,12,224,0,2689,2689,21280,336,4367,2912,12.004464285714286,7.913722573447378,1.624023800669394,0.12495351431759018,95.0
459,features.5.8.block.0.0.weight,weight,8,301056,1486001,800973,2286974,26103233,4414063,7915541,1117196,7.5965069621598635,11.413873966210373,3.4611416657994365,1.9300888422867948,86.70557304953232
460,features.5.8.block.0.1.weight,weight,8,1344,0,10753,10753,17478,1344,4033,1344,8.000744047619047,1.6254068632009673,0.3750581233144239,0.12498837533711522,13.004464285714286
461,features.5.8.block.0.1.bias,bias,12,1344,0,16129,16129,28902,2016,6049,2688,12.000744047619047,1.7919275838551678,0.37503875007750015,0.12499224998449997,21.504464285714285
462,features.5.8.block.1.0.weight,weight,8,33600,168572,88380,256952,2932569,497836,882942,123413,7.647380952380952,11.412905912388306,3.436213767551916,1.937466919891653,87.27883928571428
463,features.5.8.block.1.1.weight,weight,8,1344,7389,3545,10934,127246,21537,38341,5260,8.135416666666666,11.637644046094751,3.5065849643314433,1.9697274556429487,94.67708333333333
464,features.5.8.block.1.1.bias,bias,12,1344,0,16129,16129,133644,2016,28195,17472,12.000744047619047,8.285944571889143,1.7480934961869923,0.12499224998449997,99.4375
465,features.5.8.block.2.fc1.weight,weight,8,75264,164383,6008,170391,2613929,585635,907987,43715,2.2639110331632653,15.340769172080686,5.328843659582959,3.437006649412234,34.73013658588435
466,features.5.8.block.2.fc1.bias,bias,12,56,0,673,673,5137,84,1030,728,12.017857142857142,7.632986627043091,1.5304606240713223,0.12481426448736999,91.73214285714286
467,features.5.8.block.2.fc2.weight,weight,8,75264,206876,26796,233672,3294335,697754,1112536,80063,3.104698129251701,14.098116162826527,4.761101030504297,2.986040261563217,43.77039487670068
468,features.5.8.block.2.fc2.bias,bias,12,1344,0,16129,16129,129315,2016,26752,17472,12.000744047619047,8.01754603509207,1.6586273172546344,0.12499224998449997,96.21651785714286
469,features.5.8.block.3.0.weight,weight,8,301056,1448746,708037,2156783,25100269,4348739,7727972,1042410,7.164059178358843,11.637827727685169,3.583101313391287,2.0163080847725525,83.37408654868197
470,features.5.8.block.3.1.weight,weight,8,224,1128,1154,2282,23265,3213,6489,1224,10.1875,10.195004382120947,2.8435582822085887,1.4079754601226995,103.86160714285714
471,features.5.8.block.3.1.bias,bias,12,224,0,2689,2689,21217,336,4346,2912,12.004464285714286,7.89029378951283,1.6162142060245444,0.12495351431759018,94.71875
472,features.5.9.block.0.0.weight,weight,8,301056,1502880,855047,2357927,26634951,4443139,8011975,1160893,7.832187367134353,11.295918406295021,3.397889332451768,1.8843412030991629,88.47174944196429
473,features.5.9.block.0.1.weight,weight,8,1344,0,10753,10753,82452,1344,16731,10752,8.000744047619047,7.667813633404632,1.5559378778015438,0.12498837533711522,61.348214285714285
474,features.5.9.block.0.1.bias,bias,12,1344,0,16129,16129,133884,2016,28275,17472,12.000744047619047,8.300824601649204,1.7530535061070123,0.12499224998449997,99.61607142857143
475,features.5.9.block.1.0.weight,weight,8,33600,170003,86017,256020,2932710,501371,883593,121847,7.619642857142857,11.455003515350363,3.451265526130771,1.9583274744160613,87.28303571428572
476,features.5.9.block.1.1.weight,weight,8,1344,7438,4043,11481,129861,21385,38298,5533,8.542410714285714,11.310948523647767,3.335772145283512,1.862642626948872,96.62276785714286
477,features.5.9.block.1.1.bias,bias,12,1344,0,16129,16129,133674,2016,28205,17472,12.000744047619047,8.287804575609151,1.748713497426995,0.12499224998449997,99.45982142857143
478,features.5.9.block.2.fc1.weight,weight,8,75264,123999,2662,126661,2039690,473982,717965,23637,1.6828895620748299,16.103536210830484,5.668398323082875,3.7421305689991393,27.10047300170068
479,features.5.9.block.2.fc1.bias,bias,12,56,0,673,673,5052,85,1002,728,12.017857142857142,7.5066864784546805,1.4888558692421991,0.1263001485884101,90.21428571428571
480,features.5.9.block.2.fc2.weight,weight,8,75264,159301,28877,188178,2656609,563795,892628,58910,2.5002391581632653,14.117532336404894,4.74353006196261,2.9960728671789476,35.29720716411565
481,features.5.9.block.2.fc2.bias,bias,12,1344,0,16129,16129,131244,2016,27395,17472,12.000744047619047,8.137144274288548,1.698493396986794,0.12499224998449997,97.65178571428571
482,features.5.9.block.3.0.weight,weight,8,301056,1470545,776438,2246983,25801441,4391113,7876373,1101688,7.463671210671769,11.482704141508858,3.5053104540621804,1.9542261779461616,85.70312832164116
483,features.5.9.block.3.1.weight,weight,8,224,0,1793,1793,13449,224,2690,1792,8.004464285714286,7.500836586726157,1.5002788622420524,0.1249302844394869,60.04017857142857
484,features.5.9.block.3.1.bias,bias,12,224,0,2689,2689,21172,336,4331,2912,12.004464285714286,7.873558943845295,1.6106359241353663,0.12495351431759018,94.51785714285714
485,features.6.0.block.0.0.weight,weight,8,301056,1530190,1288026,2818216,29712600,4419830,8543520,1481547,9.361102253401361,10.543052768134167,3.03153484331932,1.568307752138232,98.69459502551021
486,features.6.0.block.0.1.weight,weight,8,1344,6810,6375,13185,137141,19191,38077,6737,9.810267857142858,10.40128934395146,2.8879029199848314,1.4555176336746303,102.03943452380952
487,features.6.0.block.0.1.bias,bias,12,1344,0,16129,16129,129648,2016,26863,17472,12.000744047619047,8.038192076384153,1.665509331018662,0.12499224998449997,96.46428571428571
488,features.6.0.block.1.0.weight,weight,8,33600,0,268817,268817,2101756,33602,431769,268800,8.000505952380953,7.8185382620890795,1.6061819006982445,0.1249995349996466,62.552261904761906
489,features.6.0.block.1.1.weight,weight,8,1344,5733,6,5739,86660,18205,29672,1703,4.270089285714286,15.100191671022825,5.170238717546611,3.172155427774874,64.47916666666667
490,features.6.0.block.1.1.bias,bias,12,1344,0,16129,16129,123474,2016,24805,17472,12.000744047619047,7.655403310806622,1.5379130758261517,0.12499224998449997,91.87053571428571
491,features.6.0.block.2.fc1.weight,weight,8,75264,380744,137517,518261,6246829,1141961,1963477,240228,6.885908269557823,12.053442184536364,3.788587217637445,2.203447683696053,82.99889721513605
492,features.6.0.block.2.fc1.bias,bias,12,56,0,673,673,5287,84,1080,728,12.017857142857142,7.855869242199108,1.6047548291233285,0.12481426448736999,94.41071428571429
493,features.6.0.block.2.fc2.weight,weight,8,75264,383288,130092,513380,6223982,1146267,1954902,233242,6.8210565476190474,12.123538119911176,3.807904476216448,2.232784681912034,82.69533907312925
494,features.6.0.block.2.fc2.bias,bias,12,1344,0,16129,16129,128478,2016,26473,17472,12.000744047619047,7.965651931303863,1.6413292826585653,0.12499224998449997,95.59375
495,features.6.0.block.3.0.weight,weight,8,516096,2624551,2179715,4804266,50745557,7578164,14594275,2513388,9.308861142113095,10.56260352778135,3.0377741365694573,1.5773822681758254,98.32580953931051
496,features.6.0.block.3.1.weight,weight,8,384,0,3073,3073,23913,384,4898,3072,8.002604166666666,7.781646599414253,1.593882199804751,0.12495932313699967,62.2734375
497,features.6.0.block.3.1.bias,bias,12,384,0,4609,4609,36540,576,7507,4992,12.002604166666666,7.92796702104578,1.6287697982208722,0.12497287914949012,95.15625
498,features.6.1.block.0.0.weight,weight,8,884736,4414723,3907649,8322372,87176003,12770365,24972054,4462071,9.4066162109375,10.474898622652292,3.0005933404563025,1.5344621701601417,98.53335119176793
499,features.6.1.block.0.1.weight,weight,8,2304,11690,6248,17938,203548,34399,61066,8646,7.785590277777778,11.347307392128442,3.4042814137585014,1.9176608317538186,88.34548611111111
500,features.6.1.block.0.1.bias,bias,12,2304,0,27650,27650,223011,3456,46303,29952,12.000868055555555,8.065497287522604,1.6746112115732368,0.12499095840867992,96.79296875
501,features.6.1.block.1.0.weight,weight,8,57600,294650,205759,500409,5433192,846896,1564760,244819,8.68765625,10.857502562903544,3.126962144965418,1.69240761057455,94.32625
502,features.6.1.block.1.1.weight,weight,8,2304,11861,6993,18854,209301,34484,61632,9094,8.183159722222221,11.101145645486369,3.268908454439376,1.8290018033308582,90.84244791666667
503,features.6.1.block.1.1.bias,bias,12,2304,0,27650,27650,225444,3456,47114,29952,12.000868055555555,8.153490054249549,1.7039421338155516,0.12499095840867992,97.84895833333333
504,features.6.1.block.2.fc1.weight,weight,8,221184,951178,128462,1079640,14582535,2996682,4869791,435139,4.881184895833333,13.506849505390687,4.510569263828684,2.775630765810826,65.92942979600694
505,features.6.1.block.2.fc1.bias,bias,12,96,0,1153,1153,8942,145,1812,1248,12.010416666666666,7.7554206418039895,1.5715524718126626,0.12575888985255854,93.14583333333333
506,features.6.1.block.2.fc2.weight,weight,8,221184,1127247,714038,1841285,20293091,3284528,5969905,907688,8.324675383391204,11.021156963750858,3.2422492987234457,1.7838237969678785,91.74755407262731
507,features.6.1.block.2.fc2.bias,bias,12,2304,0,27650,27650,221883,3456,45927,29952,12.000868055555555,8.024701627486438,1.6610126582278482,0.12499095840867992,96.30338541666667
508,features.6.1.block.3.0.weight,weight,8,884736,2162224,5703493,7865717,72221150,6698350,18351448,5932383,8.89046789098669,9.181763086569221,2.333092838198984,0.8515879734803579,81.6301699037905
509,features.6.1.block.3.1.weight,weight,8,384,1909,1737,3646,38322,5504,10934,1928,9.494791666666666,10.510696653867251,2.9989029072956663,1.5095995611629183,99.796875
510,features.6.1.block.3.1.bias,bias,12,384,0,4609,4609,36483,576,7488,4992,12.002604166666666,7.915599913213279,1.6246474289433717,0.12497287914949012,95.0078125
511,features.6.2.block.0.0.weight,weight,8,884736,4288627,4065137,8353764,86509396,12421888,24631185,4559262,9.442097981770834,10.355738562880157,2.9485133886952037,1.486980958523607,97.77989818431713
512,features.6.2.block.0.1.weight,weight,8,2304,11615,6272,17887,204643,34645,62954,9009,7.763454861111111,11.44087885056186,3.519539330239839,1.9368815340750265,88.82074652777777
513,features.6.2.block.0.1.bias,bias,12,2304,0,27650,27650,49548,3456,10370,4608,12.000868055555555,1.7919710669077757,0.37504520795660035,0.12499095840867992,21.505208333333332
514,features.6.2.block.1.0.weight,weight,8,57600,293817,223918,517735,5539835,842532,1584090,258554,8.98845486111111,10.700136170048383,3.0596540701324035,1.627342173119453,96.17769097222222
515,features.6.2.block.1.1.weight,weight,8,2304,11909,6086,17995,203832,34833,60858,8503,7.810329861111111,11.327146429563768,3.381939427618783,1.9357043623228674,88.46875
516,features.6.2.block.1.1.bias,bias,12,2304,0,27650,27650,225990,3456,47296,29952,12.000868055555555,8.173236889692586,1.7105244122965642,0.12499095840867992,98.0859375
517,features.6.2.block.2.fc1.weight,weight,8,221184,849283,84650,933933,12990543,2730703,4390309,351877,4.222425672743055,13.909502073489211,4.700882183197296,2.923874624839255,58.731838650173614
518,features.6.2.block.2.fc1.bias,bias,12,96,0,1153,1153,9012,144,1835,1248,12.010416666666666,7.816131830008673,1.5915004336513443,0.12489158716392021,93.875
519,features.6.2.block.2.fc2.weight,weight,8,221184,1108673,633744,1742417,19541083,3255570,5818649,844528,7.877681025752315,11.21492903248763,3.339412436862129,1.868421853092572,88.34763364438658
520,features.6.2.block.2.fc2.bias,bias,12,2304,0,27650,27650,221940,3456,45946,29952,12.000868055555555,8.026763110307414,1.6616998191681736,0.12499095840867992,96.328125
521,features.6.2.block.3.0.weight,weight,8,884736,2766942,5270631,8037573,75422819,8325900,19976019,5417849,9.084713406032986,9.383780277952063,2.4853297133351075,1.0358723958090335,85.24895449037905
522,features.6.2.block.3.1.weight,weight,8,384,1932,1817,3749,39224,5566,11178,2013,9.763020833333334,10.462523339557215,2.98159509202454,1.4846625766871167,102.14583333333333
523,features.6.2.block.3.1.bias,bias,12,384,0,4609,4609,36705,576,7562,4992,12.002604166666666,7.963766543718811,1.6407029724452158,0.12497287914949012,95.5859375
524,features.6.3.block.0.0.weight,weight,8,884736,4260669,3970799,8231468,85756563,12359762,24432434,4515630,9.303869176793981,10.418137202258455,2.9681745710485665,1.5015258517678742,96.92898559570312
525,features.6.3.block.0.1.weight,weight,8,2304,11493,5794,17287,200791,34482,62289,8637,7.503038194444445,11.615144328107826,3.6032278590848614,1.994678081795569,87.14887152777777
526,features.6.3.block.0.1.bias,bias,12,2304,0,27650,27650,225947,3457,47282,29952,12.000868055555555,8.171681735985533,1.7100180831826401,0.12502712477396022,98.06727430555556
527,features.6.3.block.1.0.weight,weight,8,57600,294600,203505,498105,5409969,847980,1560970,243713,8.64765625,10.861101574969133,3.1338171670631696,1.7024121420182492,93.92307291666667
528,features.6.3.block.1.1.weight,weight,8,2304,12072,5006,17078,200716,35986,62580,8250,7.412326388888889,11.752898465862513,3.664363508607565,2.1071554046141237,87.11631944444444
529,features.6.3.block.1.1.bias,bias,12,2304,0,27650,27650,225275,3457,47058,29952,12.000868055555555,8.14737793851718,1.7019168173598553,0.12502712477396022,97.77560763888889
530,features.6.3.block.2.fc1.weight,weight,8,221184,698337,49814,748151,10770666,2319143,3676358,248470,3.3824824580439814,14.396379875185625,4.913925130087375,3.099832787766106,48.69550238715278
531,features.6.3.block.2.fc1.bias,bias,12,96,0,1153,1153,8952,144,1815,1248,12.010416666666666,7.764093668690373,1.5741543798785775,0.12489158716392021,93.25
532,features.6.3.block.2.fc2.weight,weight,8,221184,1077458,594774,1672232,18925083,3190098,5685503,809835,7.560366030092593,11.317259208052471,3.3999486913299113,1.907688646073033,85.5626220703125
533,features.6.3.block.2.fc2.bias,bias,12,2304,0,27650,27650,223053,3456,46317,29952,12.000868055555555,8.067016274864375,1.675117540687161,0.12499095840867992,96.81119791666667
534,features.6.3.block.3.0.weight,weight,8,884736,4440479,3526488,7966967,84917319,12869506,24523890,4151821,9.00490880895544,10.658675880043184,3.0781965081567426,1.615358266200927,95.98040432400174
535,features.6.3.block.3.1.weight,weight,8,384,1944,1881,3825,39759,5626,11392,2103,9.9609375,10.394509803921569,2.978300653594771,1.4708496732026144,103.5390625
536,features.6.3.block.3.1.bias,bias,12,384,0,4609,4609,36471,576,7484,4992,12.002604166666666,7.9129963115643305,1.6237795617270558,0.12497287914949012,94.9765625
537,features.6.4.block.0.0.weight,weight,8,884736,4483846,3458964,7942810,84983281,12992571,24609531,4100103,8.977604618778935,10.699397442466834,3.0983406376332807,1.6357650504040762,96.05495989764178
538,features.6.4.block.0.1.weight,weight,8,2304,11123,5043,16166,191143,33632,59891,7918,7.016493055555555,11.823765928491897,3.704750711369541,2.0804156872448347,82.96137152777777
539,features.6.4.block.0.1.bias,bias,12,2304,0,27650,27650,226920,3456,47606,29952,12.000868055555555,8.206871609403255,1.721735985533454,0.12499095840867992,98.48958333333333
540,features.6.4.block.1.0.weight,weight,8,57600,293014,256041,549055,5745366,840924,1634666,287053,9.532204861111111,10.4640992250321,2.9772354317873435,1.5315842675141835,99.7459375
541,features.6.4.block.1.1.weight,weight,8,2304,11833,5512,17345,200630,35112,61706,8361,7.528211805555555,11.567022196598444,3.5575670221965985,2.0243297780340157,87.07899305555556
542,features.6.4.block.1.1.bias,bias,12,2304,0,27650,27650,226091,3457,47330,29952,12.000868055555555,8.176889692585895,1.711754068716094,0.12502712477396022,98.12977430555556
543,features.6.4.block.2.fc1.weight,weight,8,221184,679844,51765,731609,10536569,2265249,3593566,241519,3.3076940465856484,14.401912770345909,4.911866857843465,3.096256333642697,47.63712112991898
544,features.6.4.block.2.fc1.bias,bias,12,96,0,1153,1153,8826,144,1773,1248,12.010416666666666,7.654813529921943,1.5377276669557676,0.12489158716392021,91.9375
545,features.6.4.block.2.fc2.weight,weight,8,221184,1008280,514180,1522460,17636689,3052507,5453471,744148,6.883228443287037,11.584336534293183,3.582012663715303,2.0049833821578233,79.73763472945602
546,features.6.4.block.2.fc2.bias,bias,12,2304,0,27650,27650,222534,3456,46144,29952,12.000868055555555,8.048245931283907,1.6688607594936709,0.12499095840867992,96.5859375
547,features.6.4.block.3.0.weight,weight,8,884736,4291658,3603858,7895516,83514812,12495307,24066133,4206098,8.924149124710649,10.577498924706124,3.0480760218838134,1.5825826963050926,94.39517777054398
548,features.6.4.block.3.1.weight,weight,8,384,1960,1565,3525,37744,5713,11020,1873,9.1796875,10.707517730496454,3.126241134751773,1.620709219858156,98.29166666666667
549,features.6.4.block.3.1.bias,bias,12,384,0,4609,4609,36558,576,7513,4992,12.002604166666666,7.931872423519201,1.630071599045346,0.12497287914949012,95.203125
550,features.6.5.block.0.0.weight,weight,8,884736,4495060,3437391,7932451,84988971,13031599,24647713,4089285,8.965896041304976,10.714087108763735,3.1072001579335313,1.6428212415053052,96.06139119466145
551,features.6.5.block.0.1.weight,weight,8,2304,11118,6255,17373,198986,33434,61349,8785,7.540364583333333,11.453750071950727,3.531284176595867,1.9244805157428193,86.36545138888889
552,features.6.5.block.0.1.bias,bias,12,2304,0,27650,27650,227000,3457,47633,29952,12.000868055555555,8.209764918625678,1.7227124773960216,0.12502712477396022,98.52430555555556
553,features.6.5.block.1.0.weight,weight,8,57600,293702,230586,524288,5581811,845478,1601727,267153,9.102222222222222,10.646459579467773,3.055051803588867,1.6126213073730469,96.90644097222223
554,features.6.5.block.1.1.weight,weight,8,2304,12091,4980,17071,199569,35644,60869,7893,7.409288194444445,11.690527795676878,3.5656376310702362,2.0879854724386386,86.61848958333333
555,features.6.5.block.1.1.bias,bias,12,2304,0,27650,27650,49548,3456,10370,4608,12.000868055555555,1.7919710669077757,0.37504520795660035,0.12499095840867992,21.505208333333332
556,features.6.5.block.2.fc1.weight,weight,8,221184,648149,38977,687126,10040872,2181114,3439919,214381,3.1065809461805554,14.61285411991396,5.0062419410704875,3.174256249945425,45.39601417824074
557,features.6.5.block.2.fc1.bias,bias,12,96,0,1153,1153,8930,145,1808,1248,12.010416666666666,7.74501300954033,1.5680832610581092,0.12575888985255854,93.02083333333333
558,features.6.5.block.2.fc2.weight,weight,8,221184,1046083,510521,1556604,18068967,3149675,5586386,755037,7.03759765625,11.607940747935892,3.5888292719278634,2.0234272814408802,81.6920166015625
559,features.6.5.block.2.fc2.bias,bias,12,2304,0,27650,27650,224385,3456,46761,29952,12.000868055555555,8.115189873417721,1.6911754068716094,0.12499095840867992,97.38932291666667
560,features.6.5.block.3.0.weight,weight,8,884736,4363172,3450232,7813404,83561478,12702962,24199811,4113552,8.831339518229166,10.69463168677826,3.0972174227775757,1.625791012470365,94.44792344835069
561,features.6.5.block.3.1.weight,weight,8,384,1961,1649,3610,38382,5705,11155,1936,9.401041666666666,10.63213296398892,3.090027700831025,1.580332409972299,99.953125
562,features.6.5.block.3.1.bias,bias,12,384,0,4609,4609,36465,576,7482,4992,12.002604166666666,7.911694510739856,1.6233456281188978,0.12497287914949012,94.9609375
563,features.6.6.block.0.0.weight,weight,8,884736,4496119,3215361,7711480,83608113,13087637,24448891,3937240,8.716136791087964,10.842032009419722,3.170453790971383,1.6971628014337066,94.5006340874566
564,features.6.6.block.0.1.weight,weight,8,2304,10629,4034,14663,177965,32462,56375,6801,6.364149305555555,12.137011525608674,3.8447111777944487,2.2138716497306143,77.24175347222223
565,features.6.6.block.0.1.bias,bias,12,2304,0,27650,27650,227925,3456,47941,29952,12.000868055555555,8.243218806509946,1.7338517179023507,0.12499095840867992,98.92578125
566,features.6.6.block.1.0.weight,weight,8,57600,293977,206803,500780,5427534,848729,1570610,248330,8.694097222222222,10.838160469667319,3.1363273293661886,1.6948140900195694,94.22802083333333
567,features.6.6.block.1.1.weight,weight,8,2304,12266,2461,14727,187776,37749,62685,7253,6.391927083333333,12.750458341821146,4.256467712365044,2.5632511713179875,81.5
568,features.6.6.block.1.1.bias,bias,12,2304,0,27650,27650,226575,3456,47491,29952,12.000868055555555,8.194394213381555,1.7175768535262206,0.12499095840867992,98.33984375
569,features.6.6.block.2.fc1.weight,weight,8,221184,504506,19027,523533,7965558,1782684,2757493,133161,2.3669569227430554,15.215006503888008,5.267085360426181,3.4051034032238654,36.013264973958336
570,features.6.6.block.2.fc1.bias,bias,12,96,0,1153,1153,8634,144,1709,1248,12.010416666666666,7.488291413703383,1.4822202948829142,0.12489158716392021,89.9375
571,features.6.6.block.2.fc2.weight,weight,8,221184,932386,491464,1423850,16540631,2864250,5147725,702197,6.437400535300926,11.616835340801348,3.615356252414229,2.0116234153878567,74.78222204137731
572,features.6.6.block.2.fc2.bias,bias,12,2304,0,27650,27650,223961,3457,46620,29952,12.000868055555555,8.099855334538878,1.6860759493670887,0.12502712477396022,97.20529513888889
573,features.6.6.block.3.0.weight,weight,8,884736,4476139,3087850,7563989,82575387,13067434,24262570,3845946,8.5494305645978,10.916909979641694,3.2076421581258248,1.727585008386448,93.33336385091145
574,features.6.6.block.3.1.weight,weight,8,384,1932,1668,3600,38052,5605,10979,1916,9.375,10.57,3.049722222222222,1.5569444444444445,99.09375
575,features.6.6.block.3.1.bias,bias,12,384,0,4609,4609,36725,577,7569,4992,12.002604166666666,7.96810587980039,1.6422217400737686,0.1251898459535691,95.63802083333333
576,features.6.7.block.0.0.weight,weight,8,884736,4463528,3371966,7835494,84283373,12993520,24555558,4068968,8.856307418258101,10.756612537767243,3.1338876655383823,1.6582898283120375,95.26386741355613
577,features.6.7.block.0.1.weight,weight,8,2304,10813,5226,16039,188729,32931,59289,8019,6.961371527777778,11.766880728224951,3.696552154124322,2.053182866762267,81.91362847222223
578,features.6.7.block.0.1.bias,bias,12,2304,0,27650,27650,227442,3456,47780,29952,12.000868055555555,8.225750452079566,1.7280289330922243,0.12499095840867992,98.71614583333333
579,features.6.7.block.1.0.weight,weight,8,57600,293589,221589,515178,5526629,846418,1591778,260119,8.9440625,10.727610651075938,3.0897631498239444,1.6429622382943372,95.94842013888889
580,features.6.7.block.1.1.weight,weight,8,2304,11814,3383,15197,186630,35649,59606,6941,6.595920138888889,12.280713298677371,3.9222214910837665,2.34579193261828,81.00260416666667
581,features.6.7.block.1.1.bias,bias,12,2304,0,27650,27650,227256,3456,47718,29952,12.000868055555555,8.219023508137433,1.7257866184448463,0.12499095840867992,98.63541666666667
582,features.6.7.block.2.fc1.weight,weight,8,221184,642207,43364,685571,9971386,2162790,3416158,222042,3.0995506004050926,14.544643807862352,4.982938309817656,3.154727956695951,45.08185944733796
583,features.6.7.block.2.fc1.bias,bias,12,96,0,1153,1153,8769,144,1754,1248,12.010416666666666,7.605377276669557,1.5212489158716391,0.12489158716392021,91.34375
584,features.6.7.block.2.fc2.weight,weight,8,221184,962527,512179,1474706,17057376,2940687,5289456,727887,6.667326750578703,11.566628195721723,3.586786790044931,1.9940835664871506,77.11848958333333
585,features.6.7.block.2.fc2.bias,bias,12,2304,0,27650,27650,223476,3456,46458,29952,12.000868055555555,8.082314647377938,1.6802169981916817,0.12499095840867992,96.99479166666667
586,features.6.7.block.3.0.weight,weight,8,884736,4364477,3425655,7790132,83508985,12744725,24290525,4118525,8.80503562644676,10.719842102803906,3.118114686631754,1.636008863521183,94.38859162507234
587,features.6.7.block.3.1.weight,weight,8,384,1917,1479,3396,36638,5575,10633,1746,8.84375,10.788574793875148,3.1310365135453475,1.6416372202591283,95.41145833333333
588,features.6.7.block.3.1.bias,bias,12,384,0,4609,4609,36486,576,7489,4992,12.002604166666666,7.916250813625515,1.6248643957474507,0.12497287914949012,95.015625
589,features.6.8.block.0.0.weight,weight,8,884736,4469019,3200648,7669667,83249454,13040491,24393920,3941136,8.66887636537905,10.854376598097414,3.180570942649792,1.7002682124269541,94.09524875217014
590,features.6.8.block.0.1.weight,weight,8,2304,10126,3072,13198,165701,31285,53319,5880,5.728298611111111,12.55500833459615,4.039930292468556,2.370434914380967,71.91883680555556
591,features.6.8.block.0.1.bias,bias,12,2304,0,27650,27650,228590,3457,48163,29952,12.000868055555555,8.267269439421337,1.741880650994575,0.12502712477396022,99.21440972222223
592,features.6.8.block.1.0.weight,weight,8,57600,294367,199094,493461,5384554,851095,1564091,242855,8.56703125,10.911812686311583,3.169634479725855,1.7247462312117878,93.48184027777778
593,features.6.8.block.1.1.weight,weight,8,2304,12395,2611,15006,190117,38083,63372,7450,6.513020833333333,12.669398907103826,4.2231107556977205,2.537851526056244,82.51605902777777
594,features.6.8.block.1.1.bias,bias,12,2304,0,27650,27650,228458,3457,48119,29952,12.000868055555555,8.26249547920434,1.7402893309222423,0.12502712477396022,99.15711805555556
595,features.6.8.block.2.fc1.weight,weight,8,221184,511274,20939,532213,8066124,1800645,2789227,138207,2.406200267650463,15.155819192691649,5.240809600667402,3.3833164541264495,36.467936197916664
596,features.6.8.block.2.fc1.bias,bias,12,96,0,1153,1153,8828,145,1774,1248,12.010416666666666,7.65654813529922,1.538594969644406,0.12575888985255854,91.95833333333333
597,features.6.8.block.2.fc2.weight,weight,8,221184,962956,449628,1412584,16694413,2960781,5246736,686071,6.38646556712963,11.818350625520322,3.714282478068561,2.0960034943054713,75.47748933015046
598,features.6.8.block.2.fc2.bias,bias,12,2304,0,27650,27650,223551,3456,46483,29952,12.000868055555555,8.08502712477396,1.681121157323689,0.12499095840867992,97.02734375
599,features.6.8.block.3.0.weight,weight,8,884736,4443319,3196819,7640138,82951418,12984126,24324014,3944989,8.635500307436343,10.857319331142971,3.183713959093409,1.6994622348444492,93.75838442201967
600,features.6.8.block.3.1.weight,weight,8,384,1897,1382,3279,35753,5522,10401,1655,8.5390625,10.903629155230254,3.172003659652333,1.6840500152485514,93.10677083333333
601,features.6.8.block.3.1.bias,bias,12,384,0,4609,4609,36576,576,7519,4992,12.002604166666666,7.9357778259926235,1.6313733998698199,0.12497287914949012,95.25
602,features.6.9.block.0.0.weight,weight,8,884736,4479880,3184573,7664453,83285748,13076671,24436561,3933382,8.662983081958911,10.866496017393544,3.188298108162448,1.7061453700609814,94.13627115885417
603,features.6.9.block.0.1.weight,weight,8,2304,10238,2619,12857,164079,31675,53181,5549,5.580295138888889,12.761841798242203,4.136345959399549,2.463638484872054,71.21484375
604,features.6.9.block.0.1.bias,bias,12,2304,0,27650,27650,227999,3457,47966,29952,12.000868055555555,8.245895117540687,1.734755877034358,0.12502712477396022,98.95789930555556
605,features.6.9.block.1.0.weight,weight,8,57600,294006,194895,488901,5351639,850369,1556189,239180,8.487864583333334,10.946263149390163,3.183035011178132,1.7393480479688117,92.91039930555556
606,features.6.9.block.1.1.weight,weight,8,2304,9466,10,9476,143840,30124,49055,2558,4.112847222222222,15.179400590966653,5.176762346981849,3.178978471929084,62.43055555555556
607,features.6.9.block.1.1.bias,bias,12,2304,0,27650,27650,227253,3456,47717,29952,12.000868055555555,8.218915009041591,1.725750452079566,0.12499095840867992,98.63411458333333
608,features.6.9.block.2.fc1.weight,weight,8,221184,584442,32050,616492,9133912,2004586,3145230,184616,2.787235966435185,14.815945705702589,5.1018180284577905,3.2516009940112767,41.29553674768518
609,features.6.9.block.2.fc1.bias,bias,12,96,0,1153,1153,8907,144,1800,1248,12.010416666666666,7.725065047701648,1.5611448395490026,0.12489158716392021,92.78125
610,features.6.9.block.2.fc2.weight,weight,8,221184,957528,558895,1516423,17263213,2915300,5285395,761668,6.855934425636574,11.384167214556888,3.485435791992076,1.9224846892984346,78.04910391348379
611,features.6.9.block.2.fc2.bias,bias,12,2304,0,27650,27650,223619,3457,46506,29952,12.000868055555555,8.08748643761302,1.6819529837251357,0.12502712477396022,97.05685763888889
612,features.6.9.block.3.0.weight,weight,8,884736,4466740,3081135,7547875,82476095,13064170,24286188,3852878,8.531217221860532,10.927061590182667,3.217619263700048,1.7308407995627908,93.2211360224971
613,features.6.9.block.3.1.weight,weight,8,384,1921,1544,3465,37177,5590,10794,1811,9.0234375,10.72929292929293,3.1151515151515152,1.6132756132756132,96.81510416666667
614,features.6.9.block.3.1.bias,bias,12,384,0,4609,4609,36582,576,7521,4992,12.002604166666666,7.937079626817097,1.631807333477978,0.12497287914949012,95.265625
615,features.6.10.block.0.0.weight,weight,8,884736,4501746,2966936,7468682,82109314,13159201,24240250,3760981,8.441706904658565,10.993815776331084,3.245586035126412,1.7619174306792016,92.80657054759838
616,features.6.10.block.0.1.weight,weight,8,2304,10434,3109,13543,169958,32125,54695,6061,5.878038194444445,12.549508971424352,4.03861773609983,2.3720741342390905,73.76649305555556
617,features.6.10.block.0.1.bias,bias,12,2304,0,27650,27650,228131,3457,48010,29952,12.000868055555555,8.250669077757685,1.7363471971066908,0.12502712477396022,99.01519097222223
618,features.6.10.block.1.0.weight,weight,8,57600,292924,227256,520180,5551057,842811,1592218,263228,9.030902777777778,10.671415663808682,3.060898150640163,1.6202295359298704,96.37251736111111
619,features.6.10.block.1.1.weight,weight,8,2304,9406,10,9416,143057,29945,48756,2500,4.086805555555555,15.192969413763807,5.1779949022939675,3.1802251486830926,62.09071180555556
620,features.6.10.block.1.1.bias,bias,12,2304,0,27650,27650,227795,3457,47898,29952,12.000868055555555,8.238517179023509,1.7322965641952983,0.12502712477396022,98.86935763888889
621,features.6.10.block.2.fc1.weight,weight,8,221184,499945,21753,521698,7928658,1769065,2745999,136662,2.358660662615741,15.197792592649387,5.263579695532664,3.390975238547972,35.846435546875
622,features.6.10.block.2.fc1.bias,bias,12,96,0,1153,1153,8604,144,1699,1248,12.010416666666666,7.462272333044233,1.4735472679965307,0.12489158716392021,89.625
623,features.6.10.block.2.fc2.weight,weight,8,221184,822231,422476,1244707,14687346,2583999,4615585,603744,5.627473054108797,11.799842051181523,3.708169874516653,2.0759897710866895,66.40329318576389
624,features.6.10.block.2.fc2.bias,bias,12,2304,0,27650,27650,221931,3456,45943,29952,12.000868055555555,8.026437613019892,1.6615913200723327,0.12499095840867992,96.32421875
625,features.6.10.block.3.0.weight,weight,8,884736,4488868,3047356,7536224,82492082,13117908,24300453,3819538,8.51804832175926,10.946076178202771,3.224486559847478,1.7406473056002583,93.23920581958912
626,features.6.10.block.3.1.weight,weight,8,384,1928,1756,3684,38628,5572,11057,1978,9.59375,10.485342019543975,3.001357220412595,1.512486427795874,100.59375
627,features.6.10.block.3.1.bias,bias,12,384,0,4609,4609,36473,577,7485,4992,12.002604166666666,7.9134302451724885,1.6239965285311346,0.1251898459535691,94.98177083333333
628,features.6.11.block.0.0.weight,weight,8,884736,4401216,3301618,7702834,82987670,12843555,24208791,4004083,8.706364384403935,10.773654216097608,3.1428421020107664,1.667380473212846,93.7993593569155
629,features.6.11.block.0.1.weight,weight,8,2304,10742,2555,13297,171177,33127,55851,5901,5.771267361111111,12.87335489208092,4.200270737760397,2.49131383018726,74.29557291666667
630,features.6.11.block.0.1.bias,bias,12,2304,0,27650,27650,228912,3456,48270,29952,12.000868055555555,8.278915009041592,1.745750452079566,0.12499095840867992,99.35416666666667
631,features.6.11.block.1.0.weight,weight,8,57600,293791,201646,495437,5382660,845615,1552538,241405,8.601336805555556,10.864469145421113,3.133673908085185,1.7068063144254466,93.44895833333334
632,features.6.11.block.1.1.weight,weight,8,2304,12432,1525,13957,185628,38527,62984,6717,6.057725694444445,13.299992835136491,4.512717632729096,2.760406964247331,80.56770833333333
633,features.6.11.block.1.1.bias,bias,12,2304,0,27650,27650,49550,3457,10371,4608,12.000868055555555,1.7920433996383363,0.37508137432188066,0.12502712477396022,21.50607638888889
634,features.6.11.block.2.fc1.weight,weight,8,221184,415032,16652,431684,6732770,1532133,2348001,97671,1.9516963252314814,15.596524309448577,5.439166149312923,3.549200340990169,30.43967918113426
635,features.6.11.block.2.fc1.bias,bias,12,96,0,1153,1153,8640,144,1711,1248,12.010416666666666,7.493495229835212,1.4839549002601908,0.12489158716392021,90.0
636,features.6.11.block.2.fc2.weight,weight,8,221184,595958,135359,731317,9858247,2004558,3268988,273157,3.306373878761574,13.48012831644827,4.470001381070042,2.74102475397126,44.5703441478588
637,features.6.11.block.2.fc2.bias,bias,12,2304,0,27650,27650,219072,3456,44990,29952,12.000868055555555,7.923037974683544,1.627124773960217,0.12499095840867992,95.08333333333333
638,features.6.11.block.3.0.weight,weight,8,884736,4477943,3435496,7913439,84901209,13030011,24723287,4120498,8.944407145182291,10.728737404812245,3.124215274800248,1.6465674405274369,95.96219550238715
639,features.6.11.block.3.1.weight,weight,8,384,0,3073,3073,23541,384,4774,3072,8.002604166666666,7.660592255125285,1.5535307517084282,0.12495932313699967,61.3046875
640,features.6.11.block.3.1.bias,bias,12,384,0,4609,4609,36552,576,7511,4992,12.002604166666666,7.930570622694728,1.629637665437188,0.12497287914949012,95.1875
641,features.6.12.block.0.0.weight,weight,8,884736,4288947,3453661,7742608,82521762,12518179,23891867,4101715,8.751320167824074,10.658135088331994,3.0857647707335825,1.6167910089210251,93.27275254991319
642,features.6.12.block.0.1.weight,weight,8,2304,10378,2692,13070,166715,32017,53937,5652,5.672743055555555,12.755547054322877,4.126778882938026,2.449655700076511,72.35894097222223
643,features.6.12.block.0.1.bias,bias,12,2304,0,27650,27650,228731,3457,48210,29952,12.000868055555555,8.272368896925858,1.7435804701627486,0.12502712477396022,99.27560763888889
644,features.6.12.block.1.0.weight,weight,8,57600,293724,211149,504873,5439285,842715,1558986,247420,8.76515625,10.773570779186052,3.087877545442121,1.669162343797351,94.43203125
645,features.6.12.block.1.1.weight,weight,8,2304,12282,1273,13555,181919,38196,62118,6463,5.883246527777778,13.420804131316856,4.582663223902619,2.817853190704537,78.95789930555556
646,features.6.12.block.1.1.bias,bias,12,2304,0,27650,27650,49548,3456,10370,4608,12.000868055555555,1.7919710669077757,0.37504520795660035,0.12499095840867992,21.505208333333332
647,features.6.12.block.2.fc1.weight,weight,8,221184,407346,15736,423082,6624375,1510323,2311985,93517,1.9128056278935186,15.657425747254669,5.464626242666906,3.5698115258980527,29.94961208767361
648,features.6.12.block.2.fc1.bias,bias,12,96,0,1153,1153,8700,144,1731,1248,12.010416666666666,7.545533391153513,1.5013009540329576,0.12489158716392021,90.625
649,features.6.12.block.2.fc2.weight,weight,8,221184,524005,88514,612519,8604048,1812148,2894148,204335,2.7692735460069446,14.046989562772747,4.724993020624666,2.958517205180574,38.89995659722222
650,features.6.12.block.2.fc2.bias,bias,12,2304,0,27650,27650,218487,3456,44795,29952,12.000868055555555,7.901880650994575,1.6200723327305606,0.12499095840867992,94.82942708333333
651,features.6.12.block.3.0.weight,weight,8,884736,4427206,3660996,8088202,85782481,12865440,24804132,4295827,9.141938386140046,10.605877672194636,3.066705307310574,1.590642765845858,96.95828021014178
652,features.6.12.block.3.1.weight,weight,8,384,0,3073,3073,23601,384,4794,3072,8.002604166666666,7.680117149365441,1.5600390497884804,0.12495932313699967,61.4609375
653,features.6.12.block.3.1.bias,bias,12,384,0,4609,4609,36342,576,7441,4992,12.002604166666666,7.885007593838143,1.6144499891516597,0.12497287914949012,94.640625
654,features.7.0.block.0.0.weight,weight,8,884736,2701756,5407173,8108929,76781193,8141969,20148684,5699786,9.165365713614005,9.468721825040026,2.48475279534449,1.0040745208152642,86.78429836697049
655,features.7.0.block.0.1.weight,weight,8,2304,11685,10401,22086,231728,33756,66520,11806,9.5859375,10.492076428506746,3.0118627184641853,1.528389024721543,100.57638888888889
656,features.7.0.block.0.1.bias,bias,12,2304,0,27650,27650,221340,3456,45746,29952,12.000868055555555,8.00506329113924,1.6544665461121157,0.12499095840867992,96.06770833333333
657,features.7.0.block.1.0.weight,weight,8,20736,107269,72754,180023,1970315,309260,571995,88893,8.681664737654321,10.94479594274065,3.1773440060436724,1.71789160273965,95.01904899691358
658,features.7.0.block.1.1.weight,weight,8,2304,11832,7348,19180,211087,34375,61914,9348,8.324652777777779,11.0055787278415,3.228050052137643,1.7922314911366006,91.61762152777777
659,features.7.0.block.1.1.bias,bias,12,2304,0,27650,27650,225399,3456,47099,29952,12.000868055555555,8.151862567811936,1.7033996383363472,0.12499095840867992,97.82942708333333
660,features.7.0.block.2.fc1.weight,weight,8,221184,1132182,441700,1573882,18700589,3367869,5810133,727597,7.11571361400463,11.881824050341766,3.691593778949121,2.1398484765693997,84.54765715422454
661,features.7.0.block.2.fc1.bias,bias,12,96,0,1153,1153,9096,144,1863,1248,12.010416666666666,7.888985255854293,1.6157849089332177,0.12489158716392021,94.75
662,features.7.0.block.2.fc2.weight,weight,8,221184,1127907,803917,1931824,20811259,3258189,6021110,963735,8.734013310185185,10.772854566461541,3.116800495283214,1.686586873338358,94.09025517216435
663,features.7.0.block.2.fc2.bias,bias,12,2304,0,27650,27650,224880,3456,46926,29952,12.000868055555555,8.133092224231465,1.697142857142857,0.12499095840867992,97.60416666666667
664,features.7.0.block.3.0.weight,weight,8,1474560,1902845,10530664,12433509,106853422,6587571,25055171,10719485,8.432012939453125,8.59398758628799,2.0151327352559925,0.5298239620046119,72.46461452907987
665,features.7.0.block.3.1.weight,weight,8,640,0,5121,5121,40043,641,8227,5120,8.0015625,7.819371216559266,1.606522163639914,0.12517086506541691,62.5671875
666,features.7.0.block.3.1.bias,bias,12,640,0,7681,7681,60692,960,12443,8320,12.0015625,7.9015753157140995,1.6199713578961072,0.12498372607733368,94.83125
667,features.7.1.block.0.0.weight,weight,8,2457600,6514982,14667392,21182374,198630455,20139918,51578944,15542855,8.619130045572916,9.37715739510595,2.4349935469933635,0.9507866304315088,80.82293904622396
668,features.7.1.block.0.1.weight,weight,8,3840,19850,10278,30128,345004,58291,104173,14528,7.845833333333333,11.451274561869358,3.4576805629314924,1.9347782793414763,89.84479166666667
669,features.7.1.block.0.1.bias,bias,12,3840,0,46082,46082,375888,5760,78574,49920,12.000520833333333,8.156937632915238,1.7050909248730524,0.1249945748882427,97.8875
670,features.7.1.block.1.0.weight,weight,8,34560,176012,145618,321630,3389932,500172,955099,161168,9.30642361111111,10.53985013835774,2.969558187979977,1.5551161272269378,98.08831018518518
671,features.7.1.block.1.1.weight,weight,8,3840,19593,14890,34483,368190,56097,105166,17169,8.979947916666667,10.677435257953194,3.04979265145144,1.6268016123887132,95.8828125
672,features.7.1.block.1.1.bias,bias,12,3840,0,46082,46082,376637,5761,78824,49920,12.000520833333333,8.173191267740116,1.7105160366303547,0.1250162753352719,98.08255208333334
673,features.7.1.block.2.fc1.weight,weight,8,614400,2978688,1569344,4548032,52446603,8961799,16180126,2265668,7.402395833333333,11.531713717053881,3.557610412591644,1.970478439905436,85.3623095703125
674,features.7.1.block.2.fc1.bias,bias,12,160,0,1921,1921,14956,241,3038,2080,12.00625,7.785528370640291,1.5814679854242581,0.1254554919312858,93.475
675,features.7.1.block.2.fc2.weight,weight,8,614400,3168263,2373532,5541795,59717918,9203873,17427113,2878963,9.0198486328125,10.775916106604448,3.144669371566433,1.6608108022761578,97.19713216145833
676,features.7.1.block.2.fc2.bias,bias,12,3840,0,46082,46082,366900,5760,75578,49920,12.000520833333333,7.96189401501671,1.6400763855735427,0.1249945748882427,95.546875
677,features.7.1.block.3.0.weight,weight,8,2457600,11245196,10836826,22082022,229746913,32947163,65571981,12440748,8.98519775390625,10.404251612465561,2.9694735835332473,1.4920356025367605,93.48425821940104
678,features.7.1.block.3.1.weight,weight,8,640,3246,2835,6081,64305,9274,18216,3143,9.5015625,10.574740996546621,2.9955599407992106,1.5250781121526065,100.4765625
679,features.7.1.block.3.1.bias,bias,12,640,0,7681,7681,61163,960,12600,8320,12.0015625,7.962895456320791,1.6404114047650045,0.12498372607733368,95.5671875
680,features.7.2.block.0.0.weight,weight,8,2457600,10501710,10809462,21311172,221264959,31085588,62882439,12552253,8.6715380859375,10.382580507538487,2.9506795309051985,1.4586522036422962,90.03294230143229
681,features.7.2.block.0.1.weight,weight,8,3840,20195,10921,31116,353749,59131,106504,15230,8.103125,11.368717058747912,3.422804987787633,1.9003406607533102,92.12213541666667
682,features.7.2.block.0.1.bias,bias,12,3840,0,46082,46082,379109,5761,79648,49920,12.000520833333333,8.22683477279632,1.7283972049824226,0.1250162753352719,98.72630208333334
683,features.7.2.block.1.0.weight,weight,8,34560,178181,111544,289725,3188595,508393,914298,134304,8.383246527777779,11.005591509189749,3.1557442402278024,1.7547432910518594,92.26258680555556
684,features.7.2.block.1.1.weight,weight,8,3840,19449,18594,38043,390710,55321,109464,20015,9.90703125,10.270220539915359,2.877375601293273,1.4541702809978183,101.74739583333333
685,features.7.2.block.1.1.bias,bias,12,3840,0,46082,46082,376230,5760,78688,49920,12.000520833333333,8.164359185799228,1.7075647758343822,0.1249945748882427,97.9765625
686,features.7.2.block.2.fc1.weight,weight,8,614400,2897140,1564351,4461491,51619435,8810430,16090696,2268067,7.261541341145834,11.569996442893194,3.6065736768268724,1.9747725592184318,84.01600748697916
687,features.7.2.block.2.fc1.bias,bias,12,160,0,1921,1921,14921,240,3026,2080,12.00625,7.76730869338886,1.575221238938053,0.12493492972410203,93.25625
688,features.7.2.block.2.fc2.weight,weight,8,614400,3142635,2147176,5289811,57982057,9193459,17127713,2711378,8.609718424479167,10.961082919597695,3.237868611940956,1.7379560441762476,94.37183756510417
689,features.7.2.block.2.fc2.bias,bias,12,3840,0,46082,46082,363672,5760,74502,49920,12.000520833333333,7.891844972006424,1.6167267045701141,0.1249945748882427,94.70625
690,features.7.2.block.3.0.weight,weight,8,2457600,12446932,8516773,20963705,229286034,36392284,67544909,10682743,8.530153401692708,10.937285847134369,3.221992915851468,1.7359662330680574,93.29672607421875
691,features.7.2.block.3.1.weight,weight,8,640,0,5121,5121,39069,640,7902,5120,8.0015625,7.629173989455184,1.5430579964850615,0.12497559070494044,61.0453125
692,features.7.2.block.3.1.bias,bias,12,640,0,7681,7681,60829,961,12489,8320,12.0015625,7.919411534956386,1.625960161437313,0.12511391745866424,95.0453125
693,features.7.3.block.0.0.weight,weight,8,2457600,12292219,7253489,19545708,219580421,36304672,65936141,9741742,7.9531689453125,11.234201442076184,3.373433236595983,1.857424248842764,89.34750203450521
694,features.7.3.block.0.1.weight,weight,8,3840,19996,7890,27886,331543,59106,101935,12828,7.261979166666666,11.889227569389657,3.655418489564656,2.119558201247938,86.33932291666666
695,features.7.3.block.0.1.bias,bias,12,3840,0,46082,46082,378723,5760,79519,49920,12.000520833333333,8.218458400243046,1.7255978473156548,0.1249945748882427,98.62578125
696,features.7.3.block.1.0.weight,weight,8,34560,177237,87896,265133,3036316,512691,902967,118147,7.671672453703704,11.452048594478997,3.405713358955694,1.9337125140966986,87.85636574074074
697,features.7.3.block.1.1.weight,weight,8,3840,0,30722,30722,233639,3841,47158,30720,8.000520833333333,7.604941084564807,1.5349912115096673,0.12502441247314627,60.84348958333333
698,features.7.3.block.1.1.bias,bias,12,3840,0,46082,46082,376512,5760,78782,49920,12.000520833333333,8.170478711861465,1.7096046178551279,0.1249945748882427,98.05
699,features.7.3.block.2.fc1.weight,weight,8,614400,2818213,1466079,4284292,50043750,8629979,15685920,2161128,6.973131510416667,11.680751452048554,3.6612630511645796,2.014330255734203,81.451416015625
700,features.7.3.block.2.fc1.bias,bias,12,160,0,1921,1921,15287,240,3148,2080,12.00625,7.957834461218115,1.6387298282144716,0.12493492972410203,95.54375
701,features.7.3.block.2.fc2.weight,weight,8,614400,2902195,1471665,4373860,50662626,8760103,15644078,2160505,7.118912760416666,11.583047011106894,3.5767212485081825,2.0028311377135983,82.458701171875
702,features.7.3.block.2.fc2.bias,bias,12,3840,0,46082,46082,367530,5760,75788,49920,12.000520833333333,7.975565296645111,1.6446334794496766,0.1249945748882427,95.7109375
703,features.7.3.block.3.0.weight,weight,8,2457600,12389853,6518497,18908350,215980218,36672139,65413536,9201715,7.693827311197917,11.422478323068908,3.4595052450372457,1.939467959922468,87.88257568359376
704,features.7.3.block.3.1.weight,weight,8,640,0,5121,5121,39032,641,7890,5120,8.0015625,7.6219488381175555,1.5407147041593439,0.12517086506541691,60.9875
705,features.7.3.block.3.1.bias,bias,12,640,0,7681,7681,60872,960,12503,8320,12.0015625,7.9250097643536,1.6277828407759407,0.12498372607733368,95.1125
706,features.8.0.weight,weight,8,1638400,0,13108000,13108000,103135823,1638500,21270641,13107200,8.00048828125,7.868158605431797,1.6227220781202318,0.125,62.949110717773436
707,features.8.1.weight,weight,8,2560,13102,7104,20206,227839,38133,67377,9488,7.89296875,11.275809165594378,3.334504602593289,1.8872117192912996,88.999609375
708,features.8.1.bias,bias,12,2560,0,30722,30722,246392,3840,50982,33280,12.00078125,8.020050777944144,1.659462274591498,0.12499186250895124,96.246875
709,classifier.1.weight,weight,8,2560000,0,20481250,20481250,162290381,2560157,33615596,20480000,8.00048828125,7.9238513762587734,1.6412863472688435,0.12500003661885872,63.394680078125
710,classifier.1.bias,bias,12,1000,0,12001,12001,95573,1500,19690,13000,12.001,7.963753020581618,1.6406966086159487,0.12498958420131656,95.573
711,features.0.1.running_mean,buffer,32,64,64,4,68,1177,288,418,2,1.0625,17.308823529411764,6.147058823529412,4.235294117647059,18.390625
712,features.0.1.running_var,buffer,32,64,499,146,645,7445,1341,2231,240,10.078125,11.542635658914728,3.4589147286821706,2.0790697674418603,116.328125
713,features.0.1.num_batches_tracked,buffer,32,1,1,4,5,45,5,9,2,5.0,9.0,1.8,1.0,45.0
714,features.1.0.block.0.1.running_mean,buffer,32,64,140,6,146,2211,497,763,36,2.28125,15.143835616438356,5.226027397260274,3.404109589041096,34.546875
715,features.1.0.block.0.1.running_var,buffer,32,64,205,87,292,3543,637,1119,118,4.5625,12.133561643835616,3.8321917808219177,2.1815068493150687,55.359375
716,features.1.0.block.0.1.num_batches_tracked,buffer,32,1,1,4,5,45,5,9,2,5.0,9.0,1.8,1.0,45.0
717,features.1.0.block.2.1.running_mean,buffer,32,32,220,56,276,3299,601,1005,94,8.625,11.952898550724637,3.641304347826087,2.177536231884058,103.09375
718,features.1.0.block.2.1.running_var,buffer,32,32,284,255,539,5344,719,1450,258,16.84375,9.91465677179963,2.6901669758812616,1.3339517625231911,167.0
719,features.1.0.block.2.1.num_batches_tracked,buffer,32,1,1,4,5,43,5,9,2,5.0,8.6,1.8,1.0,43.0
720,features.1.1.block.0.1.running_mean,buffer,32,32,44,4,48,767,178,267,8,1.5,15.979166666666666,5.5625,3.7083333333333335,23.96875
721,features.1.1.block.0.1.running_var,buffer,32,32,286,246,532,5264,724,1443,251,16.625,9.894736842105264,2.712406015037594,1.3609022556390977,164.5
722,features.1.1.block.0.1.num_batches_tracked,buffer,32,1,1,4,5,45,5,9,2,5.0,9.0,1.8,1.0,45.0
723,features.1.1.block.2.1.running_mean,buffer,32,32,155,19,174,2258,455,721,54,5.4375,12.977011494252874,4.14367816091954,2.6149425287356323,70.5625
724,features.1.1.block.2.1.running_var,buffer,32,32,276,252,528,5255,707,1451,259,16.5,9.952651515151516,2.7481060606060606,1.3390151515151516,164.21875
725,features.1.1.block.2.1.num_batches_tracked,buffer,32,1,1,4,5,43,5,9,2,5.0,8.6,1.8,1.0,43.0
726,features.1.2.block.0.1.running_mean,buffer,32,32,47,4,51,813,186,280,7,1.59375,15.941176470588236,5.490196078431373,3.6470588235294117,25.40625
727,features.1.2.block.0.1.running_var,buffer,32,32,219,86,305,3497,626,1080,148,9.53125,11.465573770491803,3.540983606557377,2.0524590163934424,109.28125
728,features.1.2.block.0.1.num_batches_tracked,buffer,32,1,1,4,5,43,5,9,2,5.0,8.6,1.8,1.0,43.0
729,features.1.2.block.2.1.running_mean,buffer,32,32,71,4,75,1132,254,392,21,2.34375,15.093333333333334,5.226666666666667,3.3866666666666667,35.375
730,features.1.2.block.2.1.running_var,buffer,32,32,99,4,103,1536,332,531,35,3.21875,14.912621359223301,5.155339805825243,3.2233009708737863,48.0
731,features.1.2.block.2.1.num_batches_tracked,buffer,32,1,1,4,5,43,5,9,2,5.0,8.6,1.8,1.0,43.0
732,features.1.3.block.0.1.running_mean,buffer,32,32,66,7,73,1071,235,361,17,2.28125,14.67123287671233,4.945205479452055,3.219178082191781,33.46875
733,features.1.3.block.0.1.running_var,buffer,32,32,253,146,399,4258,663,1205,170,12.46875,10.671679197994987,3.020050125313283,1.6616541353383458,133.0625
734,features.1.3.block.0.1.num_batches_tracked,buffer,32,1,1,4,5,45,5,9,2,5.0,9.0,1.8,1.0,45.0
735,features.1.3.block.2.1.running_mean,buffer,32,32,59,4,63,969,220,336,15,1.96875,15.380952380952381,5.333333333333333,3.492063492063492,30.28125
736,features.1.3.block.2.1.running_var,buffer,32,32,81,4,85,1299,280,444,21,2.65625,15.282352941176471,5.223529411764706,3.2941176470588234,40.59375
737,features.1.3.block.2.1.num_batches_tracked,buffer,32,1,1,4,5,45,5,9,2,5.0,9.0,1.8,1.0,45.0
738,features.2.0.block.0.1.running_mean,buffer,32,192,667,18,685,9966,2185,3429,227,3.5677083333333335,14.54890510948905,5.005839416058394,3.18978102189781,51.90625
739,features.2.0.block.0.1.running_var,buffer,32,192,1648,1734,3382,33111,4263,9332,1787,17.614583333333332,9.790360733293909,2.7593140153755176,1.2604967474866942,172.453125
740,features.2.0.block.0.1.num_batches_tracked,buffer,32,1,1,4,5,45,5,9,2,5.0,9.0,1.8,1.0,45.0
741,features.2.0.block.1.1.running_mean,buffer,32,192,351,4,355,5641,1313,1985,75,1.8489583333333333,15.890140845070423,5.591549295774648,3.6985915492957746,29.380208333333332
742,features.2.0.block.1.1.running_var,buffer,32,192,543,44,587,8469,1789,2858,169,3.0572916666666665,14.427597955706984,4.868824531516184,3.0477001703577513,44.109375
743,features.2.0.block.1.1.num_batches_tracked,buffer,32,1,1,4,5,43,5,9,2,5.0,8.6,1.8,1.0,43.0
744,features.2.0.block.3.1.running_mean,buffer,32,48,307,58,365,4512,858,1404,123,7.604166666666667,12.361643835616439,3.8465753424657536,2.350684931506849,94.0
745,features.2.0.block.3.1.running_var,buffer,32,48,432,412,844,8265,1091,2251,413,17.583333333333332,9.792654028436019,2.6670616113744074,1.292654028436019,172.1875
746,features.2.0.block.3.1.num_batches_tracked,buffer,32,1,1,4,5,45,5,9,2,5.0,9.0,1.8,1.0,45.0
747,features.2.1.block.0.1.running_mean,buffer,32,288,288,4,292,5213,1297,1875,2,1.0138888888888888,17.852739726027398,6.421232876712328,4.441780821917808,18.100694444444443
748,features.2.1.block.0.1.running_var,buffer,32,288,2207,1284,3491,37804,5844,11006,1514,12.121527777777779,10.828988828415927,3.152678315668863,1.6740189057576627,131.26388888888889
749,features.2.1.block.0.1.num_batches_tracked,buffer,32,1,1,4,5,45,5,9,2,5.0,9.0,1.8,1.0,45.0
750,features.2.1.block.1.1.running_mean,buffer,32,288,291,4,295,5252,1305,1888,3,1.0243055555555556,17.803389830508475,6.4,4.423728813559322,18.23611111111111
751,features.2.1.block.1.1.running_var,buffer,32,288,291,4,295,5255,1305,1889,3,1.0243055555555556,17.8135593220339,6.403389830508474,4.423728813559322,18.24652777777778
752,features.2.1.block.1.1.num_batches_tracked,buffer,32,1,1,4,5,45,5,9,2,5.0,9.0,1.8,1.0,45.0
753,features.2.1.block.3.1.running_mean,buffer,32,48,63,4,67,1095,258,382,7,1.3958333333333333,16.34328358208955,5.701492537313433,3.8507462686567164,22.8125
754,features.2.1.block.3.1.running_var,buffer,32,48,126,4,130,2005,430,684,28,2.7083333333333335,15.423076923076923,5.2615384615384615,3.3076923076923075,41.770833333333336
755,features.2.1.block.3.1.num_batches_tracked,buffer,32,1,1,4,5,45,5,9,2,5.0,9.0,1.8,1.0,45.0
756,features.2.2.block.0.1.running_mean,buffer,32,288,552,4,556,8795,2037,3078,108,1.9305555555555556,15.818345323741006,5.5359712230215825,3.6636690647482015,30.538194444444443
757,features.2.2.block.0.1.running_var,buffer,32,288,2245,982,3227,36198,5902,10549,1230,11.20486111111111,11.217229625038735,3.2689804772234274,1.8289432909823364,125.6875
758,features.2.2.block.0.1.num_batches_tracked,buffer,32,1,1,4,5,43,5,9,2,5.0,8.6,1.8,1.0,43.0
759,features.2.2.block.1.1.running_mean,buffer,32,288,297,4,301,5335,1322,1916,5,1.0451388888888888,17.72425249169435,6.365448504983389,4.392026578073089,18.524305555555557
760,features.2.2.block.1.1.running_var,buffer,32,288,288,4,292,5209,1296,1874,2,1.0138888888888888,17.839041095890412,6.417808219178082,4.438356164383562,18.086805555555557
761,features.2.2.block.1.1.num_batches_tracked,buffer,32,1,1,4,5,45,5,9,2,5.0,9.0,1.8,1.0,45.0
762,features.2.2.block.3.1.running_mean,buffer,32,48,51,4,55,928,224,327,3,1.1458333333333333,16.87272727272727,5.945454545454545,4.072727272727272,19.333333333333332
763,features.2.2.block.3.1.running_var,buffer,32,48,51,4,55,935,225,329,3,1.1458333333333333,17.0,5.9818181818181815,4.090909090909091,19.479166666666668
764,features.2.2.block.3.1.num_batches_tracked,buffer,32,1,1,4,5,45,5,9,2,5.0,9.0,1.8,1.0,45.0
765,features.2.3.block.0.1.running_mean,buffer,32,288,986,8,994,14593,3266,5054,324,3.451388888888889,14.681086519114688,5.084507042253521,3.2857142857142856,50.670138888888886
766,features.2.3.block.0.1.running_var,buffer,32,288,2197,1036,3233,36070,5818,10554,1288,11.225694444444445,11.156820290751623,3.2644602536343954,1.7995669656665636,125.24305555555556
767,features.2.3.block.0.1.num_batches_tracked,buffer,32,1,1,4,5,45,5,9,2,5.0,9.0,1.8,1.0,45.0
768,features.2.3.block.1.1.running_mean,buffer,32,288,297,4,301,5333,1322,1917,7,1.0451388888888888,17.717607973421927,6.368770764119601,4.392026578073089,18.51736111111111
769,features.2.3.block.1.1.running_var,buffer,32,288,291,4,295,5253,1305,1889,3,1.0243055555555556,17.80677966101695,6.403389830508474,4.423728813559322,18.239583333333332
770,features.2.3.block.1.1.num_batches_tracked,buffer,32,1,1,4,5,43,5,9,2,5.0,8.6,1.8,1.0,43.0
771,features.2.3.block.3.1.running_mean,buffer,32,48,48,4,52,893,217,315,2,1.0833333333333333,17.173076923076923,6.0576923076923075,4.173076923076923,18.604166666666668
772,features.2.3.block.3.1.running_var,buffer,32,48,48,4,52,891,217,315,2,1.0833333333333333,17.134615384615383,6.0576923076923075,4.173076923076923,18.5625
773,features.2.3.block.3.1.num_batches_tracked,buffer,32,1,1,4,5,45,5,9,2,5.0,9.0,1.8,1.0,45.0
774,features.2.4.block.0.1.running_mean,buffer,32,288,1223,18,1241,17701,3924,6128,473,4.309027777777778,14.263497179693795,4.93795326349718,3.161966156325544,61.46180555555556
775,features.2.4.block.0.1.running_var,buffer,32,288,2263,1011,3274,36678,5990,10769,1299,11.368055555555555,11.202810018326206,3.289248625534514,1.8295662797800856,127.35416666666667
776,features.2.4.block.0.1.num_batches_tracked,buffer,32,1,1,4,5,45,5,9,2,5.0,9.0,1.8,1.0,45.0
777,features.2.4.block.1.1.running_mean,buffer,32,288,296,4,300,5320,1319,1912,6,1.0416666666666667,17.733333333333334,6.373333333333333,4.3966666666666665,18.47222222222222
778,features.2.4.block.1.1.running_var,buffer,32,288,288,4,292,5211,1297,1875,2,1.0138888888888888,17.845890410958905,6.421232876712328,4.441780821917808,18.09375
779,features.2.4.block.1.1.num_batches_tracked,buffer,32,1,1,4,5,45,5,9,2,5.0,9.0,1.8,1.0,45.0
780,features.2.4.block.3.1.running_mean,buffer,32,48,48,4,52,889,216,314,2,1.0833333333333333,17.096153846153847,6.038461538461538,4.153846153846154,18.520833333333332
781,features.2.4.block.3.1.running_var,buffer,32,48,48,4,52,893,217,315,2,1.0833333333333333,17.173076923076923,6.0576923076923075,4.173076923076923,18.604166666666668
782,features.2.4.block.3.1.num_batches_tracked,buffer,32,1,1,4,5,45,5,9,2,5.0,9.0,1.8,1.0,45.0
783,features.2.5.block.0.1.running_mean,buffer,32,288,1404,69,1473,20118,4334,6809,565,5.114583333333333,13.657841140529532,4.622539035980991,2.9422946367956553,69.85416666666667
784,features.2.5.block.0.1.running_var,buffer,32,288,2303,1155,3458,38025,6013,11002,1375,12.006944444444445,10.996240601503759,3.181607865818392,1.7388663967611335,132.03125
785,features.2.5.block.0.1.num_batches_tracked,buffer,32,1,1,4,5,45,5,9,2,5.0,9.0,1.8,1.0,45.0
786,features.2.5.block.1.1.running_mean,buffer,32,288,291,4,295,5252,1305,1888,3,1.0243055555555556,17.803389830508475,6.4,4.423728813559322,18.23611111111111
787,features.2.5.block.1.1.running_var,buffer,32,288,291,4,295,5255,1305,1889,3,1.0243055555555556,17.8135593220339,6.403389830508474,4.423728813559322,18.24652777777778
788,features.2.5.block.1.1.num_batches_tracked,buffer,32,1,1,4,5,45,5,9,2,5.0,9.0,1.8,1.0,45.0
789,features.2.5.block.3.1.running_mean,buffer,32,48,48,4,52,889,216,314,2,1.0833333333333333,17.096153846153847,6.038461538461538,4.153846153846154,18.520833333333332
790,features.2.5.block.3.1.running_var,buffer,32,48,48,4,52,893,217,315,2,1.0833333333333333,17.173076923076923,6.0576923076923075,4.173076923076923,18.604166666666668
791,features.2.5.block.3.1.num_batches_tracked,buffer,32,1,1,4,5,45,5,9,2,5.0,9.0,1.8,1.0,45.0
792,features.2.6.block.0.1.running_mean,buffer,32,288,1728,236,1964,24816,4962,7909,678,6.819444444444445,12.635437881873727,4.026985743380855,2.526476578411405,86.16666666666667
793,features.2.6.block.0.1.running_var,buffer,32,288,2260,1415,3675,39182,5963,11392,1610,12.760416666666666,10.661768707482993,3.0998639455782313,1.6225850340136054,136.04861111111111
794,features.2.6.block.0.1.num_batches_tracked,buffer,32,1,1,4,5,43,5,9,2,5.0,8.6,1.8,1.0,43.0
795,features.2.6.block.1.1.running_mean,buffer,32,288,291,4,295,5253,1305,1889,3,1.0243055555555556,17.80677966101695,6.403389830508474,4.423728813559322,18.239583333333332
796,features.2.6.block.1.1.running_var,buffer,32,288,295,4,299,5310,1316,1908,5,1.0381944444444444,17.759197324414714,6.381270903010034,4.40133779264214,18.4375
797,features.2.6.block.1.1.num_batches_tracked,buffer,32,1,1,4,5,43,5,9,2,5.0,8.6,1.8,1.0,43.0
798,features.2.6.block.3.1.running_mean,buffer,32,48,48,4,52,893,217,315,2,1.0833333333333333,17.173076923076923,6.0576923076923075,4.173076923076923,18.604166666666668
799,features.2.6.block.3.1.running_var,buffer,32,48,48,4,52,891,217,315,2,1.0833333333333333,17.134615384615383,6.0576923076923075,4.173076923076923,18.5625
800,features.2.6.block.3.1.num_batches_tracked,buffer,32,1,1,4,5,45,5,9,2,5.0,9.0,1.8,1.0,45.0
801,features.3.0.block.0.1.running_mean,buffer,32,288,1727,323,2050,25317,4900,7938,696,7.118055555555555,12.349756097560975,3.8721951219512194,2.3902439024390243,87.90625
802,features.3.0.block.0.1.running_var,buffer,32,288,2448,2637,5085,49956,6360,14045,2728,17.65625,9.824188790560472,2.7620452310717796,1.2507374631268438,173.45833333333334
803,features.3.0.block.0.1.num_batches_tracked,buffer,32,1,1,4,5,45,5,9,2,5.0,9.0,1.8,1.0,45.0
804,features.3.0.block.1.1.running_mean,buffer,32,288,437,11,448,7260,1711,2558,70,1.5555555555555556,16.205357142857142,5.709821428571429,3.8191964285714284,25.208333333333332
805,features.3.0.block.1.1.running_var,buffer,32,288,569,19,588,9137,2046,3163,124,2.0416666666666665,15.539115646258503,5.379251700680272,3.479591836734694,31.725694444444443
806,features.3.0.block.1.1.num_batches_tracked,buffer,32,1,1,4,5,43,5,9,2,5.0,8.6,1.8,1.0,43.0
807,features.3.0.block.3.1.running_mean,buffer,32,80,316,4,320,4693,1026,1627,116,4.0,14.665625,5.084375,3.20625,58.6625
808,features.3.0.block.3.1.running_var,buffer,32,80,483,101,584,7481,1411,2415,234,7.3,12.809931506849315,4.135273972602739,2.416095890410959,93.5125
809,features.3.0.block.3.1.num_batches_tracked,buffer,32,1,1,4,5,45,5,9,2,5.0,9.0,1.8,1.0,45.0
810,features.3.1.block.0.1.running_mean,buffer,32,480,480,4,484,8669,2161,3123,2,1.0083333333333333,17.91115702479339,6.452479338842975,4.464876033057851,18.060416666666665
811,features.3.1.block.0.1.running_var,buffer,32,480,3342,1049,4391,51597,9191,15786,1688,9.147916666666667,11.750626281029378,3.595080847187429,2.0931450694602596,107.49375
812,features.3.1.block.0.1.num_batches_tracked,buffer,32,1,1,4,5,38,5,9,1,5.0,7.6,1.8,1.0,38.0
813,features.3.1.block.1.1.running_mean,buffer,32,480,495,4,499,8868,2202,3189,7,1.0395833333333333,17.771543086172343,6.390781563126253,4.412825651302605,18.475
814,features.3.1.block.1.1.running_var,buffer,32,480,489,4,493,8791,2184,3164,5,1.0270833333333333,17.831643002028397,6.417849898580122,4.430020283975659,18.314583333333335
815,features.3.1.block.1.1.num_batches_tracked,buffer,32,1,1,4,5,45,5,9,2,5.0,9.0,1.8,1.0,45.0
816,features.3.1.block.3.1.running_mean,buffer,32,80,80,4,84,1465,360,522,2,1.05,17.44047619047619,6.214285714285714,4.285714285714286,18.3125
817,features.3.1.block.3.1.running_var,buffer,32,80,83,4,87,1511,369,537,3,1.0875,17.367816091954023,6.172413793103448,4.241379310344827,18.8875
818,features.3.1.block.3.1.num_batches_tracked,buffer,32,1,1,4,5,45,5,9,2,5.0,9.0,1.8,1.0,45.0
819,features.3.2.block.0.1.running_mean,buffer,32,480,573,4,577,9931,2420,3540,33,1.2020833333333334,17.211438474870018,6.135181975736568,4.194107452339688,20.689583333333335
820,features.3.2.block.0.1.running_var,buffer,32,480,3363,1070,4433,52040,9258,15942,1730,9.235416666666667,11.739228513422061,3.596210241371532,2.088427701330927,108.41666666666667
821,features.3.2.block.0.1.num_batches_tracked,buffer,32,1,1,4,5,38,5,9,1,5.0,7.6,1.8,1.0,38.0
822,features.3.2.block.1.1.running_mean,buffer,32,480,492,4,496,8829,2194,3176,6,1.0333333333333334,17.800403225806452,6.403225806451613,4.423387096774194,18.39375
823,features.3.2.block.1.1.running_var,buffer,32,480,486,4,490,8753,2177,3151,4,1.0208333333333333,17.86326530612245,6.430612244897959,4.442857142857143,18.235416666666666
824,features.3.2.block.1.1.num_batches_tracked,buffer,32,1,1,4,5,45,5,9,2,5.0,9.0,1.8,1.0,45.0
825,features.3.2.block.3.1.running_mean,buffer,32,80,80,4,84,1469,361,523,2,1.05,17.488095238095237,6.226190476190476,4.2976190476190474,18.3625
826,features.3.2.block.3.1.running_var,buffer,32,80,80,4,84,1467,361,523,2,1.05,17.464285714285715,6.226190476190476,4.2976190476190474,18.3375
827,features.3.2.block.3.1.num_batches_tracked,buffer,32,1,1,4,5,43,5,9,2,5.0,8.6,1.8,1.0,43.0
828,features.3.3.block.0.1.running_mean,buffer,32,480,1164,4,1168,17926,4084,6209,258,2.433333333333333,15.347602739726028,5.3159246575342465,3.4965753424657535,37.34583333333333
829,features.3.3.block.0.1.running_var,buffer,32,480,3345,1088,4433,51912,9236,15926,1754,9.235416666666667,11.710354161967064,3.592600947439657,2.0834649221745996,108.15
830,features.3.3.block.0.1.num_batches_tracked,buffer,32,1,1,4,5,45,5,9,2,5.0,9.0,1.8,1.0,45.0
831,features.3.3.block.1.1.running_mean,buffer,32,480,497,4,501,8896,2209,3200,9,1.04375,17.756487025948104,6.387225548902196,4.409181636726547,18.533333333333335
832,features.3.3.block.1.1.running_var,buffer,32,480,483,4,487,8707,2168,3136,3,1.0145833333333334,17.878850102669404,6.439425051334703,4.4517453798767965,18.139583333333334
833,features.3.3.block.1.1.num_batches_tracked,buffer,32,1,1,4,5,45,5,9,2,5.0,9.0,1.8,1.0,45.0
834,features.3.3.block.3.1.running_mean,buffer,32,80,80,4,84,1465,360,522,2,1.05,17.44047619047619,6.214285714285714,4.285714285714286,18.3125
835,features.3.3.block.3.1.running_var,buffer,32,80,80,4,84,1469,361,523,2,1.05,17.488095238095237,6.226190476190476,4.2976190476190474,18.3625
836,features.3.3.block.3.1.num_batches_tracked,buffer,32,1,1,4,5,45,5,9,2,5.0,9.0,1.8,1.0,45.0
837,features.3.4.block.0.1.running_mean,buffer,32,480,1478,9,1487,22133,4969,7650,425,3.097916666666667,14.884330867518493,5.144586415601883,3.3416274377942163,46.110416666666666
838,features.3.4.block.0.1.running_var,buffer,32,480,3352,1012,4364,51478,9198,15728,1635,9.091666666666667,11.796058661778185,3.604032997250229,2.107699358386801,107.24583333333334
839,features.3.4.block.0.1.num_batches_tracked,buffer,32,1,1,4,5,43,5,9,2,5.0,8.6,1.8,1.0,43.0
840,features.3.4.block.1.1.running_mean,buffer,32,480,480,4,484,8665,2160,3122,2,1.0083333333333333,17.90289256198347,6.450413223140496,4.462809917355372,18.052083333333332
841,features.3.4.block.1.1.running_var,buffer,32,480,483,4,487,8711,2169,3137,3,1.0145833333333334,17.8870636550308,6.441478439425051,4.453798767967146,18.147916666666667
842,features.3.4.block.1.1.num_batches_tracked,buffer,32,1,1,4,5,45,5,9,2,5.0,9.0,1.8,1.0,45.0
843,features.3.4.block.3.1.running_mean,buffer,32,80,80,4,84,1469,361,523,2,1.05,17.488095238095237,6.226190476190476,4.2976190476190474,18.3625
844,features.3.4.block.3.1.running_var,buffer,32,80,80,4,84,1467,361,523,2,1.05,17.464285714285715,6.226190476190476,4.2976190476190474,18.3375
845,features.3.4.block.3.1.num_batches_tracked,buffer,32,1,1,4,5,43,5,9,2,5.0,8.6,1.8,1.0,43.0
846,features.3.5.block.0.1.running_mean,buffer,32,480,1828,11,1839,26800,5973,9288,635,3.83125,14.573137574768896,5.0505709624796085,3.2479608482871125,55.833333333333336
847,features.3.5.block.0.1.running_var,buffer,32,480,3373,1023,4396,51916,9315,15974,1709,9.158333333333333,11.8098271155596,3.6337579617834397,2.1189717925386717,108.15833333333333
848,features.3.5.block.0.1.num_batches_tracked,buffer,32,1,1,4,5,43,5,9,2,5.0,8.6,1.8,1.0,43.0
849,features.3.5.block.1.1.running_mean,buffer,32,480,492,4,496,8828,2193,3176,6,1.0333333333333334,17.798387096774192,6.403225806451613,4.421370967741935,18.391666666666666
850,features.3.5.block.1.1.running_var,buffer,32,480,480,4,484,8667,2161,3123,2,1.0083333333333333,17.90702479338843,6.452479338842975,4.464876033057851,18.05625
851,features.3.5.block.1.1.num_batches_tracked,buffer,32,1,1,4,5,43,5,9,2,5.0,8.6,1.8,1.0,43.0
852,features.3.5.block.3.1.running_mean,buffer,32,80,80,4,84,1469,361,523,2,1.05,17.488095238095237,6.226190476190476,4.2976190476190474,18.3625
853,features.3.5.block.3.1.running_var,buffer,32,80,80,4,84,1465,360,522,2,1.05,17.44047619047619,6.214285714285714,4.285714285714286,18.3125
854,features.3.5.block.3.1.num_batches_tracked,buffer,32,1,1,4,5,43,5,9,2,5.0,8.6,1.8,1.0,43.0
855,features.3.6.block.0.1.running_mean,buffer,32,480,2065,25,2090,29842,6624,10353,812,4.354166666666667,14.278468899521531,4.953588516746412,3.169377990430622,62.170833333333334
856,features.3.6.block.0.1.running_var,buffer,32,480,3438,1307,4745,54430,9385,16511,1910,9.885416666666666,11.471022128556376,3.4796628029504744,1.9778714436248683,113.39583333333333
857,features.3.6.block.0.1.num_batches_tracked,buffer,32,1,1,4,5,45,5,9,2,5.0,9.0,1.8,1.0,45.0
858,features.3.6.block.1.1.running_mean,buffer,32,480,489,4,493,8786,2185,3162,5,1.0270833333333333,17.821501014198784,6.413793103448276,4.432048681541582,18.304166666666667
859,features.3.6.block.1.1.running_var,buffer,32,480,480,4,484,8665,2160,3122,2,1.0083333333333333,17.90289256198347,6.450413223140496,4.462809917355372,18.052083333333332
860,features.3.6.block.1.1.num_batches_tracked,buffer,32,1,1,4,5,43,5,9,2,5.0,8.6,1.8,1.0,43.0
861,features.3.6.block.3.1.running_mean,buffer,32,80,80,4,84,1467,361,523,2,1.05,17.464285714285715,6.226190476190476,4.2976190476190474,18.3375
862,features.3.6.block.3.1.running_var,buffer,32,80,80,4,84,1465,360,522,2,1.05,17.44047619047619,6.214285714285714,4.285714285714286,18.3125
863,features.3.6.block.3.1.num_batches_tracked,buffer,32,1,1,4,5,45,5,9,2,5.0,9.0,1.8,1.0,45.0
864,features.4.0.block.0.1.running_mean,buffer,32,480,2594,206,2800,37009,7747,12197,1010,5.833333333333333,13.2175,4.356071428571428,2.766785714285714,77.10208333333334
865,features.4.0.block.0.1.running_var,buffer,32,480,4131,3180,7311,74699,10537,20829,3314,15.23125,10.217343728628094,2.848994665572425,1.4412529065791273,155.62291666666667
866,features.4.0.block.0.1.num_batches_tracked,buffer,32,1,1,4,5,45,5,9,2,5.0,9.0,1.8,1.0,45.0
867,features.4.0.block.1.1.running_mean,buffer,32,480,566,4,570,9828,2402,3510,34,1.1875,17.242105263157896,6.157894736842105,4.2140350877192985,20.475
868,features.4.0.block.1.1.running_var,buffer,32,480,596,4,600,10298,2477,3670,46,1.25,17.163333333333334,6.116666666666666,4.128333333333333,21.454166666666666
869,features.4.0.block.1.1.num_batches_tracked,buffer,32,1,1,4,5,43,5,9,2,5.0,8.6,1.8,1.0,43.0
870,features.4.0.block.3.1.running_mean,buffer,32,160,505,6,511,7656,1683,2648,155,3.19375,14.982387475538161,5.181996086105675,3.2935420743639923,47.85
871,features.4.0.block.3.1.running_var,buffer,32,160,937,152,1089,14295,2771,4683,437,6.80625,13.1267217630854,4.300275482093664,2.544536271808999,89.34375
872,features.4.0.block.3.1.num_batches_tracked,buffer,32,1,1,4,5,45,5,9,2,5.0,9.0,1.8,1.0,45.0
873,features.4.1.block.0.1.running_mean,buffer,32,960,960,4,964,17307,4321,6243,2,1.0041666666666667,17.953319502074688,6.476141078838174,4.482365145228216,18.028125
874,features.4.1.block.0.1.running_var,buffer,32,960,6567,1798,8365,99979,18244,30961,3194,8.713541666666666,11.952062163777645,3.701255230125523,2.1809922295277944,104.14479166666666
875,features.4.1.block.0.1.num_batches_tracked,buffer,32,1,1,4,5,43,5,9,2,5.0,8.6,1.8,1.0,43.0
876,features.4.1.block.1.1.running_mean,buffer,32,960,963,4,967,17348,4329,6256,3,1.0072916666666667,17.94002068252327,6.469493278179938,4.476732161323682,18.070833333333333
877,features.4.1.block.1.1.running_var,buffer,32,960,960,4,964,17305,4320,6242,2,1.0041666666666667,17.95124481327801,6.475103734439834,4.481327800829876,18.026041666666668
878,features.4.1.block.1.1.num_batches_tracked,buffer,32,1,1,4,5,45,5,9,2,5.0,9.0,1.8,1.0,45.0
879,features.4.1.block.3.1.running_mean,buffer,32,160,160,4,164,2905,720,1042,2,1.025,17.713414634146343,6.353658536585366,4.390243902439025,18.15625
880,features.4.1.block.3.1.running_var,buffer,32,160,160,4,164,2909,721,1043,2,1.025,17.73780487804878,6.359756097560975,4.396341463414634,18.18125
881,features.4.1.block.3.1.num_batches_tracked,buffer,32,1,1,4,5,45,5,9,2,5.0,9.0,1.8,1.0,45.0
882,features.4.2.block.0.1.running_mean,buffer,32,960,990,4,994,17713,4405,6377,12,1.0354166666666667,17.819919517102615,6.415492957746479,4.43158953722334,18.451041666666665
883,features.4.2.block.0.1.running_var,buffer,32,960,6475,1473,7948,96966,18335,30649,3151,8.279166666666667,12.200050327126322,3.856190236537494,2.3068696527428285,101.00625
884,features.4.2.block.0.1.num_batches_tracked,buffer,32,1,1,4,5,45,5,9,2,5.0,9.0,1.8,1.0,45.0
885,features.4.2.block.1.1.running_mean,buffer,32,960,960,4,964,17309,4321,6243,2,1.0041666666666667,17.95539419087137,6.476141078838174,4.482365145228216,18.030208333333334
886,features.4.2.block.1.1.running_var,buffer,32,960,960,4,964,17305,4320,6242,2,1.0041666666666667,17.95124481327801,6.475103734439834,4.481327800829876,18.026041666666668
887,features.4.2.block.1.1.num_batches_tracked,buffer,32,1,1,4,5,45,5,9,2,5.0,9.0,1.8,1.0,45.0
888,features.4.2.block.3.1.running_mean,buffer,32,160,160,4,164,2905,720,1042,2,1.025,17.713414634146343,6.353658536585366,4.390243902439025,18.15625
889,features.4.2.block.3.1.running_var,buffer,32,160,160,4,164,2907,721,1043,2,1.025,17.725609756097562,6.359756097560975,4.396341463414634,18.16875
890,features.4.2.block.3.1.num_batches_tracked,buffer,32,1,1,4,5,45,5,9,2,5.0,9.0,1.8,1.0,45.0
891,features.4.3.block.0.1.running_mean,buffer,32,960,1097,4,1101,19159,4704,6856,49,1.146875,17.40145322434151,6.227066303360581,4.272479564032698,19.957291666666666
892,features.4.3.block.0.1.running_var,buffer,32,960,5931,976,6907,87788,17417,28713,2904,7.194791666666666,12.710004343419719,4.1570870131750395,2.5216447082669755,91.44583333333334
893,features.4.3.block.0.1.num_batches_tracked,buffer,32,1,1,4,5,38,5,9,1,5.0,7.6,1.8,1.0,38.0
894,features.4.3.block.1.1.running_mean,buffer,32,960,960,4,964,17309,4321,6243,2,1.0041666666666667,17.95539419087137,6.476141078838174,4.482365145228216,18.030208333333334
895,features.4.3.block.1.1.running_var,buffer,32,960,960,4,964,17305,4320,6242,2,1.0041666666666667,17.95124481327801,6.475103734439834,4.481327800829876,18.026041666666668
896,features.4.3.block.1.1.num_batches_tracked,buffer,32,1,1,4,5,45,5,9,2,5.0,9.0,1.8,1.0,45.0
897,features.4.3.block.3.1.running_mean,buffer,32,160,160,4,164,2905,720,1042,2,1.025,17.713414634146343,6.353658536585366,4.390243902439025,18.15625
898,features.4.3.block.3.1.running_var,buffer,32,160,160,4,164,2909,721,1043,2,1.025,17.73780487804878,6.359756097560975,4.396341463414634,18.18125
899,features.4.3.block.3.1.num_batches_tracked,buffer,32,1,1,4,5,45,5,9,2,5.0,9.0,1.8,1.0,45.0
900,features.4.4.block.0.1.running_mean,buffer,32,960,1415,4,1419,23453,5595,8280,161,1.478125,16.52783650458069,5.835095137420719,3.9429175475687104,24.430208333333333
901,features.4.4.block.0.1.running_var,buffer,32,960,5575,788,6363,82861,16715,27541,2750,6.628125,13.022316517366022,4.328304258997329,2.626905547697627,86.31354166666667
902,features.4.4.block.0.1.num_batches_tracked,buffer,32,1,1,4,5,45,5,9,2,5.0,9.0,1.8,1.0,45.0
903,features.4.4.block.1.1.running_mean,buffer,32,960,960,4,964,17309,4321,6243,2,1.0041666666666667,17.95539419087137,6.476141078838174,4.482365145228216,18.030208333333334
904,features.4.4.block.1.1.running_var,buffer,32,960,960,4,964,17305,4320,6242,2,1.0041666666666667,17.95124481327801,6.475103734439834,4.481327800829876,18.026041666666668
905,features.4.4.block.1.1.num_batches_tracked,buffer,32,1,1,4,5,45,5,9,2,5.0,9.0,1.8,1.0,45.0
906,features.4.4.block.3.1.running_mean,buffer,32,160,160,4,164,2905,720,1042,2,1.025,17.713414634146343,6.353658536585366,4.390243902439025,18.15625
907,features.4.4.block.3.1.running_var,buffer,32,160,160,4,164,2909,721,1043,2,1.025,17.73780487804878,6.359756097560975,4.396341463414634,18.18125
908,features.4.4.block.3.1.num_batches_tracked,buffer,32,1,1,4,5,45,5,9,2,5.0,9.0,1.8,1.0,45.0
909,features.4.5.block.0.1.running_mean,buffer,32,960,1772,4,1776,28276,6601,9893,300,1.85,15.92117117117117,5.570382882882883,3.716779279279279,29.454166666666666
910,features.4.5.block.0.1.running_var,buffer,32,960,5811,684,6495,84800,17305,28214,2770,6.765625,13.056197074672825,4.34395688991532,2.6643571978444958,88.33333333333333
911,features.4.5.block.0.1.num_batches_tracked,buffer,32,1,1,4,5,45,5,9,2,5.0,9.0,1.8,1.0,45.0
912,features.4.5.block.1.1.running_mean,buffer,32,960,963,4,967,17348,4329,6256,3,1.0072916666666667,17.94002068252327,6.469493278179938,4.476732161323682,18.070833333333333
913,features.4.5.block.1.1.running_var,buffer,32,960,960,4,964,17309,4321,6243,2,1.0041666666666667,17.95539419087137,6.476141078838174,4.482365145228216,18.030208333333334
914,features.4.5.block.1.1.num_batches_tracked,buffer,32,1,1,4,5,45,5,9,2,5.0,9.0,1.8,1.0,45.0
915,features.4.5.block.3.1.running_mean,buffer,32,160,160,4,164,2905,720,1042,2,1.025,17.713414634146343,6.353658536585366,4.390243902439025,18.15625
916,features.4.5.block.3.1.running_var,buffer,32,160,160,4,164,2907,721,1043,2,1.025,17.725609756097562,6.359756097560975,4.396341463414634,18.16875
917,features.4.5.block.3.1.num_batches_tracked,buffer,32,1,1,4,5,43,5,9,2,5.0,8.6,1.8,1.0,43.0
918,features.4.6.block.0.1.running_mean,buffer,32,960,2004,4,2008,31408,7260,10947,398,2.091666666666667,15.641434262948207,5.451693227091633,3.6155378486055776,32.71666666666667
919,features.4.6.block.0.1.running_var,buffer,32,960,5841,852,6693,86308,17422,28710,2986,6.971875,12.89526370835201,4.289556252801434,2.6030180785895713,89.90416666666667
920,features.4.6.block.0.1.num_batches_tracked,buffer,32,1,1,4,5,43,5,9,2,5.0,8.6,1.8,1.0,43.0
921,features.4.6.block.1.1.running_mean,buffer,32,960,960,4,964,17305,4320,6242,2,1.0041666666666667,17.95124481327801,6.475103734439834,4.481327800829876,18.026041666666668
922,features.4.6.block.1.1.running_var,buffer,32,960,960,4,964,17307,4321,6243,2,1.0041666666666667,17.953319502074688,6.476141078838174,4.482365145228216,18.028125
923,features.4.6.block.1.1.num_batches_tracked,buffer,32,1,1,4,5,43,5,9,2,5.0,8.6,1.8,1.0,43.0
924,features.4.6.block.3.1.running_mean,buffer,32,160,160,4,164,2907,721,1043,2,1.025,17.725609756097562,6.359756097560975,4.396341463414634,18.16875
925,features.4.6.block.3.1.running_var,buffer,32,160,160,4,164,2905,720,1042,2,1.025,17.713414634146343,6.353658536585366,4.390243902439025,18.15625
926,features.4.6.block.3.1.num_batches_tracked,buffer,32,1,1,4,5,45,5,9,2,5.0,9.0,1.8,1.0,45.0
927,features.4.7.block.0.1.running_mean,buffer,32,960,2132,4,2136,33101,7628,11553,484,2.225,15.496722846441948,5.408707865168539,3.5711610486891385,34.48020833333333
928,features.4.7.block.0.1.running_var,buffer,32,960,5867,798,6665,86186,17496,28707,2956,6.942708333333333,12.9311327831958,4.307126781695424,2.6250562640660164,89.77708333333334
929,features.4.7.block.0.1.num_batches_tracked,buffer,32,1,1,4,5,37,5,9,1,5.0,7.4,1.8,1.0,37.0
930,features.4.7.block.1.1.running_mean,buffer,32,960,960,4,964,17307,4321,6243,2,1.0041666666666667,17.953319502074688,6.476141078838174,4.482365145228216,18.028125
931,features.4.7.block.1.1.running_var,buffer,32,960,960,4,964,17309,4321,6243,2,1.0041666666666667,17.95539419087137,6.476141078838174,4.482365145228216,18.030208333333334
932,features.4.7.block.1.1.num_batches_tracked,buffer,32,1,1,4,5,45,5,9,2,5.0,9.0,1.8,1.0,45.0
933,features.4.7.block.3.1.running_mean,buffer,32,160,160,4,164,2909,721,1043,2,1.025,17.73780487804878,6.359756097560975,4.396341463414634,18.18125
934,features.4.7.block.3.1.running_var,buffer,32,160,160,4,164,2905,720,1042,2,1.025,17.713414634146343,6.353658536585366,4.390243902439025,18.15625
935,features.4.7.block.3.1.num_batches_tracked,buffer,32,1,1,4,5,43,5,9,2,5.0,8.6,1.8,1.0,43.0
936,features.4.8.block.0.1.running_mean,buffer,32,960,2252,4,2256,34701,7978,12130,570,2.35,15.381648936170214,5.37677304964539,3.5363475177304964,36.146875
937,features.4.8.block.0.1.running_var,buffer,32,960,6431,1333,7764,95643,18446,30694,3237,8.0875,12.318778979907265,3.9533745492014427,2.3758371973209687,99.628125
938,features.4.8.block.0.1.num_batches_tracked,buffer,32,1,1,4,5,43,5,9,2,5.0,8.6,1.8,1.0,43.0
939,features.4.8.block.1.1.running_mean,buffer,32,960,960,4,964,17305,4320,6242,2,1.0041666666666667,17.95124481327801,6.475103734439834,4.481327800829876,18.026041666666668
940,features.4.8.block.1.1.running_var,buffer,32,960,960,4,964,17307,4321,6243,2,1.0041666666666667,17.953319502074688,6.476141078838174,4.482365145228216,18.028125
941,features.4.8.block.1.1.num_batches_tracked,buffer,32,1,1,4,5,43,5,9,2,5.0,8.6,1.8,1.0,43.0
942,features.4.8.block.3.1.running_mean,buffer,32,160,160,4,164,2907,721,1043,2,1.025,17.725609756097562,6.359756097560975,4.396341463414634,18.16875
943,features.4.8.block.3.1.running_var,buffer,32,160,160,4,164,2905,720,1042,2,1.025,17.713414634146343,6.353658536585366,4.390243902439025,18.15625
944,features.4.8.block.3.1.num_batches_tracked,buffer,32,1,1,4,5,45,5,9,2,5.0,9.0,1.8,1.0,45.0
945,features.4.9.block.0.1.running_mean,buffer,32,960,2202,4,2206,34030,7834,11906,550,2.2979166666666666,15.42611060743427,5.397098821396193,3.5512239347234815,35.447916666666664
946,features.4.9.block.0.1.running_var,buffer,32,960,5994,1163,7157,90184,17781,29771,3302,7.455208333333333,12.600810395417074,4.159703786502725,2.4844208467234874,93.94166666666666
947,features.4.9.block.0.1.num_batches_tracked,buffer,32,1,1,4,5,45,5,9,2,5.0,9.0,1.8,1.0,45.0
948,features.4.9.block.1.1.running_mean,buffer,32,960,963,4,967,17346,4329,6256,3,1.0072916666666667,17.937952430196486,6.469493278179938,4.476732161323682,18.06875
949,features.4.9.block.1.1.running_var,buffer,32,960,960,4,964,17305,4320,6242,2,1.0041666666666667,17.95124481327801,6.475103734439834,4.481327800829876,18.026041666666668
950,features.4.9.block.1.1.num_batches_tracked,buffer,32,1,1,4,5,43,5,9,2,5.0,8.6,1.8,1.0,43.0
951,features.4.9.block.3.1.running_mean,buffer,32,160,160,4,164,2907,721,1043,2,1.025,17.725609756097562,6.359756097560975,4.396341463414634,18.16875
952,features.4.9.block.3.1.running_var,buffer,32,160,160,4,164,2905,720,1042,2,1.025,17.713414634146343,6.353658536585366,4.390243902439025,18.15625
953,features.4.9.block.3.1.num_batches_tracked,buffer,32,1,1,4,5,45,5,9,2,5.0,9.0,1.8,1.0,45.0
954,features.5.0.block.0.1.running_mean,buffer,32,960,3445,28,3473,50595,11336,17604,1249,3.6177083333333333,14.568096746328822,5.068816585084941,3.264036855744313,52.703125
955,features.5.0.block.0.1.running_var,buffer,32,960,7844,4773,12617,133807,20319,38260,5310,13.142708333333333,10.605294444004121,3.0324165808036776,1.6104462233494492,139.38229166666667
956,features.5.0.block.0.1.num_batches_tracked,buffer,32,1,1,4,5,45,5,9,2,5.0,9.0,1.8,1.0,45.0
957,features.5.0.block.1.1.running_mean,buffer,32,960,1126,15,1141,19639,4779,7010,71,1.1885416666666666,17.212094653812446,6.143733567046451,4.18843120070114,20.457291666666666
958,features.5.0.block.1.1.running_var,buffer,32,960,1283,19,1302,21900,5194,7767,140,1.35625,16.820276497695854,5.965437788018433,3.989247311827957,22.8125
959,features.5.0.block.1.1.num_batches_tracked,buffer,32,1,1,4,5,45,5,9,2,5.0,9.0,1.8,1.0,45.0
960,features.5.0.block.3.1.running_mean,buffer,32,224,242,4,246,4311,1058,1542,8,1.0982142857142858,17.524390243902438,6.2682926829268295,4.300813008130081,19.245535714285715
961,features.5.0.block.3.1.running_var,buffer,32,224,971,30,1001,14577,3048,4962,337,4.46875,14.562437562437562,4.957042957042957,3.044955044955045,65.07589285714286
962,features.5.0.block.3.1.num_batches_tracked,buffer,32,1,1,4,5,43,5,9,2,5.0,8.6,1.8,1.0,43.0
963,features.5.1.block.0.1.running_mean,buffer,32,1344,1344,4,1348,24217,6048,8738,2,1.0029761904761905,17.96513353115727,6.482195845697329,4.486646884272997,18.01860119047619
964,features.5.1.block.0.1.running_var,buffer,32,1344,9156,2954,12110,143045,25328,43752,4733,9.010416666666666,11.8121387283237,3.612881915772089,2.091494632535095,106.43229166666667
965,features.5.1.block.0.1.num_batches_tracked,buffer,32,1,1,4,5,43,5,9,2,5.0,8.6,1.8,1.0,43.0
966,features.5.1.block.1.1.running_mean,buffer,32,1344,1344,4,1348,24217,6048,8738,2,1.0029761904761905,17.96513353115727,6.482195845697329,4.486646884272997,18.01860119047619
967,features.5.1.block.1.1.running_var,buffer,32,1344,1344,4,1348,24217,6048,8738,2,1.0029761904761905,17.96513353115727,6.482195845697329,4.486646884272997,18.01860119047619
968,features.5.1.block.1.1.num_batches_tracked,buffer,32,1,1,4,5,43,5,9,2,5.0,8.6,1.8,1.0,43.0
969,features.5.1.block.3.1.running_mean,buffer,32,224,224,4,228,4059,1009,1459,2,1.0178571428571428,17.80263157894737,6.399122807017544,4.425438596491228,18.120535714285715
970,features.5.1.block.3.1.running_var,buffer,32,224,224,4,228,4057,1008,1458,2,1.0178571428571428,17.79385964912281,6.394736842105263,4.421052631578948,18.111607142857142
971,features.5.1.block.3.1.num_batches_tracked,buffer,32,1,1,4,5,45,5,9,2,5.0,9.0,1.8,1.0,45.0
972,features.5.2.block.0.1.running_mean,buffer,32,1344,1410,4,1414,25111,6233,9033,24,1.0520833333333333,17.758840169731258,6.388260254596888,4.408062234794908,18.683779761904763
973,features.5.2.block.0.1.running_var,buffer,32,1344,8844,2877,11721,139282,24754,43214,4750,8.720982142857142,11.883115775104514,3.686886784404061,2.111935841651736,103.63244047619048
974,features.5.2.block.0.1.num_batches_tracked,buffer,32,1,1,4,5,45,5,9,2,5.0,9.0,1.8,1.0,45.0
975,features.5.2.block.1.1.running_mean,buffer,32,1344,1347,4,1351,24260,6057,8752,3,1.0052083333333333,17.957068837897854,6.4781643227239085,4.483345669874168,18.050595238095237
976,features.5.2.block.1.1.running_var,buffer,32,1344,1344,4,1348,24219,6049,8739,2,1.0029761904761905,17.966617210682493,6.482937685459941,4.4873887240356085,18.020089285714285
977,features.5.2.block.1.1.num_batches_tracked,buffer,32,1,1,4,5,45,5,9,2,5.0,9.0,1.8,1.0,45.0
978,features.5.2.block.3.1.running_mean,buffer,32,224,224,4,228,4061,1009,1459,2,1.0178571428571428,17.81140350877193,6.399122807017544,4.425438596491228,18.129464285714285
979,features.5.2.block.3.1.running_var,buffer,32,224,224,4,228,4057,1008,1458,2,1.0178571428571428,17.79385964912281,6.394736842105263,4.421052631578948,18.111607142857142
980,features.5.2.block.3.1.num_batches_tracked,buffer,32,1,1,4,5,45,5,9,2,5.0,9.0,1.8,1.0,45.0
981,features.5.3.block.0.1.running_mean,buffer,32,1344,2280,4,2284,36871,8670,12928,326,1.6994047619047619,16.143169877408056,5.660245183887916,3.7959719789842383,27.433779761904763
982,features.5.3.block.0.1.running_var,buffer,32,1344,8918,2369,11287,136824,24964,42668,4356,8.398065476190476,12.12226455213963,3.7802781961548684,2.2117480287055904,101.80357142857143
983,features.5.3.block.0.1.num_batches_tracked,buffer,32,1,1,4,5,45,5,9,2,5.0,9.0,1.8,1.0,45.0
984,features.5.3.block.1.1.running_mean,buffer,32,1344,1344,4,1348,24221,6049,8739,2,1.0029761904761905,17.968100890207715,6.482937685459941,4.4873887240356085,18.02157738095238
985,features.5.3.block.1.1.running_var,buffer,32,1344,1344,4,1348,24221,6049,8739,2,1.0029761904761905,17.968100890207715,6.482937685459941,4.4873887240356085,18.02157738095238
986,features.5.3.block.1.1.num_batches_tracked,buffer,32,1,1,4,5,45,5,9,2,5.0,9.0,1.8,1.0,45.0
987,features.5.3.block.3.1.running_mean,buffer,32,224,224,4,228,4057,1008,1458,2,1.0178571428571428,17.79385964912281,6.394736842105263,4.421052631578948,18.111607142857142
988,features.5.3.block.3.1.running_var,buffer,32,224,224,4,228,4059,1009,1459,2,1.0178571428571428,17.80263157894737,6.399122807017544,4.425438596491228,18.120535714285715
989,features.5.3.block.3.1.num_batches_tracked,buffer,32,1,1,4,5,43,5,9,2,5.0,8.6,1.8,1.0,43.0
990,features.5.4.block.0.1.running_mean,buffer,32,1344,3303,4,3307,50659,11570,17588,771,2.4605654761904763,15.31871787118234,5.318415482310251,3.4986392500755974,37.692708333333336
991,features.5.4.block.0.1.running_var,buffer,32,1344,9456,2814,12270,145483,26050,44761,4721,9.129464285714286,11.856805215973921,3.6480032599837,2.123064384678077,108.24627976190476
992,features.5.4.block.0.1.num_batches_tracked,buffer,32,1,1,4,5,45,5,9,2,5.0,9.0,1.8,1.0,45.0
993,features.5.4.block.1.1.running_mean,buffer,32,1344,1344,4,1348,24219,6049,8739,2,1.0029761904761905,17.966617210682493,6.482937685459941,4.4873887240356085,18.020089285714285
994,features.5.4.block.1.1.running_var,buffer,32,1344,1344,4,1348,24221,6049,8739,2,1.0029761904761905,17.968100890207715,6.482937685459941,4.4873887240356085,18.02157738095238
995,features.5.4.block.1.1.num_batches_tracked,buffer,32,1,1,4,5,45,5,9,2,5.0,9.0,1.8,1.0,45.0
996,features.5.4.block.3.1.running_mean,buffer,32,224,224,4,228,4061,1009,1459,2,1.0178571428571428,17.81140350877193,6.399122807017544,4.425438596491228,18.129464285714285
997,features.5.4.block.3.1.running_var,buffer,32,224,224,4,228,4057,1008,1458,2,1.0178571428571428,17.79385964912281,6.394736842105263,4.421052631578948,18.111607142857142
998,features.5.4.block.3.1.num_batches_tracked,buffer,32,1,1,4,5,43,5,9,2,5.0,8.6,1.8,1.0,43.0
999,features.5.5.block.0.1.running_mean,buffer,32,1344,3792,6,3798,57205,12973,19885,1068,2.825892857142857,15.06187467087941,5.235650342285413,3.415745129015271,42.56324404761905
1000,features.5.5.block.0.1.running_var,buffer,32,1344,9820,3323,13143,152301,26482,45907,4892,9.779017857142858,11.587993608765123,3.4928859468918816,2.0149128813817243,113.31919642857143
1001,features.5.5.block.0.1.num_batches_tracked,buffer,32,1,1,4,5,45,5,9,2,5.0,9.0,1.8,1.0,45.0
1002,features.5.5.block.1.1.running_mean,buffer,32,1344,1347,4,1351,24260,6057,8752,3,1.0052083333333333,17.957068837897854,6.4781643227239085,4.483345669874168,18.050595238095237
1003,features.5.5.block.1.1.running_var,buffer,32,1344,1344,4,1348,24221,6049,8739,2,1.0029761904761905,17.968100890207715,6.482937685459941,4.4873887240356085,18.02157738095238
1004,features.5.5.block.1.1.num_batches_tracked,buffer,32,1,1,4,5,45,5,9,2,5.0,9.0,1.8,1.0,45.0
1005,features.5.5.block.3.1.running_mean,buffer,32,224,224,4,228,4061,1009,1459,2,1.0178571428571428,17.81140350877193,6.399122807017544,4.425438596491228,18.129464285714285
1006,features.5.5.block.3.1.running_var,buffer,32,224,224,4,228,4057,1008,1458,2,1.0178571428571428,17.79385964912281,6.394736842105263,4.421052631578948,18.111607142857142
1007,features.5.5.block.3.1.num_batches_tracked,buffer,32,1,1,4,5,43,5,9,2,5.0,8.6,1.8,1.0,43.0
1008,features.5.6.block.0.1.running_mean,buffer,32,1344,4145,8,4153,61853,13995,21550,1315,3.090029761904762,14.893570912593306,5.189019985552613,3.369853118227787,46.02157738095238
1009,features.5.6.block.0.1.running_var,buffer,32,1344,10255,3549,13804,158784,27206,47247,4925,10.270833333333334,11.502752825268038,3.4227035641842942,1.9708780063749638,118.14285714285714
1010,features.5.6.block.0.1.num_batches_tracked,buffer,32,1,1,4,5,45,5,9,2,5.0,9.0,1.8,1.0,45.0
1011,features.5.6.block.1.1.running_mean,buffer,32,1344,1344,4,1348,24221,6049,8739,2,1.0029761904761905,17.968100890207715,6.482937685459941,4.4873887240356085,18.02157738095238
1012,features.5.6.block.1.1.running_var,buffer,32,1344,1344,4,1348,24217,6048,8738,2,1.0029761904761905,17.96513353115727,6.482195845697329,4.486646884272997,18.01860119047619
1013,features.5.6.block.1.1.num_batches_tracked,buffer,32,1,1,4,5,45,5,9,2,5.0,9.0,1.8,1.0,45.0
1014,features.5.6.block.3.1.running_mean,buffer,32,224,224,4,228,4057,1008,1458,2,1.0178571428571428,17.79385964912281,6.394736842105263,4.421052631578948,18.111607142857142
1015,features.5.6.block.3.1.running_var,buffer,32,224,224,4,228,4059,1009,1459,2,1.0178571428571428,17.80263157894737,6.399122807017544,4.425438596491228,18.120535714285715
1016,features.5.6.block.3.1.num_batches_tracked,buffer,32,1,1,4,5,45,5,9,2,5.0,9.0,1.8,1.0,45.0
1017,features.5.7.block.0.1.running_mean,buffer,32,1344,4482,16,4498,66284,14945,23122,1552,3.3467261904761907,14.73632725655847,5.140506891951978,3.32258781680747,49.31845238095238
1018,features.5.7.block.0.1.running_var,buffer,32,1344,10111,3721,13832,157821,26952,47043,5115,10.291666666666666,11.409846732215152,3.4010266049739735,1.948525159051475,117.42633928571429
1019,features.5.7.block.0.1.num_batches_tracked,buffer,32,1,1,4,5,45,5,9,2,5.0,9.0,1.8,1.0,45.0
1020,features.5.7.block.1.1.running_mean,buffer,32,1344,1347,4,1351,24260,6057,8752,3,1.0052083333333333,17.957068837897854,6.4781643227239085,4.483345669874168,18.050595238095237
1021,features.5.7.block.1.1.running_var,buffer,32,1344,1344,4,1348,24221,6049,8739,2,1.0029761904761905,17.968100890207715,6.482937685459941,4.4873887240356085,18.02157738095238
1022,features.5.7.block.1.1.num_batches_tracked,buffer,32,1,1,4,5,45,5,9,2,5.0,9.0,1.8,1.0,45.0
1023,features.5.7.block.3.1.running_mean,buffer,32,224,224,4,228,4061,1009,1459,2,1.0178571428571428,17.81140350877193,6.399122807017544,4.425438596491228,18.129464285714285
1024,features.5.7.block.3.1.running_var,buffer,32,224,224,4,228,4057,1008,1458,2,1.0178571428571428,17.79385964912281,6.394736842105263,4.421052631578948,18.111607142857142
1025,features.5.7.block.3.1.num_batches_tracked,buffer,32,1,1,4,5,43,5,9,2,5.0,8.6,1.8,1.0,43.0
1026,features.5.8.block.0.1.running_mean,buffer,32,1344,4830,42,4872,70813,15898,24666,1782,3.625,14.53468801313629,5.062807881773399,3.263136288998358,52.68824404761905
1027,features.5.8.block.0.1.running_var,buffer,32,1344,10303,3720,14023,159412,27253,46882,5022,10.433779761904763,11.367895600085573,3.343221849818156,1.943450046352421,118.61011904761905
1028,features.5.8.block.0.1.num_batches_tracked,buffer,32,1,1,4,5,45,5,9,2,5.0,9.0,1.8,1.0,45.0
1029,features.5.8.block.1.1.running_mean,buffer,32,1344,1344,4,1348,24221,6049,8739,2,1.0029761904761905,17.968100890207715,6.482937685459941,4.4873887240356085,18.02157738095238
1030,features.5.8.block.1.1.running_var,buffer,32,1344,1344,4,1348,24217,6048,8738,2,1.0029761904761905,17.96513353115727,6.482195845697329,4.486646884272997,18.01860119047619
1031,features.5.8.block.1.1.num_batches_tracked,buffer,32,1,1,4,5,45,5,9,2,5.0,9.0,1.8,1.0,45.0
1032,features.5.8.block.3.1.running_mean,buffer,32,224,224,4,228,4057,1008,1458,2,1.0178571428571428,17.79385964912281,6.394736842105263,4.421052631578948,18.111607142857142
1033,features.5.8.block.3.1.running_var,buffer,32,224,224,4,228,4059,1009,1459,2,1.0178571428571428,17.80263157894737,6.399122807017544,4.425438596491228,18.120535714285715
1034,features.5.8.block.3.1.num_batches_tracked,buffer,32,1,1,4,5,45,5,9,2,5.0,9.0,1.8,1.0,45.0
1035,features.5.9.block.0.1.running_mean,buffer,32,1344,4922,46,4968,72140,16150,25103,1830,3.6964285714285716,14.520933977455716,5.052938808373591,3.250805152979066,53.67559523809524
1036,features.5.9.block.0.1.running_var,buffer,32,1344,10093,3498,13591,155661,26880,46066,4892,10.11235119047619,11.453241115444044,3.3894489000073578,1.9777794128467368,115.81919642857143
1037,features.5.9.block.0.1.num_batches_tracked,buffer,32,1,1,4,5,45,5,9,2,5.0,9.0,1.8,1.0,45.0
1038,features.5.9.block.1.1.running_mean,buffer,32,1344,1347,4,1351,24260,6057,8752,3,1.0052083333333333,17.957068837897854,6.4781643227239085,4.483345669874168,18.050595238095237
1039,features.5.9.block.1.1.running_var,buffer,32,1344,1344,4,1348,24221,6049,8739,2,1.0029761904761905,17.968100890207715,6.482937685459941,4.4873887240356085,18.02157738095238
1040,features.5.9.block.1.1.num_batches_tracked,buffer,32,1,1,4,5,45,5,9,2,5.0,9.0,1.8,1.0,45.0
1041,features.5.9.block.3.1.running_mean,buffer,32,224,224,4,228,4061,1009,1459,2,1.0178571428571428,17.81140350877193,6.399122807017544,4.425438596491228,18.129464285714285
1042,features.5.9.block.3.1.running_var,buffer,32,224,224,4,228,4057,1008,1458,2,1.0178571428571428,17.79385964912281,6.394736842105263,4.421052631578948,18.111607142857142
1043,features.5.9.block.3.1.num_batches_tracked,buffer,32,1,1,4,5,43,5,9,2,5.0,8.6,1.8,1.0,43.0
1044,features.6.0.block.0.1.running_mean,buffer,32,1344,8166,498,8664,114812,24395,38468,3522,6.446428571428571,13.251615881809787,4.439981532779317,2.81567405355494,85.42559523809524
1045,features.6.0.block.0.1.running_var,buffer,32,1344,11684,9547,21231,215583,29717,60032,9828,15.796875,10.15416136781122,2.8275634685130235,1.3996985540012246,160.40401785714286
1046,features.6.0.block.0.1.num_batches_tracked,buffer,32,1,1,4,5,45,5,9,2,5.0,9.0,1.8,1.0,45.0
1047,features.6.0.block.1.1.running_mean,buffer,32,1344,1526,17,1543,26741,6548,9560,75,1.1480654761904763,17.33052495139339,6.195722618276085,4.243681140635126,19.89657738095238
1048,features.6.0.block.1.1.running_var,buffer,32,1344,1476,10,1486,26086,6400,9349,52,1.1056547619047619,17.55450874831763,6.2913862718707945,4.306864064602961,19.40922619047619
1049,features.6.0.block.1.1.num_batches_tracked,buffer,32,1,1,4,5,45,5,9,2,5.0,9.0,1.8,1.0,45.0
1050,features.6.0.block.3.1.running_mean,buffer,32,384,396,4,400,7106,1761,2554,6,1.0416666666666667,17.765,6.385,4.4025,18.505208333333332
1051,features.6.0.block.3.1.running_var,buffer,32,384,1153,8,1161,17781,3841,6135,309,3.0234375,15.315245478036175,5.284237726098191,3.3083548664944016,46.3046875
1052,features.6.0.block.3.1.num_batches_tracked,buffer,32,1,1,4,5,43,5,9,2,5.0,8.6,1.8,1.0,43.0
1053,features.6.1.block.0.1.running_mean,buffer,32,2304,2304,8,2312,41524,10369,14981,4,1.0034722222222223,17.96020761245675,6.479671280276817,4.484861591695502,18.022569444444443
1054,features.6.1.block.0.1.running_var,buffer,32,2304,17257,5660,22917,264613,46085,79159,8163,9.946614583333334,11.546581140637954,3.454160666753938,2.0109525679626477,114.84939236111111
1055,features.6.1.block.0.1.num_batches_tracked,buffer,32,1,1,4,5,45,5,9,2,5.0,9.0,1.8,1.0,45.0
1056,features.6.1.block.1.1.running_mean,buffer,32,2304,2304,8,2312,41524,10369,14981,4,1.0034722222222223,17.96020761245675,6.479671280276817,4.484861591695502,18.022569444444443
1057,features.6.1.block.1.1.running_var,buffer,32,2304,2304,8,2312,41524,10369,14981,4,1.0034722222222223,17.96020761245675,6.479671280276817,4.484861591695502,18.022569444444443
1058,features.6.1.block.1.1.num_batches_tracked,buffer,32,1,1,4,5,43,5,9,2,5.0,8.6,1.8,1.0,43.0
1059,features.6.1.block.3.1.running_mean,buffer,32,384,384,4,388,6939,1729,2499,2,1.0104166666666667,17.8840206185567,6.440721649484536,4.456185567010309,18.0703125
1060,features.6.1.block.3.1.running_var,buffer,32,384,384,4,388,6941,1729,2499,2,1.0104166666666667,17.88917525773196,6.440721649484536,4.456185567010309,18.075520833333332
1061,features.6.1.block.3.1.num_batches_tracked,buffer,32,1,1,4,5,45,5,9,2,5.0,9.0,1.8,1.0,45.0
1062,features.6.2.block.0.1.running_mean,buffer,32,2304,2313,8,2321,41647,10395,15022,7,1.0073784722222223,17.94355881085739,6.472210254200776,4.478672985781991,18.07595486111111
1063,features.6.2.block.0.1.running_var,buffer,32,2304,17433,5850,23283,267807,46403,79817,8261,10.10546875,11.502254864063909,3.4281235236009104,1.9929991839539578,116.23567708333333
1064,features.6.2.block.0.1.num_batches_tracked,buffer,32,1,1,4,5,45,5,9,2,5.0,9.0,1.8,1.0,45.0
1065,features.6.2.block.1.1.running_mean,buffer,32,2304,2304,8,2312,41526,10369,14981,4,1.0034722222222223,17.96107266435986,6.479671280276817,4.484861591695502,18.0234375
1066,features.6.2.block.1.1.running_var,buffer,32,2304,2304,8,2312,41526,10369,14981,4,1.0034722222222223,17.96107266435986,6.479671280276817,4.484861591695502,18.0234375
1067,features.6.2.block.1.1.num_batches_tracked,buffer,32,1,1,4,5,43,5,9,2,5.0,8.6,1.8,1.0,43.0
1068,features.6.2.block.3.1.running_mean,buffer,32,384,384,4,388,6937,1728,2498,2,1.0104166666666667,17.878865979381445,6.438144329896907,4.453608247422681,18.065104166666668
1069,features.6.2.block.3.1.running_var,buffer,32,384,384,4,388,6941,1729,2499,2,1.0104166666666667,17.88917525773196,6.440721649484536,4.456185567010309,18.075520833333332
1070,features.6.2.block.3.1.num_batches_tracked,buffer,32,1,1,4,5,45,5,9,2,5.0,9.0,1.8,1.0,45.0
1071,features.6.3.block.0.1.running_mean,buffer,32,2304,3591,8,3599,58929,13972,20732,439,1.5620659722222223,16.373714920811338,5.760489024729091,3.882189497082523,25.576822916666668
1072,features.6.3.block.0.1.running_var,buffer,32,2304,17549,5752,23301,267469,46532,78953,8071,10.11328125,11.478863568087206,3.3883953478391486,1.996995837088537,116.08897569444444
1073,features.6.3.block.0.1.num_batches_tracked,buffer,32,1,1,4,5,38,5,9,1,5.0,7.6,1.8,1.0,38.0
1074,features.6.3.block.1.1.running_mean,buffer,32,2304,2304,8,2312,41524,10369,14981,4,1.0034722222222223,17.96020761245675,6.479671280276817,4.484861591695502,18.022569444444443
1075,features.6.3.block.1.1.running_var,buffer,32,2304,2304,8,2312,41524,10369,14981,4,1.0034722222222223,17.96020761245675,6.479671280276817,4.484861591695502,18.022569444444443
1076,features.6.3.block.1.1.num_batches_tracked,buffer,32,1,1,4,5,43,5,9,2,5.0,8.6,1.8,1.0,43.0
1077,features.6.3.block.3.1.running_mean,buffer,32,384,384,4,388,6939,1729,2499,2,1.0104166666666667,17.8840206185567,6.440721649484536,4.456185567010309,18.0703125
1078,features.6.3.block.3.1.running_var,buffer,32,384,384,4,388,6941,1729,2499,2,1.0104166666666667,17.88917525773196,6.440721649484536,4.456185567010309,18.075520833333332
1079,features.6.3.block.3.1.num_batches_tracked,buffer,32,1,1,4,5,45,5,9,2,5.0,9.0,1.8,1.0,45.0
1080,features.6.4.block.0.1.running_mean,buffer,32,2304,5507,8,5515,84826,19380,29393,1187,2.3936631944444446,15.380961015412511,5.329646418857661,3.514052583862194,36.81684027777778
1081,features.6.4.block.0.1.running_var,buffer,32,2304,17495,5913,23408,267790,46349,78867,8124,10.159722222222221,11.440105946684895,3.3692327409432674,1.9800495557074504,116.22829861111111
1082,features.6.4.block.0.1.num_batches_tracked,buffer,32,1,1,4,5,43,5,9,2,5.0,8.6,1.8,1.0,43.0
1083,features.6.4.block.1.1.running_mean,buffer,32,2304,2304,8,2312,41524,10369,14981,4,1.0034722222222223,17.96020761245675,6.479671280276817,4.484861591695502,18.022569444444443
1084,features.6.4.block.1.1.running_var,buffer,32,2304,2304,8,2312,41524,10369,14981,4,1.0034722222222223,17.96020761245675,6.479671280276817,4.484861591695502,18.022569444444443
1085,features.6.4.block.1.1.num_batches_tracked,buffer,32,1,1,4,5,45,5,9,2,5.0,9.0,1.8,1.0,45.0
1086,features.6.4.block.3.1.running_mean,buffer,32,384,384,4,388,6937,1728,2498,2,1.0104166666666667,17.878865979381445,6.438144329896907,4.453608247422681,18.065104166666668
1087,features.6.4.block.3.1.running_var,buffer,32,384,384,4,388,6939,1729,2499,2,1.0104166666666667,17.8840206185567,6.440721649484536,4.456185567010309,18.0703125
1088,features.6.4.block.3.1.num_batches_tracked,buffer,32,1,1,4,5,43,5,9,2,5.0,8.6,1.8,1.0,43.0
1089,features.6.5.block.0.1.running_mean,buffer,32,2304,6733,8,6741,101246,22878,35046,1815,2.92578125,15.01943331849874,5.198931909212283,3.3938584779706273,43.943576388888886
1090,features.6.5.block.0.1.running_var,buffer,32,2304,17479,6022,23501,268375,46248,78839,8167,10.200086805555555,11.419726820135313,3.3547083102846686,1.9679162588826007,116.48220486111111
1091,features.6.5.block.0.1.num_batches_tracked,buffer,32,1,1,4,5,45,5,9,2,5.0,9.0,1.8,1.0,45.0
1092,features.6.5.block.1.1.running_mean,buffer,32,2304,2304,8,2312,41524,10369,14981,4,1.0034722222222223,17.96020761245675,6.479671280276817,4.484861591695502,18.022569444444443
1093,features.6.5.block.1.1.running_var,buffer,32,2304,2304,8,2312,41524,10369,14981,4,1.0034722222222223,17.96020761245675,6.479671280276817,4.484861591695502,18.022569444444443
1094,features.6.5.block.1.1.num_batches_tracked,buffer,32,1,1,4,5,45,5,9,2,5.0,9.0,1.8,1.0,45.0
1095,features.6.5.block.3.1.running_mean,buffer,32,384,384,4,388,6939,1729,2499,2,1.0104166666666667,17.8840206185567,6.440721649484536,4.456185567010309,18.0703125
1096,features.6.5.block.3.1.running_var,buffer,32,384,384,4,388,6937,1728,2498,2,1.0104166666666667,17.878865979381445,6.438144329896907,4.453608247422681,18.065104166666668
1097,features.6.5.block.3.1.num_batches_tracked,buffer,32,1,1,4,5,45,5,9,2,5.0,9.0,1.8,1.0,45.0
1098,features.6.6.block.0.1.running_mean,buffer,32,2304,7569,14,7583,112199,25294,39001,2429,3.291232638888889,14.796122906501385,5.143215086377423,3.335619148094422,48.697482638888886
1099,features.6.6.block.0.1.running_var,buffer,32,2304,18302,7368,25670,286082,47604,82624,9060,11.141493055555555,11.14460459680561,3.2186988702765875,1.854460459680561,124.16753472222223
1100,features.6.6.block.0.1.num_batches_tracked,buffer,32,1,1,4,5,45,5,9,2,5.0,9.0,1.8,1.0,45.0
1101,features.6.6.block.1.1.running_mean,buffer,32,2304,2304,8,2312,41526,10369,14981,4,1.0034722222222223,17.96107266435986,6.479671280276817,4.484861591695502,18.0234375
1102,features.6.6.block.1.1.running_var,buffer,32,2304,2304,8,2312,41526,10369,14981,4,1.0034722222222223,17.96107266435986,6.479671280276817,4.484861591695502,18.0234375
1103,features.6.6.block.1.1.num_batches_tracked,buffer,32,1,1,4,5,43,5,9,2,5.0,8.6,1.8,1.0,43.0
1104,features.6.6.block.3.1.running_mean,buffer,32,384,384,4,388,6937,1728,2498,2,1.0104166666666667,17.878865979381445,6.438144329896907,4.453608247422681,18.065104166666668
1105,features.6.6.block.3.1.running_var,buffer,32,384,384,4,388,6941,1729,2499,2,1.0104166666666667,17.88917525773196,6.440721649484536,4.456185567010309,18.075520833333332
1106,features.6.6.block.3.1.num_batches_tracked,buffer,32,1,1,4,5,45,5,9,2,5.0,9.0,1.8,1.0,45.0
1107,features.6.7.block.0.1.running_mean,buffer,32,2304,8440,29,8469,123704,27792,43110,3055,3.67578125,14.606683197543983,5.0903294367693945,3.281615302869288,53.69097222222222
1108,features.6.7.block.0.1.running_var,buffer,32,2304,18717,8098,26815,296112,48391,85076,9649,11.63845486111111,11.04277456647399,3.1727018459817264,1.8046242774566474,128.52083333333334
1109,features.6.7.block.0.1.num_batches_tracked,buffer,32,1,1,4,5,45,5,9,2,5.0,9.0,1.8,1.0,45.0
1110,features.6.7.block.1.1.running_mean,buffer,32,2304,2304,8,2312,41526,10369,14981,4,1.0034722222222223,17.96107266435986,6.479671280276817,4.484861591695502,18.0234375
1111,features.6.7.block.1.1.running_var,buffer,32,2304,2304,8,2312,41526,10369,14981,4,1.0034722222222223,17.96107266435986,6.479671280276817,4.484861591695502,18.0234375
1112,features.6.7.block.1.1.num_batches_tracked,buffer,32,1,1,4,5,43,5,9,2,5.0,8.6,1.8,1.0,43.0
1113,features.6.7.block.3.1.running_mean,buffer,32,384,384,4,388,6937,1728,2498,2,1.0104166666666667,17.878865979381445,6.438144329896907,4.453608247422681,18.065104166666668
1114,features.6.7.block.3.1.running_var,buffer,32,384,384,4,388,6941,1729,2499,2,1.0104166666666667,17.88917525773196,6.440721649484536,4.456185567010309,18.075520833333332
1115,features.6.7.block.3.1.num_batches_tracked,buffer,32,1,1,4,5,45,5,9,2,5.0,9.0,1.8,1.0,45.0
1116,features.6.8.block.0.1.running_mean,buffer,32,2304,8721,61,8782,127192,28535,44323,3298,3.8116319444444446,14.48326121612389,5.047028011842405,3.249259849692553,55.204861111111114
1117,features.6.8.block.0.1.running_var,buffer,32,2304,18924,8542,27466,301658,48678,86207,9900,11.921006944444445,10.98296075147455,3.1386805504987985,1.7723002985509357,130.92795138888889
1118,features.6.8.block.0.1.num_batches_tracked,buffer,32,1,1,4,5,43,5,9,2,5.0,8.6,1.8,1.0,43.0
1119,features.6.8.block.1.1.running_mean,buffer,32,2304,2304,8,2312,41524,10369,14981,4,1.0034722222222223,17.96020761245675,6.479671280276817,4.484861591695502,18.022569444444443
1120,features.6.8.block.1.1.running_var,buffer,32,2304,2304,8,2312,41524,10369,14981,4,1.0034722222222223,17.96020761245675,6.479671280276817,4.484861591695502,18.022569444444443
1121,features.6.8.block.1.1.num_batches_tracked,buffer,32,1,1,4,5,45,5,9,2,5.0,9.0,1.8,1.0,45.0
1122,features.6.8.block.3.1.running_mean,buffer,32,384,384,4,388,6937,1728,2498,2,1.0104166666666667,17.878865979381445,6.438144329896907,4.453608247422681,18.065104166666668
1123,features.6.8.block.3.1.running_var,buffer,32,384,384,4,388,6937,1728,2498,2,1.0104166666666667,17.878865979381445,6.438144329896907,4.453608247422681,18.065104166666668
1124,features.6.8.block.3.1.num_batches_tracked,buffer,32,1,1,4,5,43,5,9,2,5.0,8.6,1.8,1.0,43.0
1125,features.6.9.block.0.1.running_mean,buffer,32,2304,9125,129,9254,132311,29548,45990,3608,4.016493055555555,14.2977090987681,4.969742813918305,3.192997622649665,57.42664930555556
1126,features.6.9.block.0.1.running_var,buffer,32,2304,19091,8914,28005,305419,48825,86766,10057,12.154947916666666,10.905873951080164,3.0982324584895555,1.743438671665774,132.56032986111111
1127,features.6.9.block.0.1.num_batches_tracked,buffer,32,1,1,4,5,45,5,9,2,5.0,9.0,1.8,1.0,45.0
1128,features.6.9.block.1.1.running_mean,buffer,32,2304,2304,8,2312,41526,10369,14981,4,1.0034722222222223,17.96107266435986,6.479671280276817,4.484861591695502,18.0234375
1129,features.6.9.block.1.1.running_var,buffer,32,2304,2304,8,2312,41526,10369,14981,4,1.0034722222222223,17.96107266435986,6.479671280276817,4.484861591695502,18.0234375
1130,features.6.9.block.1.1.num_batches_tracked,buffer,32,1,1,4,5,45,5,9,2,5.0,9.0,1.8,1.0,45.0
1131,features.6.9.block.3.1.running_mean,buffer,32,384,384,4,388,6937,1728,2498,2,1.0104166666666667,17.878865979381445,6.438144329896907,4.453608247422681,18.065104166666668
1132,features.6.9.block.3.1.running_var,buffer,32,384,384,4,388,6939,1729,2499,2,1.0104166666666667,17.8840206185567,6.440721649484536,4.456185567010309,18.0703125
1133,features.6.9.block.3.1.num_batches_tracked,buffer,32,1,1,4,5,45,5,9,2,5.0,9.0,1.8,1.0,45.0
1134,features.6.10.block.0.1.running_mean,buffer,32,2304,9249,217,9466,133990,29658,46139,3532,4.108506944444445,14.15487006127192,4.874181280371857,3.1331079653496725,58.15538194444444
1135,features.6.10.block.0.1.running_var,buffer,32,2304,19060,8978,28038,305288,48789,86761,10120,12.169270833333334,10.888365789285968,3.0944075896996934,1.7401027177402097,132.50347222222223
1136,features.6.10.block.0.1.num_batches_tracked,buffer,32,1,1,4,5,45,5,9,2,5.0,9.0,1.8,1.0,45.0
1137,features.6.10.block.1.1.running_mean,buffer,32,2304,2304,8,2312,41526,10369,14981,4,1.0034722222222223,17.96107266435986,6.479671280276817,4.484861591695502,18.0234375
1138,features.6.10.block.1.1.running_var,buffer,32,2304,2304,8,2312,41526,10369,14981,4,1.0034722222222223,17.96107266435986,6.479671280276817,4.484861591695502,18.0234375
1139,features.6.10.block.1.1.num_batches_tracked,buffer,32,1,1,4,5,43,5,9,2,5.0,8.6,1.8,1.0,43.0
1140,features.6.10.block.3.1.running_mean,buffer,32,384,384,4,388,6937,1728,2498,2,1.0104166666666667,17.878865979381445,6.438144329896907,4.453608247422681,18.065104166666668
1141,features.6.10.block.3.1.running_var,buffer,32,384,384,4,388,6941,1729,2499,2,1.0104166666666667,17.88917525773196,6.440721649484536,4.456185567010309,18.075520833333332
1142,features.6.10.block.3.1.num_batches_tracked,buffer,32,1,1,4,5,45,5,9,2,5.0,9.0,1.8,1.0,45.0
1143,features.6.11.block.0.1.running_mean,buffer,32,2304,9163,285,9448,132818,29229,45402,3374,4.100694444444445,14.0577900084674,4.805461473327688,3.093670618120237,57.646701388888886
1144,features.6.11.block.0.1.running_var,buffer,32,2304,19077,8968,28045,304795,48831,86597,10131,12.172309027777779,10.868069174540917,3.0877874844000712,1.7411659832412194,132.28949652777777
1145,features.6.11.block.0.1.num_batches_tracked,buffer,32,1,1,4,5,45,5,9,2,5.0,9.0,1.8,1.0,45.0
1146,features.6.11.block.1.1.running_mean,buffer,32,2304,2304,8,2312,41526,10369,14981,4,1.0034722222222223,17.96107266435986,6.479671280276817,4.484861591695502,18.0234375
1147,features.6.11.block.1.1.running_var,buffer,32,2304,2304,8,2312,41526,10369,14981,4,1.0034722222222223,17.96107266435986,6.479671280276817,4.484861591695502,18.0234375
1148,features.6.11.block.1.1.num_batches_tracked,buffer,32,1,1,4,5,43,5,9,2,5.0,8.6,1.8,1.0,43.0
1149,features.6.11.block.3.1.running_mean,buffer,32,384,384,4,388,6937,1728,2498,2,1.0104166666666667,17.878865979381445,6.438144329896907,4.453608247422681,18.065104166666668
1150,features.6.11.block.3.1.running_var,buffer,32,384,384,4,388,6941,1729,2499,2,1.0104166666666667,17.88917525773196,6.440721649484536,4.456185567010309,18.075520833333332
1151,features.6.11.block.3.1.num_batches_tracked,buffer,32,1,1,4,5,45,5,9,2,5.0,9.0,1.8,1.0,45.0
1152,features.6.12.block.0.1.running_mean,buffer,32,2304,9162,313,9475,132989,29181,45360,3345,4.112413194444445,14.035778364116094,4.787335092348285,3.079788918205805,57.720920138888886
1153,features.6.12.block.0.1.running_var,buffer,32,2304,19096,8758,27854,303453,48857,86202,9926,12.089409722222221,10.89441372872837,3.094779923888849,1.7540389172111726,131.70703125
1154,features.6.12.block.0.1.num_batches_tracked,buffer,32,1,1,4,5,43,5,9,2,5.0,8.6,1.8,1.0,43.0
1155,features.6.12.block.1.1.running_mean,buffer,32,2304,2304,8,2312,41524,10369,14981,4,1.0034722222222223,17.96020761245675,6.479671280276817,4.484861591695502,18.022569444444443
1156,features.6.12.block.1.1.running_var,buffer,32,2304,2304,8,2312,41524,10369,14981,4,1.0034722222222223,17.96020761245675,6.479671280276817,4.484861591695502,18.022569444444443
1157,features.6.12.block.1.1.num_batches_tracked,buffer,32,1,1,4,5,45,5,9,2,5.0,9.0,1.8,1.0,45.0
1158,features.6.12.block.3.1.running_mean,buffer,32,384,384,4,388,6937,1728,2498,2,1.0104166666666667,17.878865979381445,6.438144329896907,4.453608247422681,18.065104166666668
1159,features.6.12.block.3.1.running_var,buffer,32,384,384,4,388,6937,1728,2498,2,1.0104166666666667,17.878865979381445,6.438144329896907,4.453608247422681,18.065104166666668
1160,features.6.12.block.3.1.num_batches_tracked,buffer,32,1,1,4,5,43,5,9,2,5.0,8.6,1.8,1.0,43.0
1161,features.7.0.block.0.1.running_mean,buffer,32,2304,13505,1514,15019,195069,39222,63009,5153,6.518663194444445,12.988148345429122,4.195285971103269,2.6114921099940074,84.66536458333333
1162,features.7.0.block.0.1.running_var,buffer,32,2304,19656,18789,38445,382578,50768,108214,19497,16.686197916666668,9.951307062036676,2.814774352971778,1.3205358304070751,166.04947916666666
1163,features.7.0.block.0.1.num_batches_tracked,buffer,32,1,1,4,5,43,5,9,2,5.0,8.6,1.8,1.0,43.0
1164,features.7.0.block.1.1.running_mean,buffer,32,2304,2320,8,2328,41745,10414,15054,10,1.0104166666666667,17.931701030927837,6.466494845360825,4.473367697594502,18.118489583333332
1165,features.7.0.block.1.1.running_var,buffer,32,2304,2304,8,2312,41526,10369,14981,4,1.0034722222222223,17.96107266435986,6.479671280276817,4.484861591695502,18.0234375
1166,features.7.0.block.1.1.num_batches_tracked,buffer,32,1,1,4,5,43,5,9,2,5.0,8.6,1.8,1.0,43.0
1167,features.7.0.block.3.1.running_mean,buffer,32,640,640,4,644,11545,2880,4162,2,1.00625,17.927018633540374,6.462732919254658,4.472049689440993,18.0390625
1168,features.7.0.block.3.1.running_var,buffer,32,640,2977,22,2999,44544,9385,15334,1051,4.6859375,14.85295098366122,5.113037679226409,3.1293764588196065,69.6
1169,features.7.0.block.3.1.num_batches_tracked,buffer,32,1,1,4,5,45,5,9,2,5.0,9.0,1.8,1.0,45.0
1170,features.7.1.block.0.1.running_mean,buffer,32,3840,3840,8,3848,69172,17281,24965,4,1.0020833333333334,17.976091476091476,6.487785862785863,4.490904365904366,18.013541666666665
1171,features.7.1.block.0.1.running_var,buffer,32,3840,27716,2934,30650,390237,78397,125908,11572,7.981770833333333,12.732039151712888,4.107928221859706,2.5578140293637848,101.62421875
1172,features.7.1.block.0.1.num_batches_tracked,buffer,32,1,1,4,5,45,5,9,2,5.0,9.0,1.8,1.0,45.0
1173,features.7.1.block.1.1.running_mean,buffer,32,3840,3840,8,3848,69172,17281,24965,4,1.0020833333333334,17.976091476091476,6.487785862785863,4.490904365904366,18.013541666666665
1174,features.7.1.block.1.1.running_var,buffer,32,3840,3840,8,3848,69172,17281,24965,4,1.0020833333333334,17.976091476091476,6.487785862785863,4.490904365904366,18.013541666666665
1175,features.7.1.block.1.1.num_batches_tracked,buffer,32,1,1,4,5,45,5,9,2,5.0,9.0,1.8,1.0,45.0
1176,features.7.1.block.3.1.running_mean,buffer,32,640,640,4,644,11547,2881,4163,2,1.00625,17.930124223602483,6.464285714285714,4.47360248447205,18.0421875
1177,features.7.1.block.3.1.running_var,buffer,32,640,640,4,644,11549,2881,4163,2,1.00625,17.933229813664596,6.464285714285714,4.47360248447205,18.0453125
1178,features.7.1.block.3.1.num_batches_tracked,buffer,32,1,1,4,5,45,5,9,2,5.0,9.0,1.8,1.0,45.0
1179,features.7.2.block.0.1.running_mean,buffer,32,3840,4028,8,4036,71718,17805,25807,68,1.0510416666666667,17.769573835480674,6.3942021803766105,4.411546085232904,18.6765625
1180,features.7.2.block.0.1.running_var,buffer,32,3840,30639,6257,36896,439293,81548,132967,11866,9.608333333333333,11.90625,3.603832393755421,2.2102124891587165,114.39921875
1181,features.7.2.block.0.1.num_batches_tracked,buffer,32,1,1,4,5,45,5,9,2,5.0,9.0,1.8,1.0,45.0
1182,features.7.2.block.1.1.running_mean,buffer,32,3840,3840,8,3848,69174,17281,24965,4,1.0020833333333334,17.976611226611226,6.487785862785863,4.490904365904366,18.0140625
1183,features.7.2.block.1.1.running_var,buffer,32,3840,3840,8,3848,69174,17281,24965,4,1.0020833333333334,17.976611226611226,6.487785862785863,4.490904365904366,18.0140625
1184,features.7.2.block.1.1.num_batches_tracked,buffer,32,1,1,4,5,43,5,9,2,5.0,8.6,1.8,1.0,43.0
1185,features.7.2.block.3.1.running_mean,buffer,32,640,640,4,644,11545,2880,4162,2,1.00625,17.927018633540374,6.462732919254658,4.472049689440993,18.0390625
1186,features.7.2.block.3.1.running_var,buffer,32,640,640,4,644,11547,2881,4163,2,1.00625,17.930124223602483,6.464285714285714,4.47360248447205,18.0421875
1187,features.7.2.block.3.1.num_batches_tracked,buffer,32,1,1,4,5,43,5,9,2,5.0,8.6,1.8,1.0,43.0
1188,features.7.3.block.0.1.running_mean,buffer,32,3840,8753,12,8765,135519,31108,47141,1915,2.2825520833333335,15.461380490587564,5.378322875071306,3.549115801483172,35.29140625
1189,features.7.3.block.0.1.running_var,buffer,32,3840,32718,12013,44731,497538,82499,140095,13593,11.648697916666666,11.122890165656926,3.131944289195413,1.844336142719814,129.5671875
1190,features.7.3.block.0.1.num_batches_tracked,buffer,32,1,1,4,5,45,5,9,2,5.0,9.0,1.8,1.0,45.0
1191,features.7.3.block.1.1.running_mean,buffer,32,3840,3843,8,3851,69214,17289,24979,5,1.0028645833333334,17.972994027525317,6.486367177356531,4.48948325110361,18.024479166666666
1192,features.7.3.block.1.1.running_var,buffer,32,3840,3840,8,3848,69172,17281,24965,4,1.0020833333333334,17.976091476091476,6.487785862785863,4.490904365904366,18.013541666666665
1193,features.7.3.block.1.1.num_batches_tracked,buffer,32,1,1,4,5,45,5,9,2,5.0,9.0,1.8,1.0,45.0
1194,features.7.3.block.3.1.running_mean,buffer,32,640,640,4,644,11545,2880,4162,2,1.00625,17.927018633540374,6.462732919254658,4.472049689440993,18.0390625
1195,features.7.3.block.3.1.running_var,buffer,32,640,646,4,650,11629,2896,4190,4,1.015625,17.89076923076923,6.446153846153846,4.455384615384616,18.1703125
1196,features.7.3.block.3.1.num_batches_tracked,buffer,32,1,1,4,5,45,5,9,2,5.0,9.0,1.8,1.0,45.0
1197,features.8.1.running_mean,buffer,32,2560,12835,8,12843,183547,40746,63860,5159,5.016796875,14.291598536167562,4.9723584832204315,3.172623218874095,71.698046875
1198,features.8.1.running_var,buffer,32,2560,12124,219,12343,177876,38189,61521,4951,4.821484375,14.411083205055498,4.984282589321883,3.0939803937454426,69.4828125
