tensor_name,tensor_type,chunks,used_chunks,skipped_chunks,pred_none,pred_mean,pred_neighbor,pred_none_pct,pred_mean_pct,pred_neighbor_pct,skip_pct,model,classified_type
classifier_1_bias,bias,1,0,1,0,0,0,0.0,0.0,0.0,1.0,efficientnet_b7,bias
classifier_1_weight,weight,1250,0,1250,0,0,0,0.0,0.0,0.0,1.0,efficientnet_b7,fc_weight
features_0_0_weight,weight,1,1,0,0,0,1,0.0,0.0,1.0,0.0,efficientnet_b7,conv_weight
features_0_1_bias,bias,1,0,1,0,0,0,0.0,0.0,0.0,1.0,efficientnet_b7,bias
features_0_1_num_batches_tracked,buffer,1,1,0,1,0,0,1.0,0.0,0.0,0.0,efficientnet_b7,buffer
features_0_1_running_mean,buffer,1,1,0,1,0,0,1.0,0.0,0.0,0.0,efficientnet_b7,buffer
features_0_1_running_var,buffer,1,1,0,0,1,0,0.0,1.0,0.0,0.0,efficientnet_b7,buffer
features_0_1_weight,weight,1,1,0,0,1,0,0.0,1.0,0.0,0.0,efficientnet_b7,conv_weight
features_1_0_block_0_0_weight,weight,1,1,0,1,0,0,1.0,0.0,0.0,0.0,efficientnet_b7,conv_weight
features_1_0_block_0_1_bias,bias,1,0,1,0,0,0,0.0,0.0,0.0,1.0,efficientnet_b7,bias
features_1_0_block_0_1_num_batches_tracked,buffer,1,1,0,1,0,0,1.0,0.0,0.0,0.0,efficientnet_b7,buffer
features_1_0_block_0_1_running_mean,buffer,1,1,0,1,0,0,1.0,0.0,0.0,0.0,efficientnet_b7,buffer
features_1_0_block_0_1_running_var,buffer,1,1,0,1,0,0,1.0,0.0,0.0,0.0,efficientnet_b7,buffer
features_1_0_block_0_1_weight,weight,1,0,1,0,0,0,0.0,0.0,0.0,1.0,efficientnet_b7,conv_weight
features_1_0_block_1_fc1_bias,bias,1,1,0,0,0,1,0.0,0.0,1.0,0.0,efficientnet_b7,bias
features_1_0_block_1_fc1_weight,weight,1,1,0,1,0,0,1.0,0.0,0.0,0.0,efficientnet_b7,mlp_weight
features_1_0_block_1_fc2_bias,bias,1,0,1,0,0,0,0.0,0.0,0.0,1.0,efficientnet_b7,bias
features_1_0_block_1_fc2_weight,weight,1,1,0,0,1,0,0.0,1.0,0.0,0.0,efficientnet_b7,mlp_weight
features_1_0_block_2_0_weight,weight,1,1,0,0,0,1,0.0,0.0,1.0,0.0,efficientnet_b7,conv_weight
features_1_0_block_2_1_bias,bias,1,0,1,0,0,0,0.0,0.0,0.0,1.0,efficientnet_b7,bias
features_1_0_block_2_1_num_batches_tracked,buffer,1,1,0,1,0,0,1.0,0.0,0.0,0.0,efficientnet_b7,buffer
features_1_0_block_2_1_running_mean,buffer,1,1,0,1,0,0,1.0,0.0,0.0,0.0,efficientnet_b7,buffer
features_1_0_block_2_1_running_var,buffer,1,1,0,0,1,0,0.0,1.0,0.0,0.0,efficientnet_b7,buffer
features_1_0_block_2_1_weight,weight,1,0,1,0,0,0,0.0,0.0,0.0,1.0,efficientnet_b7,conv_weight
features_1_1_block_0_0_weight,weight,1,1,0,1,0,0,1.0,0.0,0.0,0.0,efficientnet_b7,conv_weight
features_1_1_block_0_1_bias,bias,1,0,1,0,0,0,0.0,0.0,0.0,1.0,efficientnet_b7,bias
features_1_1_block_0_1_num_batches_tracked,buffer,1,1,0,1,0,0,1.0,0.0,0.0,0.0,efficientnet_b7,buffer
features_1_1_block_0_1_running_mean,buffer,1,1,0,1,0,0,1.0,0.0,0.0,0.0,efficientnet_b7,buffer
features_1_1_block_0_1_running_var,buffer,1,1,0,1,0,0,1.0,0.0,0.0,0.0,efficientnet_b7,buffer
features_1_1_block_0_1_weight,weight,1,1,0,0,1,0,0.0,1.0,0.0,0.0,efficientnet_b7,conv_weight
features_1_1_block_1_fc1_bias,bias,1,0,1,0,0,0,0.0,0.0,0.0,1.0,efficientnet_b7,bias
features_1_1_block_1_fc1_weight,weight,1,1,0,1,0,0,1.0,0.0,0.0,0.0,efficientnet_b7,mlp_weight
features_1_1_block_1_fc2_bias,bias,1,0,1,0,0,0,0.0,0.0,0.0,1.0,efficientnet_b7,bias
features_1_1_block_1_fc2_weight,weight,1,1,0,0,1,0,0.0,1.0,0.0,0.0,efficientnet_b7,mlp_weight
features_1_1_block_2_0_weight,weight,1,1,0,1,0,0,1.0,0.0,0.0,0.0,efficientnet_b7,conv_weight
features_1_1_block_2_1_bias,bias,1,0,1,0,0,0,0.0,0.0,0.0,1.0,efficientnet_b7,bias
features_1_1_block_2_1_num_batches_tracked,buffer,1,1,0,1,0,0,1.0,0.0,0.0,0.0,efficientnet_b7,buffer
features_1_1_block_2_1_running_mean,buffer,1,1,0,1,0,0,1.0,0.0,0.0,0.0,efficientnet_b7,buffer
features_1_1_block_2_1_running_var,buffer,1,1,0,0,1,0,0.0,1.0,0.0,0.0,efficientnet_b7,buffer
features_1_1_block_2_1_weight,weight,1,0,1,0,0,0,0.0,0.0,0.0,1.0,efficientnet_b7,conv_weight
features_1_2_block_0_0_weight,weight,1,1,0,1,0,0,1.0,0.0,0.0,0.0,efficientnet_b7,conv_weight
features_1_2_block_0_1_bias,bias,1,0,1,0,0,0,0.0,0.0,0.0,1.0,efficientnet_b7,bias
features_1_2_block_0_1_num_batches_tracked,buffer,1,1,0,1,0,0,1.0,0.0,0.0,0.0,efficientnet_b7,buffer
features_1_2_block_0_1_running_mean,buffer,1,1,0,1,0,0,1.0,0.0,0.0,0.0,efficientnet_b7,buffer
features_1_2_block_0_1_running_var,buffer,1,1,0,0,1,0,0.0,1.0,0.0,0.0,efficientnet_b7,buffer
features_1_2_block_0_1_weight,weight,1,0,1,0,0,0,0.0,0.0,0.0,1.0,efficientnet_b7,conv_weight
features_1_2_block_1_fc1_bias,bias,1,0,1,0,0,0,0.0,0.0,0.0,1.0,efficientnet_b7,bias
features_1_2_block_1_fc1_weight,weight,1,1,0,1,0,0,1.0,0.0,0.0,0.0,efficientnet_b7,mlp_weight
features_1_2_block_1_fc2_bias,bias,1,0,1,0,0,0,0.0,0.0,0.0,1.0,efficientnet_b7,bias
features_1_2_block_1_fc2_weight,weight,1,1,0,1,0,0,1.0,0.0,0.0,0.0,efficientnet_b7,mlp_weight
features_1_2_block_2_0_weight,weight,1,1,0,1,0,0,1.0,0.0,0.0,0.0,efficientnet_b7,conv_weight
features_1_2_block_2_1_bias,bias,1,0,1,0,0,0,0.0,0.0,0.0,1.0,efficientnet_b7,bias
features_1_2_block_2_1_num_batches_tracked,buffer,1,1,0,1,0,0,1.0,0.0,0.0,0.0,efficientnet_b7,buffer
features_1_2_block_2_1_running_mean,buffer,1,1,0,1,0,0,1.0,0.0,0.0,0.0,efficientnet_b7,buffer
features_1_2_block_2_1_running_var,buffer,1,1,0,1,0,0,1.0,0.0,0.0,0.0,efficientnet_b7,buffer
features_1_2_block_2_1_weight,weight,1,0,1,0,0,0,0.0,0.0,0.0,1.0,efficientnet_b7,conv_weight
features_1_3_block_0_0_weight,weight,1,1,0,1,0,0,1.0,0.0,0.0,0.0,efficientnet_b7,conv_weight
features_1_3_block_0_1_bias,bias,1,0,1,0,0,0,0.0,0.0,0.0,1.0,efficientnet_b7,bias
features_1_3_block_0_1_num_batches_tracked,buffer,1,1,0,1,0,0,1.0,0.0,0.0,0.0,efficientnet_b7,buffer
features_1_3_block_0_1_running_mean,buffer,1,1,0,1,0,0,1.0,0.0,0.0,0.0,efficientnet_b7,buffer
features_1_3_block_0_1_running_var,buffer,1,1,0,0,1,0,0.0,1.0,0.0,0.0,efficientnet_b7,buffer
features_1_3_block_0_1_weight,weight,1,0,1,0,0,0,0.0,0.0,0.0,1.0,efficientnet_b7,conv_weight
features_1_3_block_1_fc1_bias,bias,1,1,0,0,1,0,0.0,1.0,0.0,0.0,efficientnet_b7,bias
features_1_3_block_1_fc1_weight,weight,1,1,0,0,0,1,0.0,0.0,1.0,0.0,efficientnet_b7,mlp_weight
features_1_3_block_1_fc2_bias,bias,1,0,1,0,0,0,0.0,0.0,0.0,1.0,efficientnet_b7,bias
features_1_3_block_1_fc2_weight,weight,1,1,0,0,0,1,0.0,0.0,1.0,0.0,efficientnet_b7,mlp_weight
features_1_3_block_2_0_weight,weight,1,1,0,1,0,0,1.0,0.0,0.0,0.0,efficientnet_b7,conv_weight
features_1_3_block_2_1_bias,bias,1,0,1,0,0,0,0.0,0.0,0.0,1.0,efficientnet_b7,bias
features_1_3_block_2_1_num_batches_tracked,buffer,1,1,0,1,0,0,1.0,0.0,0.0,0.0,efficientnet_b7,buffer
features_1_3_block_2_1_running_mean,buffer,1,1,0,1,0,0,1.0,0.0,0.0,0.0,efficientnet_b7,buffer
features_1_3_block_2_1_running_var,buffer,1,1,0,1,0,0,1.0,0.0,0.0,0.0,efficientnet_b7,buffer
features_1_3_block_2_1_weight,weight,1,0,1,0,0,0,0.0,0.0,0.0,1.0,efficientnet_b7,conv_weight
features_2_0_block_0_0_weight,weight,3,3,0,0,0,3,0.0,0.0,1.0,0.0,efficientnet_b7,conv_weight
features_2_0_block_0_1_bias,bias,1,0,1,0,0,0,0.0,0.0,0.0,1.0,efficientnet_b7,bias
features_2_0_block_0_1_num_batches_tracked,buffer,1,1,0,1,0,0,1.0,0.0,0.0,0.0,efficientnet_b7,buffer
features_2_0_block_0_1_running_mean,buffer,1,1,0,1,0,0,1.0,0.0,0.0,0.0,efficientnet_b7,buffer
features_2_0_block_0_1_running_var,buffer,1,1,0,0,1,0,0.0,1.0,0.0,0.0,efficientnet_b7,buffer
features_2_0_block_0_1_weight,weight,1,1,0,0,1,0,0.0,1.0,0.0,0.0,efficientnet_b7,conv_weight
features_2_0_block_1_0_weight,weight,1,1,0,1,0,0,1.0,0.0,0.0,0.0,efficientnet_b7,conv_weight
features_2_0_block_1_1_bias,bias,1,0,1,0,0,0,0.0,0.0,0.0,1.0,efficientnet_b7,bias
features_2_0_block_1_1_num_batches_tracked,buffer,1,1,0,1,0,0,1.0,0.0,0.0,0.0,efficientnet_b7,buffer
features_2_0_block_1_1_running_mean,buffer,1,1,0,1,0,0,1.0,0.0,0.0,0.0,efficientnet_b7,buffer
features_2_0_block_1_1_running_var,buffer,1,1,0,1,0,0,1.0,0.0,0.0,0.0,efficientnet_b7,buffer
features_2_0_block_1_1_weight,weight,1,0,1,0,0,0,0.0,0.0,0.0,1.0,efficientnet_b7,conv_weight
features_2_0_block_2_fc1_bias,bias,1,0,1,0,0,0,0.0,0.0,0.0,1.0,efficientnet_b7,bias
features_2_0_block_2_fc1_weight,weight,1,1,0,0,1,0,0.0,1.0,0.0,0.0,efficientnet_b7,mlp_weight
features_2_0_block_2_fc2_bias,bias,1,0,1,0,0,0,0.0,0.0,0.0,1.0,efficientnet_b7,bias
features_2_0_block_2_fc2_weight,weight,1,1,0,0,1,0,0.0,1.0,0.0,0.0,efficientnet_b7,mlp_weight
features_2_0_block_3_0_weight,weight,5,5,0,5,0,0,1.0,0.0,0.0,0.0,efficientnet_b7,conv_weight
features_2_0_block_3_1_bias,bias,1,0,1,0,0,0,0.0,0.0,0.0,1.0,efficientnet_b7,bias
features_2_0_block_3_1_num_batches_tracked,buffer,1,1,0,1,0,0,1.0,0.0,0.0,0.0,efficientnet_b7,buffer
features_2_0_block_3_1_running_mean,buffer,1,1,0,1,0,0,1.0,0.0,0.0,0.0,efficientnet_b7,buffer
features_2_0_block_3_1_running_var,buffer,1,1,0,0,1,0,0.0,1.0,0.0,0.0,efficientnet_b7,buffer
features_2_0_block_3_1_weight,weight,1,1,0,0,1,0,0.0,1.0,0.0,0.0,efficientnet_b7,conv_weight
features_2_1_block_0_0_weight,weight,7,7,0,7,0,0,1.0,0.0,0.0,0.0,efficientnet_b7,conv_weight
features_2_1_block_0_1_bias,bias,1,0,1,0,0,0,0.0,0.0,0.0,1.0,efficientnet_b7,bias
features_2_1_block_0_1_num_batches_tracked,buffer,1,1,0,1,0,0,1.0,0.0,0.0,0.0,efficientnet_b7,buffer
features_2_1_block_0_1_running_mean,buffer,1,1,0,1,0,0,1.0,0.0,0.0,0.0,efficientnet_b7,buffer
features_2_1_block_0_1_running_var,buffer,1,1,0,0,1,0,0.0,1.0,0.0,0.0,efficientnet_b7,buffer
features_2_1_block_0_1_weight,weight,1,1,0,0,1,0,0.0,1.0,0.0,0.0,efficientnet_b7,conv_weight
features_2_1_block_1_0_weight,weight,2,2,0,2,0,0,1.0,0.0,0.0,0.0,efficientnet_b7,conv_weight
features_2_1_block_1_1_bias,bias,1,0,1,0,0,0,0.0,0.0,0.0,1.0,efficientnet_b7,bias
features_2_1_block_1_1_num_batches_tracked,buffer,1,1,0,1,0,0,1.0,0.0,0.0,0.0,efficientnet_b7,buffer
features_2_1_block_1_1_running_mean,buffer,1,1,0,1,0,0,1.0,0.0,0.0,0.0,efficientnet_b7,buffer
features_2_1_block_1_1_running_var,buffer,1,1,0,1,0,0,1.0,0.0,0.0,0.0,efficientnet_b7,buffer
features_2_1_block_1_1_weight,weight,1,1,0,0,1,0,0.0,1.0,0.0,0.0,efficientnet_b7,conv_weight
features_2_1_block_2_fc1_bias,bias,1,0,1,0,0,0,0.0,0.0,0.0,1.0,efficientnet_b7,bias
features_2_1_block_2_fc1_weight,weight,2,2,0,0,0,2,0.0,0.0,1.0,0.0,efficientnet_b7,mlp_weight
features_2_1_block_2_fc2_bias,bias,1,0,1,0,0,0,0.0,0.0,0.0,1.0,efficientnet_b7,bias
features_2_1_block_2_fc2_weight,weight,2,2,0,2,0,0,1.0,0.0,0.0,0.0,efficientnet_b7,mlp_weight
features_2_1_block_3_0_weight,weight,7,7,0,7,0,0,1.0,0.0,0.0,0.0,efficientnet_b7,conv_weight
features_2_1_block_3_1_bias,bias,1,0,1,0,0,0,0.0,0.0,0.0,1.0,efficientnet_b7,bias
features_2_1_block_3_1_num_batches_tracked,buffer,1,1,0,1,0,0,1.0,0.0,0.0,0.0,efficientnet_b7,buffer
features_2_1_block_3_1_running_mean,buffer,1,1,0,1,0,0,1.0,0.0,0.0,0.0,efficientnet_b7,buffer
features_2_1_block_3_1_running_var,buffer,1,1,0,0,0,1,0.0,0.0,1.0,0.0,efficientnet_b7,buffer
features_2_1_block_3_1_weight,weight,1,0,1,0,0,0,0.0,0.0,0.0,1.0,efficientnet_b7,conv_weight
features_2_2_block_0_0_weight,weight,7,6,1,5,1,0,0.8333333333333334,0.1666666666666666,0.0,0.1428571428571428,efficientnet_b7,conv_weight
features_2_2_block_0_1_bias,bias,1,0,1,0,0,0,0.0,0.0,0.0,1.0,efficientnet_b7,bias
features_2_2_block_0_1_num_batches_tracked,buffer,1,1,0,1,0,0,1.0,0.0,0.0,0.0,efficientnet_b7,buffer
features_2_2_block_0_1_running_mean,buffer,1,1,0,1,0,0,1.0,0.0,0.0,0.0,efficientnet_b7,buffer
features_2_2_block_0_1_running_var,buffer,1,1,0,0,1,0,0.0,1.0,0.0,0.0,efficientnet_b7,buffer
features_2_2_block_0_1_weight,weight,1,1,0,0,1,0,0.0,1.0,0.0,0.0,efficientnet_b7,conv_weight
features_2_2_block_1_0_weight,weight,2,2,0,0,2,0,0.0,1.0,0.0,0.0,efficientnet_b7,conv_weight
features_2_2_block_1_1_bias,bias,1,0,1,0,0,0,0.0,0.0,0.0,1.0,efficientnet_b7,bias
features_2_2_block_1_1_num_batches_tracked,buffer,1,1,0,1,0,0,1.0,0.0,0.0,0.0,efficientnet_b7,buffer
features_2_2_block_1_1_running_mean,buffer,1,1,0,1,0,0,1.0,0.0,0.0,0.0,efficientnet_b7,buffer
features_2_2_block_1_1_running_var,buffer,1,1,0,1,0,0,1.0,0.0,0.0,0.0,efficientnet_b7,buffer
features_2_2_block_1_1_weight,weight,1,1,0,0,1,0,0.0,1.0,0.0,0.0,efficientnet_b7,conv_weight
features_2_2_block_2_fc1_bias,bias,1,0,1,0,0,0,0.0,0.0,0.0,1.0,efficientnet_b7,bias
features_2_2_block_2_fc1_weight,weight,2,2,0,0,0,2,0.0,0.0,1.0,0.0,efficientnet_b7,mlp_weight
features_2_2_block_2_fc2_bias,bias,1,0,1,0,0,0,0.0,0.0,0.0,1.0,efficientnet_b7,bias
features_2_2_block_2_fc2_weight,weight,2,2,0,2,0,0,1.0,0.0,0.0,0.0,efficientnet_b7,mlp_weight
features_2_2_block_3_0_weight,weight,7,7,0,7,0,0,1.0,0.0,0.0,0.0,efficientnet_b7,conv_weight
features_2_2_block_3_1_bias,bias,1,0,1,0,0,0,0.0,0.0,0.0,1.0,efficientnet_b7,bias
features_2_2_block_3_1_num_batches_tracked,buffer,1,1,0,1,0,0,1.0,0.0,0.0,0.0,efficientnet_b7,buffer
features_2_2_block_3_1_running_mean,buffer,1,1,0,1,0,0,1.0,0.0,0.0,0.0,efficientnet_b7,buffer
features_2_2_block_3_1_running_var,buffer,1,1,0,1,0,0,1.0,0.0,0.0,0.0,efficientnet_b7,buffer
features_2_2_block_3_1_weight,weight,1,0,1,0,0,0,0.0,0.0,0.0,1.0,efficientnet_b7,conv_weight
features_2_3_block_0_0_weight,weight,7,7,0,7,0,0,1.0,0.0,0.0,0.0,efficientnet_b7,conv_weight
features_2_3_block_0_1_bias,bias,1,0,1,0,0,0,0.0,0.0,0.0,1.0,efficientnet_b7,bias
features_2_3_block_0_1_num_batches_tracked,buffer,1,1,0,1,0,0,1.0,0.0,0.0,0.0,efficientnet_b7,buffer
features_2_3_block_0_1_running_mean,buffer,1,1,0,1,0,0,1.0,0.0,0.0,0.0,efficientnet_b7,buffer
features_2_3_block_0_1_running_var,buffer,1,1,0,0,1,0,0.0,1.0,0.0,0.0,efficientnet_b7,buffer
features_2_3_block_0_1_weight,weight,1,1,0,0,1,0,0.0,1.0,0.0,0.0,efficientnet_b7,conv_weight
features_2_3_block_1_0_weight,weight,2,2,0,1,1,0,0.5,0.5,0.0,0.0,efficientnet_b7,conv_weight
features_2_3_block_1_1_bias,bias,1,0,1,0,0,0,0.0,0.0,0.0,1.0,efficientnet_b7,bias
features_2_3_block_1_1_num_batches_tracked,buffer,1,1,0,1,0,0,1.0,0.0,0.0,0.0,efficientnet_b7,buffer
features_2_3_block_1_1_running_mean,buffer,1,1,0,1,0,0,1.0,0.0,0.0,0.0,efficientnet_b7,buffer
features_2_3_block_1_1_running_var,buffer,1,1,0,1,0,0,1.0,0.0,0.0,0.0,efficientnet_b7,buffer
features_2_3_block_1_1_weight,weight,1,1,0,0,1,0,0.0,1.0,0.0,0.0,efficientnet_b7,conv_weight
features_2_3_block_2_fc1_bias,bias,1,0,1,0,0,0,0.0,0.0,0.0,1.0,efficientnet_b7,bias
features_2_3_block_2_fc1_weight,weight,2,2,0,2,0,0,1.0,0.0,0.0,0.0,efficientnet_b7,mlp_weight
features_2_3_block_2_fc2_bias,bias,1,0,1,0,0,0,0.0,0.0,0.0,1.0,efficientnet_b7,bias
features_2_3_block_2_fc2_weight,weight,2,2,0,0,0,2,0.0,0.0,1.0,0.0,efficientnet_b7,mlp_weight
features_2_3_block_3_0_weight,weight,7,7,0,7,0,0,1.0,0.0,0.0,0.0,efficientnet_b7,conv_weight
features_2_3_block_3_1_bias,bias,1,0,1,0,0,0,0.0,0.0,0.0,1.0,efficientnet_b7,bias
features_2_3_block_3_1_num_batches_tracked,buffer,1,1,0,1,0,0,1.0,0.0,0.0,0.0,efficientnet_b7,buffer
features_2_3_block_3_1_running_mean,buffer,1,1,0,1,0,0,1.0,0.0,0.0,0.0,efficientnet_b7,buffer
features_2_3_block_3_1_running_var,buffer,1,1,0,1,0,0,1.0,0.0,0.0,0.0,efficientnet_b7,buffer
features_2_3_block_3_1_weight,weight,1,1,0,0,1,0,0.0,1.0,0.0,0.0,efficientnet_b7,conv_weight
features_2_4_block_0_0_weight,weight,7,7,0,7,0,0,1.0,0.0,0.0,0.0,efficientnet_b7,conv_weight
features_2_4_block_0_1_bias,bias,1,0,1,0,0,0,0.0,0.0,0.0,1.0,efficientnet_b7,bias
features_2_4_block_0_1_num_batches_tracked,buffer,1,1,0,1,0,0,1.0,0.0,0.0,0.0,efficientnet_b7,buffer
features_2_4_block_0_1_running_mean,buffer,1,1,0,1,0,0,1.0,0.0,0.0,0.0,efficientnet_b7,buffer
features_2_4_block_0_1_running_var,buffer,1,1,0,0,1,0,0.0,1.0,0.0,0.0,efficientnet_b7,buffer
features_2_4_block_0_1_weight,weight,1,1,0,0,1,0,0.0,1.0,0.0,0.0,efficientnet_b7,conv_weight
features_2_4_block_1_0_weight,weight,2,2,0,1,1,0,0.5,0.5,0.0,0.0,efficientnet_b7,conv_weight
features_2_4_block_1_1_bias,bias,1,0,1,0,0,0,0.0,0.0,0.0,1.0,efficientnet_b7,bias
features_2_4_block_1_1_num_batches_tracked,buffer,1,1,0,1,0,0,1.0,0.0,0.0,0.0,efficientnet_b7,buffer
features_2_4_block_1_1_running_mean,buffer,1,1,0,1,0,0,1.0,0.0,0.0,0.0,efficientnet_b7,buffer
features_2_4_block_1_1_running_var,buffer,1,1,0,1,0,0,1.0,0.0,0.0,0.0,efficientnet_b7,buffer
features_2_4_block_1_1_weight,weight,1,1,0,0,1,0,0.0,1.0,0.0,0.0,efficientnet_b7,conv_weight
features_2_4_block_2_fc1_bias,bias,1,0,1,0,0,0,0.0,0.0,0.0,1.0,efficientnet_b7,bias
features_2_4_block_2_fc1_weight,weight,2,2,0,2,0,0,1.0,0.0,0.0,0.0,efficientnet_b7,mlp_weight
features_2_4_block_2_fc2_bias,bias,1,0,1,0,0,0,0.0,0.0,0.0,1.0,efficientnet_b7,bias
features_2_4_block_2_fc2_weight,weight,2,2,0,2,0,0,1.0,0.0,0.0,0.0,efficientnet_b7,mlp_weight
features_2_4_block_3_0_weight,weight,7,7,0,6,1,0,0.8571428571428571,0.1428571428571428,0.0,0.0,efficientnet_b7,conv_weight
features_2_4_block_3_1_bias,bias,1,0,1,0,0,0,0.0,0.0,0.0,1.0,efficientnet_b7,bias
features_2_4_block_3_1_num_batches_tracked,buffer,1,1,0,1,0,0,1.0,0.0,0.0,0.0,efficientnet_b7,buffer
features_2_4_block_3_1_running_mean,buffer,1,1,0,1,0,0,1.0,0.0,0.0,0.0,efficientnet_b7,buffer
features_2_4_block_3_1_running_var,buffer,1,1,0,1,0,0,1.0,0.0,0.0,0.0,efficientnet_b7,buffer
features_2_4_block_3_1_weight,weight,1,0,1,0,0,0,0.0,0.0,0.0,1.0,efficientnet_b7,conv_weight
features_2_5_block_0_0_weight,weight,7,7,0,7,0,0,1.0,0.0,0.0,0.0,efficientnet_b7,conv_weight
features_2_5_block_0_1_bias,bias,1,0,1,0,0,0,0.0,0.0,0.0,1.0,efficientnet_b7,bias
features_2_5_block_0_1_num_batches_tracked,buffer,1,1,0,1,0,0,1.0,0.0,0.0,0.0,efficientnet_b7,buffer
features_2_5_block_0_1_running_mean,buffer,1,1,0,1,0,0,1.0,0.0,0.0,0.0,efficientnet_b7,buffer
features_2_5_block_0_1_running_var,buffer,1,1,0,0,1,0,0.0,1.0,0.0,0.0,efficientnet_b7,buffer
features_2_5_block_0_1_weight,weight,1,1,0,0,1,0,0.0,1.0,0.0,0.0,efficientnet_b7,conv_weight
features_2_5_block_1_0_weight,weight,2,0,2,0,0,0,0.0,0.0,0.0,1.0,efficientnet_b7,conv_weight
features_2_5_block_1_1_bias,bias,1,0,1,0,0,0,0.0,0.0,0.0,1.0,efficientnet_b7,bias
features_2_5_block_1_1_num_batches_tracked,buffer,1,1,0,1,0,0,1.0,0.0,0.0,0.0,efficientnet_b7,buffer
features_2_5_block_1_1_running_mean,buffer,1,1,0,1,0,0,1.0,0.0,0.0,0.0,efficientnet_b7,buffer
features_2_5_block_1_1_running_var,buffer,1,1,0,1,0,0,1.0,0.0,0.0,0.0,efficientnet_b7,buffer
features_2_5_block_1_1_weight,weight,1,1,0,0,1,0,0.0,1.0,0.0,0.0,efficientnet_b7,conv_weight
features_2_5_block_2_fc1_bias,bias,1,0,1,0,0,0,0.0,0.0,0.0,1.0,efficientnet_b7,bias
features_2_5_block_2_fc1_weight,weight,2,2,0,1,0,1,0.5,0.0,0.5,0.0,efficientnet_b7,mlp_weight
features_2_5_block_2_fc2_bias,bias,1,0,1,0,0,0,0.0,0.0,0.0,1.0,efficientnet_b7,bias
features_2_5_block_2_fc2_weight,weight,2,2,0,2,0,0,1.0,0.0,0.0,0.0,efficientnet_b7,mlp_weight
features_2_5_block_3_0_weight,weight,7,7,0,7,0,0,1.0,0.0,0.0,0.0,efficientnet_b7,conv_weight
features_2_5_block_3_1_bias,bias,1,0,1,0,0,0,0.0,0.0,0.0,1.0,efficientnet_b7,bias
features_2_5_block_3_1_num_batches_tracked,buffer,1,1,0,1,0,0,1.0,0.0,0.0,0.0,efficientnet_b7,buffer
features_2_5_block_3_1_running_mean,buffer,1,1,0,1,0,0,1.0,0.0,0.0,0.0,efficientnet_b7,buffer
features_2_5_block_3_1_running_var,buffer,1,1,0,1,0,0,1.0,0.0,0.0,0.0,efficientnet_b7,buffer
features_2_5_block_3_1_weight,weight,1,0,1,0,0,0,0.0,0.0,0.0,1.0,efficientnet_b7,conv_weight
features_2_6_block_0_0_weight,weight,7,7,0,7,0,0,1.0,0.0,0.0,0.0,efficientnet_b7,conv_weight
features_2_6_block_0_1_bias,bias,1,0,1,0,0,0,0.0,0.0,0.0,1.0,efficientnet_b7,bias
features_2_6_block_0_1_num_batches_tracked,buffer,1,1,0,1,0,0,1.0,0.0,0.0,0.0,efficientnet_b7,buffer
features_2_6_block_0_1_running_mean,buffer,1,1,0,1,0,0,1.0,0.0,0.0,0.0,efficientnet_b7,buffer
features_2_6_block_0_1_running_var,buffer,1,1,0,0,1,0,0.0,1.0,0.0,0.0,efficientnet_b7,buffer
features_2_6_block_0_1_weight,weight,1,1,0,0,1,0,0.0,1.0,0.0,0.0,efficientnet_b7,conv_weight
features_2_6_block_1_0_weight,weight,2,2,0,1,1,0,0.5,0.5,0.0,0.0,efficientnet_b7,conv_weight
features_2_6_block_1_1_bias,bias,1,0,1,0,0,0,0.0,0.0,0.0,1.0,efficientnet_b7,bias
features_2_6_block_1_1_num_batches_tracked,buffer,1,1,0,1,0,0,1.0,0.0,0.0,0.0,efficientnet_b7,buffer
features_2_6_block_1_1_running_mean,buffer,1,1,0,1,0,0,1.0,0.0,0.0,0.0,efficientnet_b7,buffer
features_2_6_block_1_1_running_var,buffer,1,1,0,1,0,0,1.0,0.0,0.0,0.0,efficientnet_b7,buffer
features_2_6_block_1_1_weight,weight,1,1,0,0,1,0,0.0,1.0,0.0,0.0,efficientnet_b7,conv_weight
features_2_6_block_2_fc1_bias,bias,1,0,1,0,0,0,0.0,0.0,0.0,1.0,efficientnet_b7,bias
features_2_6_block_2_fc1_weight,weight,2,2,0,0,0,2,0.0,0.0,1.0,0.0,efficientnet_b7,mlp_weight
features_2_6_block_2_fc2_bias,bias,1,0,1,0,0,0,0.0,0.0,0.0,1.0,efficientnet_b7,bias
features_2_6_block_2_fc2_weight,weight,2,2,0,2,0,0,1.0,0.0,0.0,0.0,efficientnet_b7,mlp_weight
features_2_6_block_3_0_weight,weight,7,7,0,7,0,0,1.0,0.0,0.0,0.0,efficientnet_b7,conv_weight
features_2_6_block_3_1_bias,bias,1,0,1,0,0,0,0.0,0.0,0.0,1.0,efficientnet_b7,bias
features_2_6_block_3_1_num_batches_tracked,buffer,1,1,0,1,0,0,1.0,0.0,0.0,0.0,efficientnet_b7,buffer
features_2_6_block_3_1_running_mean,buffer,1,1,0,1,0,0,1.0,0.0,0.0,0.0,efficientnet_b7,buffer
features_2_6_block_3_1_running_var,buffer,1,1,0,1,0,0,1.0,0.0,0.0,0.0,efficientnet_b7,buffer
features_2_6_block_3_1_weight,weight,1,1,0,0,1,0,0.0,1.0,0.0,0.0,efficientnet_b7,conv_weight
features_3_0_block_0_0_weight,weight,7,7,0,7,0,0,1.0,0.0,0.0,0.0,efficientnet_b7,conv_weight
features_3_0_block_0_1_bias,bias,1,0,1,0,0,0,0.0,0.0,0.0,1.0,efficientnet_b7,bias
features_3_0_block_0_1_num_batches_tracked,buffer,1,1,0,1,0,0,1.0,0.0,0.0,0.0,efficientnet_b7,buffer
features_3_0_block_0_1_running_mean,buffer,1,1,0,1,0,0,1.0,0.0,0.0,0.0,efficientnet_b7,buffer
features_3_0_block_0_1_running_var,buffer,1,1,0,0,1,0,0.0,1.0,0.0,0.0,efficientnet_b7,buffer
features_3_0_block_0_1_weight,weight,1,1,0,0,1,0,0.0,1.0,0.0,0.0,efficientnet_b7,conv_weight
features_3_0_block_1_0_weight,weight,4,2,2,0,0,2,0.0,0.0,1.0,0.5,efficientnet_b7,conv_weight
features_3_0_block_1_1_bias,bias,1,0,1,0,0,0,0.0,0.0,0.0,1.0,efficientnet_b7,bias
features_3_0_block_1_1_num_batches_tracked,buffer,1,1,0,1,0,0,1.0,0.0,0.0,0.0,efficientnet_b7,buffer
features_3_0_block_1_1_running_mean,buffer,1,1,0,1,0,0,1.0,0.0,0.0,0.0,efficientnet_b7,buffer
features_3_0_block_1_1_running_var,buffer,1,1,0,1,0,0,1.0,0.0,0.0,0.0,efficientnet_b7,buffer
features_3_0_block_1_1_weight,weight,1,1,0,0,1,0,0.0,1.0,0.0,0.0,efficientnet_b7,conv_weight
features_3_0_block_2_fc1_bias,bias,1,0,1,0,0,0,0.0,0.0,0.0,1.0,efficientnet_b7,bias
features_3_0_block_2_fc1_weight,weight,2,2,0,0,2,0,0.0,1.0,0.0,0.0,efficientnet_b7,mlp_weight
features_3_0_block_2_fc2_bias,bias,1,0,1,0,0,0,0.0,0.0,0.0,1.0,efficientnet_b7,bias
features_3_0_block_2_fc2_weight,weight,2,2,0,1,1,0,0.5,0.5,0.0,0.0,efficientnet_b7,mlp_weight
features_3_0_block_3_0_weight,weight,12,12,0,12,0,0,1.0,0.0,0.0,0.0,efficientnet_b7,conv_weight
features_3_0_block_3_1_bias,bias,1,0,1,0,0,0,0.0,0.0,0.0,1.0,efficientnet_b7,bias
features_3_0_block_3_1_num_batches_tracked,buffer,1,1,0,1,0,0,1.0,0.0,0.0,0.0,efficientnet_b7,buffer
features_3_0_block_3_1_running_mean,buffer,1,1,0,1,0,0,1.0,0.0,0.0,0.0,efficientnet_b7,buffer
features_3_0_block_3_1_running_var,buffer,1,1,0,0,0,1,0.0,0.0,1.0,0.0,efficientnet_b7,buffer
features_3_0_block_3_1_weight,weight,1,1,0,0,1,0,0.0,1.0,0.0,0.0,efficientnet_b7,conv_weight
features_3_1_block_0_0_weight,weight,19,19,0,19,0,0,1.0,0.0,0.0,0.0,efficientnet_b7,conv_weight
features_3_1_block_0_1_bias,bias,1,0,1,0,0,0,0.0,0.0,0.0,1.0,efficientnet_b7,bias
features_3_1_block_0_1_num_batches_tracked,buffer,1,1,0,1,0,0,1.0,0.0,0.0,0.0,efficientnet_b7,buffer
features_3_1_block_0_1_running_mean,buffer,1,1,0,1,0,0,1.0,0.0,0.0,0.0,efficientnet_b7,buffer
features_3_1_block_0_1_running_var,buffer,1,1,0,0,1,0,0.0,1.0,0.0,0.0,efficientnet_b7,buffer
features_3_1_block_0_1_weight,weight,1,1,0,0,1,0,0.0,1.0,0.0,0.0,efficientnet_b7,conv_weight
features_3_1_block_1_0_weight,weight,6,6,0,6,0,0,1.0,0.0,0.0,0.0,efficientnet_b7,conv_weight
features_3_1_block_1_1_bias,bias,1,0,1,0,0,0,0.0,0.0,0.0,1.0,efficientnet_b7,bias
features_3_1_block_1_1_num_batches_tracked,buffer,1,1,0,1,0,0,1.0,0.0,0.0,0.0,efficientnet_b7,buffer
features_3_1_block_1_1_running_mean,buffer,1,1,0,1,0,0,1.0,0.0,0.0,0.0,efficientnet_b7,buffer
features_3_1_block_1_1_running_var,buffer,1,1,0,1,0,0,1.0,0.0,0.0,0.0,efficientnet_b7,buffer
features_3_1_block_1_1_weight,weight,1,1,0,0,1,0,0.0,1.0,0.0,0.0,efficientnet_b7,conv_weight
features_3_1_block_2_fc1_bias,bias,1,0,1,0,0,0,0.0,0.0,0.0,1.0,efficientnet_b7,bias
features_3_1_block_2_fc1_weight,weight,5,5,0,5,0,0,1.0,0.0,0.0,0.0,efficientnet_b7,mlp_weight
features_3_1_block_2_fc2_bias,bias,1,0,1,0,0,0,0.0,0.0,0.0,1.0,efficientnet_b7,bias
features_3_1_block_2_fc2_weight,weight,5,5,0,5,0,0,1.0,0.0,0.0,0.0,efficientnet_b7,mlp_weight
features_3_1_block_3_0_weight,weight,19,19,0,17,2,0,0.8947368421052632,0.1052631578947368,0.0,0.0,efficientnet_b7,conv_weight
features_3_1_block_3_1_bias,bias,1,0,1,0,0,0,0.0,0.0,0.0,1.0,efficientnet_b7,bias
features_3_1_block_3_1_num_batches_tracked,buffer,1,1,0,1,0,0,1.0,0.0,0.0,0.0,efficientnet_b7,buffer
features_3_1_block_3_1_running_mean,buffer,1,1,0,1,0,0,1.0,0.0,0.0,0.0,efficientnet_b7,buffer
features_3_1_block_3_1_running_var,buffer,1,1,0,1,0,0,1.0,0.0,0.0,0.0,efficientnet_b7,buffer
features_3_1_block_3_1_weight,weight,1,1,0,0,1,0,0.0,1.0,0.0,0.0,efficientnet_b7,conv_weight
features_3_2_block_0_0_weight,weight,19,19,0,19,0,0,1.0,0.0,0.0,0.0,efficientnet_b7,conv_weight
features_3_2_block_0_1_bias,bias,1,0,1,0,0,0,0.0,0.0,0.0,1.0,efficientnet_b7,bias
features_3_2_block_0_1_num_batches_tracked,buffer,1,1,0,1,0,0,1.0,0.0,0.0,0.0,efficientnet_b7,buffer
features_3_2_block_0_1_running_mean,buffer,1,1,0,1,0,0,1.0,0.0,0.0,0.0,efficientnet_b7,buffer
features_3_2_block_0_1_running_var,buffer,1,1,0,0,1,0,0.0,1.0,0.0,0.0,efficientnet_b7,buffer
features_3_2_block_0_1_weight,weight,1,1,0,0,1,0,0.0,1.0,0.0,0.0,efficientnet_b7,conv_weight
features_3_2_block_1_0_weight,weight,6,6,0,6,0,0,1.0,0.0,0.0,0.0,efficientnet_b7,conv_weight
features_3_2_block_1_1_bias,bias,1,0,1,0,0,0,0.0,0.0,0.0,1.0,efficientnet_b7,bias
features_3_2_block_1_1_num_batches_tracked,buffer,1,1,0,1,0,0,1.0,0.0,0.0,0.0,efficientnet_b7,buffer
features_3_2_block_1_1_running_mean,buffer,1,1,0,1,0,0,1.0,0.0,0.0,0.0,efficientnet_b7,buffer
features_3_2_block_1_1_running_var,buffer,1,1,0,1,0,0,1.0,0.0,0.0,0.0,efficientnet_b7,buffer
features_3_2_block_1_1_weight,weight,1,1,0,0,1,0,0.0,1.0,0.0,0.0,efficientnet_b7,conv_weight
features_3_2_block_2_fc1_bias,bias,1,0,1,0,0,0,0.0,0.0,0.0,1.0,efficientnet_b7,bias
features_3_2_block_2_fc1_weight,weight,5,5,0,5,0,0,1.0,0.0,0.0,0.0,efficientnet_b7,mlp_weight
features_3_2_block_2_fc2_bias,bias,1,0,1,0,0,0,0.0,0.0,0.0,1.0,efficientnet_b7,bias
features_3_2_block_2_fc2_weight,weight,5,5,0,3,0,2,0.6,0.0,0.4,0.0,efficientnet_b7,mlp_weight
features_3_2_block_3_0_weight,weight,19,19,0,19,0,0,1.0,0.0,0.0,0.0,efficientnet_b7,conv_weight
features_3_2_block_3_1_bias,bias,1,0,1,0,0,0,0.0,0.0,0.0,1.0,efficientnet_b7,bias
features_3_2_block_3_1_num_batches_tracked,buffer,1,1,0,1,0,0,1.0,0.0,0.0,0.0,efficientnet_b7,buffer
features_3_2_block_3_1_running_mean,buffer,1,1,0,1,0,0,1.0,0.0,0.0,0.0,efficientnet_b7,buffer
features_3_2_block_3_1_running_var,buffer,1,1,0,1,0,0,1.0,0.0,0.0,0.0,efficientnet_b7,buffer
features_3_2_block_3_1_weight,weight,1,1,0,0,1,0,0.0,1.0,0.0,0.0,efficientnet_b7,conv_weight
features_3_3_block_0_0_weight,weight,19,19,0,19,0,0,1.0,0.0,0.0,0.0,efficientnet_b7,conv_weight
features_3_3_block_0_1_bias,bias,1,0,1,0,0,0,0.0,0.0,0.0,1.0,efficientnet_b7,bias
features_3_3_block_0_1_num_batches_tracked,buffer,1,1,0,1,0,0,1.0,0.0,0.0,0.0,efficientnet_b7,buffer
features_3_3_block_0_1_running_mean,buffer,1,1,0,1,0,0,1.0,0.0,0.0,0.0,efficientnet_b7,buffer
features_3_3_block_0_1_running_var,buffer,1,1,0,0,1,0,0.0,1.0,0.0,0.0,efficientnet_b7,buffer
features_3_3_block_0_1_weight,weight,1,1,0,0,1,0,0.0,1.0,0.0,0.0,efficientnet_b7,conv_weight
features_3_3_block_1_0_weight,weight,6,6,0,6,0,0,1.0,0.0,0.0,0.0,efficientnet_b7,conv_weight
features_3_3_block_1_1_bias,bias,1,0,1,0,0,0,0.0,0.0,0.0,1.0,efficientnet_b7,bias
features_3_3_block_1_1_num_batches_tracked,buffer,1,1,0,1,0,0,1.0,0.0,0.0,0.0,efficientnet_b7,buffer
features_3_3_block_1_1_running_mean,buffer,1,1,0,1,0,0,1.0,0.0,0.0,0.0,efficientnet_b7,buffer
features_3_3_block_1_1_running_var,buffer,1,1,0,1,0,0,1.0,0.0,0.0,0.0,efficientnet_b7,buffer
features_3_3_block_1_1_weight,weight,1,1,0,0,1,0,0.0,1.0,0.0,0.0,efficientnet_b7,conv_weight
features_3_3_block_2_fc1_bias,bias,1,0,1,0,0,0,0.0,0.0,0.0,1.0,efficientnet_b7,bias
features_3_3_block_2_fc1_weight,weight,5,5,0,2,0,3,0.4,0.0,0.6,0.0,efficientnet_b7,mlp_weight
features_3_3_block_2_fc2_bias,bias,1,0,1,0,0,0,0.0,0.0,0.0,1.0,efficientnet_b7,bias
features_3_3_block_2_fc2_weight,weight,5,5,0,5,0,0,1.0,0.0,0.0,0.0,efficientnet_b7,mlp_weight
features_3_3_block_3_0_weight,weight,19,19,0,18,1,0,0.9473684210526316,0.0526315789473684,0.0,0.0,efficientnet_b7,conv_weight
features_3_3_block_3_1_bias,bias,1,0,1,0,0,0,0.0,0.0,0.0,1.0,efficientnet_b7,bias
features_3_3_block_3_1_num_batches_tracked,buffer,1,1,0,1,0,0,1.0,0.0,0.0,0.0,efficientnet_b7,buffer
features_3_3_block_3_1_running_mean,buffer,1,1,0,1,0,0,1.0,0.0,0.0,0.0,efficientnet_b7,buffer
features_3_3_block_3_1_running_var,buffer,1,1,0,1,0,0,1.0,0.0,0.0,0.0,efficientnet_b7,buffer
features_3_3_block_3_1_weight,weight,1,0,1,0,0,0,0.0,0.0,0.0,1.0,efficientnet_b7,conv_weight
features_3_4_block_0_0_weight,weight,19,19,0,19,0,0,1.0,0.0,0.0,0.0,efficientnet_b7,conv_weight
features_3_4_block_0_1_bias,bias,1,0,1,0,0,0,0.0,0.0,0.0,1.0,efficientnet_b7,bias
features_3_4_block_0_1_num_batches_tracked,buffer,1,1,0,1,0,0,1.0,0.0,0.0,0.0,efficientnet_b7,buffer
features_3_4_block_0_1_running_mean,buffer,1,1,0,1,0,0,1.0,0.0,0.0,0.0,efficientnet_b7,buffer
features_3_4_block_0_1_running_var,buffer,1,1,0,0,1,0,0.0,1.0,0.0,0.0,efficientnet_b7,buffer
features_3_4_block_0_1_weight,weight,1,1,0,0,1,0,0.0,1.0,0.0,0.0,efficientnet_b7,conv_weight
features_3_4_block_1_0_weight,weight,6,6,0,6,0,0,1.0,0.0,0.0,0.0,efficientnet_b7,conv_weight
features_3_4_block_1_1_bias,bias,1,0,1,0,0,0,0.0,0.0,0.0,1.0,efficientnet_b7,bias
features_3_4_block_1_1_num_batches_tracked,buffer,1,1,0,1,0,0,1.0,0.0,0.0,0.0,efficientnet_b7,buffer
features_3_4_block_1_1_running_mean,buffer,1,1,0,1,0,0,1.0,0.0,0.0,0.0,efficientnet_b7,buffer
features_3_4_block_1_1_running_var,buffer,1,1,0,1,0,0,1.0,0.0,0.0,0.0,efficientnet_b7,buffer
features_3_4_block_1_1_weight,weight,1,1,0,0,1,0,0.0,1.0,0.0,0.0,efficientnet_b7,conv_weight
features_3_4_block_2_fc1_bias,bias,1,0,1,0,0,0,0.0,0.0,0.0,1.0,efficientnet_b7,bias
features_3_4_block_2_fc1_weight,weight,5,5,0,1,0,4,0.2,0.0,0.8,0.0,efficientnet_b7,mlp_weight
features_3_4_block_2_fc2_bias,bias,1,0,1,0,0,0,0.0,0.0,0.0,1.0,efficientnet_b7,bias
features_3_4_block_2_fc2_weight,weight,5,5,0,5,0,0,1.0,0.0,0.0,0.0,efficientnet_b7,mlp_weight
features_3_4_block_3_0_weight,weight,19,19,0,17,2,0,0.8947368421052632,0.1052631578947368,0.0,0.0,efficientnet_b7,conv_weight
features_3_4_block_3_1_bias,bias,1,0,1,0,0,0,0.0,0.0,0.0,1.0,efficientnet_b7,bias
features_3_4_block_3_1_num_batches_tracked,buffer,1,1,0,1,0,0,1.0,0.0,0.0,0.0,efficientnet_b7,buffer
features_3_4_block_3_1_running_mean,buffer,1,1,0,1,0,0,1.0,0.0,0.0,0.0,efficientnet_b7,buffer
features_3_4_block_3_1_running_var,buffer,1,1,0,1,0,0,1.0,0.0,0.0,0.0,efficientnet_b7,buffer
features_3_4_block_3_1_weight,weight,1,1,0,0,1,0,0.0,1.0,0.0,0.0,efficientnet_b7,conv_weight
features_3_5_block_0_0_weight,weight,19,19,0,18,1,0,0.9473684210526316,0.0526315789473684,0.0,0.0,efficientnet_b7,conv_weight
features_3_5_block_0_1_bias,bias,1,0,1,0,0,0,0.0,0.0,0.0,1.0,efficientnet_b7,bias
features_3_5_block_0_1_num_batches_tracked,buffer,1,1,0,1,0,0,1.0,0.0,0.0,0.0,efficientnet_b7,buffer
features_3_5_block_0_1_running_mean,buffer,1,1,0,0,1,0,0.0,1.0,0.0,0.0,efficientnet_b7,buffer
features_3_5_block_0_1_running_var,buffer,1,1,0,0,1,0,0.0,1.0,0.0,0.0,efficientnet_b7,buffer
features_3_5_block_0_1_weight,weight,1,1,0,0,1,0,0.0,1.0,0.0,0.0,efficientnet_b7,conv_weight
features_3_5_block_1_0_weight,weight,6,6,0,5,1,0,0.8333333333333334,0.1666666666666666,0.0,0.0,efficientnet_b7,conv_weight
features_3_5_block_1_1_bias,bias,1,0,1,0,0,0,0.0,0.0,0.0,1.0,efficientnet_b7,bias
features_3_5_block_1_1_num_batches_tracked,buffer,1,1,0,1,0,0,1.0,0.0,0.0,0.0,efficientnet_b7,buffer
features_3_5_block_1_1_running_mean,buffer,1,1,0,1,0,0,1.0,0.0,0.0,0.0,efficientnet_b7,buffer
features_3_5_block_1_1_running_var,buffer,1,1,0,1,0,0,1.0,0.0,0.0,0.0,efficientnet_b7,buffer
features_3_5_block_1_1_weight,weight,1,1,0,0,1,0,0.0,1.0,0.0,0.0,efficientnet_b7,conv_weight
features_3_5_block_2_fc1_bias,bias,1,0,1,0,0,0,0.0,0.0,0.0,1.0,efficientnet_b7,bias
features_3_5_block_2_fc1_weight,weight,5,5,0,5,0,0,1.0,0.0,0.0,0.0,efficientnet_b7,mlp_weight
features_3_5_block_2_fc2_bias,bias,1,0,1,0,0,0,0.0,0.0,0.0,1.0,efficientnet_b7,bias
features_3_5_block_2_fc2_weight,weight,5,5,0,4,0,1,0.8,0.0,0.2,0.0,efficientnet_b7,mlp_weight
features_3_5_block_3_0_weight,weight,19,19,0,19,0,0,1.0,0.0,0.0,0.0,efficientnet_b7,conv_weight
features_3_5_block_3_1_bias,bias,1,0,1,0,0,0,0.0,0.0,0.0,1.0,efficientnet_b7,bias
features_3_5_block_3_1_num_batches_tracked,buffer,1,1,0,1,0,0,1.0,0.0,0.0,0.0,efficientnet_b7,buffer
features_3_5_block_3_1_running_mean,buffer,1,1,0,1,0,0,1.0,0.0,0.0,0.0,efficientnet_b7,buffer
features_3_5_block_3_1_running_var,buffer,1,1,0,1,0,0,1.0,0.0,0.0,0.0,efficientnet_b7,buffer
features_3_5_block_3_1_weight,weight,1,0,1,0,0,0,0.0,0.0,0.0,1.0,efficientnet_b7,conv_weight
features_3_6_block_0_0_weight,weight,19,19,0,19,0,0,1.0,0.0,0.0,0.0,efficientnet_b7,conv_weight
features_3_6_block_0_1_bias,bias,1,0,1,0,0,0,0.0,0.0,0.0,1.0,efficientnet_b7,bias
features_3_6_block_0_1_num_batches_tracked,buffer,1,1,0,1,0,0,1.0,0.0,0.0,0.0,efficientnet_b7,buffer
features_3_6_block_0_1_running_mean,buffer,1,1,0,1,0,0,1.0,0.0,0.0,0.0,efficientnet_b7,buffer
features_3_6_block_0_1_running_var,buffer,1,1,0,0,1,0,0.0,1.0,0.0,0.0,efficientnet_b7,buffer
features_3_6_block_0_1_weight,weight,1,1,0,0,1,0,0.0,1.0,0.0,0.0,efficientnet_b7,conv_weight
features_3_6_block_1_0_weight,weight,6,6,0,1,5,0,0.1666666666666666,0.8333333333333334,0.0,0.0,efficientnet_b7,conv_weight
features_3_6_block_1_1_bias,bias,1,0,1,0,0,0,0.0,0.0,0.0,1.0,efficientnet_b7,bias
features_3_6_block_1_1_num_batches_tracked,buffer,1,1,0,1,0,0,1.0,0.0,0.0,0.0,efficientnet_b7,buffer
features_3_6_block_1_1_running_mean,buffer,1,1,0,1,0,0,1.0,0.0,0.0,0.0,efficientnet_b7,buffer
features_3_6_block_1_1_running_var,buffer,1,1,0,1,0,0,1.0,0.0,0.0,0.0,efficientnet_b7,buffer
features_3_6_block_1_1_weight,weight,1,1,0,0,0,1,0.0,0.0,1.0,0.0,efficientnet_b7,conv_weight
features_3_6_block_2_fc1_bias,bias,1,0,1,0,0,0,0.0,0.0,0.0,1.0,efficientnet_b7,bias
features_3_6_block_2_fc1_weight,weight,5,5,0,5,0,0,1.0,0.0,0.0,0.0,efficientnet_b7,mlp_weight
features_3_6_block_2_fc2_bias,bias,1,0,1,0,0,0,0.0,0.0,0.0,1.0,efficientnet_b7,bias
features_3_6_block_2_fc2_weight,weight,5,5,0,2,0,3,0.4,0.0,0.6,0.0,efficientnet_b7,mlp_weight
features_3_6_block_3_0_weight,weight,19,19,0,18,1,0,0.9473684210526316,0.0526315789473684,0.0,0.0,efficientnet_b7,conv_weight
features_3_6_block_3_1_bias,bias,1,0,1,0,0,0,0.0,0.0,0.0,1.0,efficientnet_b7,bias
features_3_6_block_3_1_num_batches_tracked,buffer,1,1,0,1,0,0,1.0,0.0,0.0,0.0,efficientnet_b7,buffer
features_3_6_block_3_1_running_mean,buffer,1,1,0,1,0,0,1.0,0.0,0.0,0.0,efficientnet_b7,buffer
features_3_6_block_3_1_running_var,buffer,1,1,0,1,0,0,1.0,0.0,0.0,0.0,efficientnet_b7,buffer
features_3_6_block_3_1_weight,weight,1,1,0,0,1,0,0.0,1.0,0.0,0.0,efficientnet_b7,conv_weight
features_4_0_block_0_0_weight,weight,19,19,0,19,0,0,1.0,0.0,0.0,0.0,efficientnet_b7,conv_weight
features_4_0_block_0_1_bias,bias,1,0,1,0,0,0,0.0,0.0,0.0,1.0,efficientnet_b7,bias
features_4_0_block_0_1_num_batches_tracked,buffer,1,1,0,1,0,0,1.0,0.0,0.0,0.0,efficientnet_b7,buffer
features_4_0_block_0_1_running_mean,buffer,1,1,0,1,0,0,1.0,0.0,0.0,0.0,efficientnet_b7,buffer
features_4_0_block_0_1_running_var,buffer,1,1,0,0,1,0,0.0,1.0,0.0,0.0,efficientnet_b7,buffer
features_4_0_block_0_1_weight,weight,1,1,0,0,0,1,0.0,0.0,1.0,0.0,efficientnet_b7,conv_weight
features_4_0_block_1_0_weight,weight,3,0,3,0,0,0,0.0,0.0,0.0,1.0,efficientnet_b7,conv_weight
features_4_0_block_1_1_bias,bias,1,0,1,0,0,0,0.0,0.0,0.0,1.0,efficientnet_b7,bias
features_4_0_block_1_1_num_batches_tracked,buffer,1,1,0,1,0,0,1.0,0.0,0.0,0.0,efficientnet_b7,buffer
features_4_0_block_1_1_running_mean,buffer,1,1,0,1,0,0,1.0,0.0,0.0,0.0,efficientnet_b7,buffer
features_4_0_block_1_1_running_var,buffer,1,1,0,1,0,0,1.0,0.0,0.0,0.0,efficientnet_b7,buffer
features_4_0_block_1_1_weight,weight,1,1,0,0,1,0,0.0,1.0,0.0,0.0,efficientnet_b7,conv_weight
features_4_0_block_2_fc1_bias,bias,1,0,1,0,0,0,0.0,0.0,0.0,1.0,efficientnet_b7,bias
features_4_0_block_2_fc1_weight,weight,5,5,0,5,0,0,1.0,0.0,0.0,0.0,efficientnet_b7,mlp_weight
features_4_0_block_2_fc2_bias,bias,1,1,0,1,0,0,1.0,0.0,0.0,0.0,efficientnet_b7,bias
features_4_0_block_2_fc2_weight,weight,5,5,0,4,0,1,0.8,0.0,0.2,0.0,efficientnet_b7,mlp_weight
features_4_0_block_3_0_weight,weight,38,38,0,38,0,0,1.0,0.0,0.0,0.0,efficientnet_b7,conv_weight
features_4_0_block_3_1_bias,bias,1,0,1,0,0,0,0.0,0.0,0.0,1.0,efficientnet_b7,bias
features_4_0_block_3_1_num_batches_tracked,buffer,1,1,0,1,0,0,1.0,0.0,0.0,0.0,efficientnet_b7,buffer
features_4_0_block_3_1_running_mean,buffer,1,1,0,1,0,0,1.0,0.0,0.0,0.0,efficientnet_b7,buffer
features_4_0_block_3_1_running_var,buffer,1,1,0,0,1,0,0.0,1.0,0.0,0.0,efficientnet_b7,buffer
features_4_0_block_3_1_weight,weight,1,1,0,0,1,0,0.0,1.0,0.0,0.0,efficientnet_b7,conv_weight
features_4_1_block_0_0_weight,weight,75,75,0,75,0,0,1.0,0.0,0.0,0.0,efficientnet_b7,conv_weight
features_4_1_block_0_1_bias,bias,1,0,1,0,0,0,0.0,0.0,0.0,1.0,efficientnet_b7,bias
features_4_1_block_0_1_num_batches_tracked,buffer,1,1,0,1,0,0,1.0,0.0,0.0,0.0,efficientnet_b7,buffer
features_4_1_block_0_1_running_mean,buffer,1,1,0,1,0,0,1.0,0.0,0.0,0.0,efficientnet_b7,buffer
features_4_1_block_0_1_running_var,buffer,1,1,0,0,1,0,0.0,1.0,0.0,0.0,efficientnet_b7,buffer
features_4_1_block_0_1_weight,weight,1,1,0,0,1,0,0.0,1.0,0.0,0.0,efficientnet_b7,conv_weight
features_4_1_block_1_0_weight,weight,5,5,0,3,2,0,0.6,0.4,0.0,0.0,efficientnet_b7,conv_weight
features_4_1_block_1_1_bias,bias,1,0,1,0,0,0,0.0,0.0,0.0,1.0,efficientnet_b7,bias
features_4_1_block_1_1_num_batches_tracked,buffer,1,1,0,1,0,0,1.0,0.0,0.0,0.0,efficientnet_b7,buffer
features_4_1_block_1_1_running_mean,buffer,1,1,0,1,0,0,1.0,0.0,0.0,0.0,efficientnet_b7,buffer
features_4_1_block_1_1_running_var,buffer,1,1,0,1,0,0,1.0,0.0,0.0,0.0,efficientnet_b7,buffer
features_4_1_block_1_1_weight,weight,1,1,0,0,1,0,0.0,1.0,0.0,0.0,efficientnet_b7,conv_weight
features_4_1_block_2_fc1_bias,bias,1,0,1,0,0,0,0.0,0.0,0.0,1.0,efficientnet_b7,bias
features_4_1_block_2_fc1_weight,weight,19,19,0,18,0,1,0.9473684210526316,0.0,0.0526315789473684,0.0,efficientnet_b7,mlp_weight
features_4_1_block_2_fc2_bias,bias,1,0,1,0,0,0,0.0,0.0,0.0,1.0,efficientnet_b7,bias
features_4_1_block_2_fc2_weight,weight,19,19,0,3,0,16,0.1578947368421052,0.0,0.8421052631578947,0.0,efficientnet_b7,mlp_weight
features_4_1_block_3_0_weight,weight,75,75,0,43,0,32,0.5733333333333334,0.0,0.4266666666666667,0.0,efficientnet_b7,conv_weight
features_4_1_block_3_1_bias,bias,1,0,1,0,0,0,0.0,0.0,0.0,1.0,efficientnet_b7,bias
features_4_1_block_3_1_num_batches_tracked,buffer,1,1,0,1,0,0,1.0,0.0,0.0,0.0,efficientnet_b7,buffer
features_4_1_block_3_1_running_mean,buffer,1,1,0,1,0,0,1.0,0.0,0.0,0.0,efficientnet_b7,buffer
features_4_1_block_3_1_running_var,buffer,1,1,0,1,0,0,1.0,0.0,0.0,0.0,efficientnet_b7,buffer
features_4_1_block_3_1_weight,weight,1,0,1,0,0,0,0.0,0.0,0.0,1.0,efficientnet_b7,conv_weight
features_4_2_block_0_0_weight,weight,75,75,0,74,0,1,0.9866666666666668,0.0,0.0133333333333333,0.0,efficientnet_b7,conv_weight
features_4_2_block_0_1_bias,bias,1,0,1,0,0,0,0.0,0.0,0.0,1.0,efficientnet_b7,bias
features_4_2_block_0_1_num_batches_tracked,buffer,1,1,0,1,0,0,1.0,0.0,0.0,0.0,efficientnet_b7,buffer
features_4_2_block_0_1_running_mean,buffer,1,1,0,1,0,0,1.0,0.0,0.0,0.0,efficientnet_b7,buffer
features_4_2_block_0_1_running_var,buffer,1,1,0,0,1,0,0.0,1.0,0.0,0.0,efficientnet_b7,buffer
features_4_2_block_0_1_weight,weight,1,1,0,0,0,1,0.0,0.0,1.0,0.0,efficientnet_b7,conv_weight
features_4_2_block_1_0_weight,weight,5,5,0,4,1,0,0.8,0.2,0.0,0.0,efficientnet_b7,conv_weight
features_4_2_block_1_1_bias,bias,1,0,1,0,0,0,0.0,0.0,0.0,1.0,efficientnet_b7,bias
features_4_2_block_1_1_num_batches_tracked,buffer,1,1,0,1,0,0,1.0,0.0,0.0,0.0,efficientnet_b7,buffer
features_4_2_block_1_1_running_mean,buffer,1,1,0,1,0,0,1.0,0.0,0.0,0.0,efficientnet_b7,buffer
features_4_2_block_1_1_running_var,buffer,1,1,0,1,0,0,1.0,0.0,0.0,0.0,efficientnet_b7,buffer
features_4_2_block_1_1_weight,weight,1,1,0,0,1,0,0.0,1.0,0.0,0.0,efficientnet_b7,conv_weight
features_4_2_block_2_fc1_bias,bias,1,0,1,0,0,0,0.0,0.0,0.0,1.0,efficientnet_b7,bias
features_4_2_block_2_fc1_weight,weight,19,19,0,19,0,0,1.0,0.0,0.0,0.0,efficientnet_b7,mlp_weight
features_4_2_block_2_fc2_bias,bias,1,0,1,0,0,0,0.0,0.0,0.0,1.0,efficientnet_b7,bias
features_4_2_block_2_fc2_weight,weight,19,19,0,18,0,1,0.9473684210526316,0.0,0.0526315789473684,0.0,efficientnet_b7,mlp_weight
features_4_2_block_3_0_weight,weight,75,75,0,32,0,43,0.4266666666666667,0.0,0.5733333333333334,0.0,efficientnet_b7,conv_weight
features_4_2_block_3_1_bias,bias,1,0,1,0,0,0,0.0,0.0,0.0,1.0,efficientnet_b7,bias
features_4_2_block_3_1_num_batches_tracked,buffer,1,1,0,1,0,0,1.0,0.0,0.0,0.0,efficientnet_b7,buffer
features_4_2_block_3_1_running_mean,buffer,1,1,0,1,0,0,1.0,0.0,0.0,0.0,efficientnet_b7,buffer
features_4_2_block_3_1_running_var,buffer,1,1,0,1,0,0,1.0,0.0,0.0,0.0,efficientnet_b7,buffer
features_4_2_block_3_1_weight,weight,1,0,1,0,0,0,0.0,0.0,0.0,1.0,efficientnet_b7,conv_weight
features_4_3_block_0_0_weight,weight,75,75,0,74,0,1,0.9866666666666668,0.0,0.0133333333333333,0.0,efficientnet_b7,conv_weight
features_4_3_block_0_1_bias,bias,1,0,1,0,0,0,0.0,0.0,0.0,1.0,efficientnet_b7,bias
features_4_3_block_0_1_num_batches_tracked,buffer,1,1,0,1,0,0,1.0,0.0,0.0,0.0,efficientnet_b7,buffer
features_4_3_block_0_1_running_mean,buffer,1,1,0,1,0,0,1.0,0.0,0.0,0.0,efficientnet_b7,buffer
features_4_3_block_0_1_running_var,buffer,1,1,0,0,1,0,0.0,1.0,0.0,0.0,efficientnet_b7,buffer
features_4_3_block_0_1_weight,weight,1,1,0,0,0,1,0.0,0.0,1.0,0.0,efficientnet_b7,conv_weight
features_4_3_block_1_0_weight,weight,5,5,0,5,0,0,1.0,0.0,0.0,0.0,efficientnet_b7,conv_weight
features_4_3_block_1_1_bias,bias,1,0,1,0,0,0,0.0,0.0,0.0,1.0,efficientnet_b7,bias
features_4_3_block_1_1_num_batches_tracked,buffer,1,1,0,1,0,0,1.0,0.0,0.0,0.0,efficientnet_b7,buffer
features_4_3_block_1_1_running_mean,buffer,1,1,0,1,0,0,1.0,0.0,0.0,0.0,efficientnet_b7,buffer
features_4_3_block_1_1_running_var,buffer,1,1,0,1,0,0,1.0,0.0,0.0,0.0,efficientnet_b7,buffer
features_4_3_block_1_1_weight,weight,1,1,0,0,1,0,0.0,1.0,0.0,0.0,efficientnet_b7,conv_weight
features_4_3_block_2_fc1_bias,bias,1,0,1,0,0,0,0.0,0.0,0.0,1.0,efficientnet_b7,bias
features_4_3_block_2_fc1_weight,weight,19,19,0,19,0,0,1.0,0.0,0.0,0.0,efficientnet_b7,mlp_weight
features_4_3_block_2_fc2_bias,bias,1,0,1,0,0,0,0.0,0.0,0.0,1.0,efficientnet_b7,bias
features_4_3_block_2_fc2_weight,weight,19,19,0,19,0,0,1.0,0.0,0.0,0.0,efficientnet_b7,mlp_weight
features_4_3_block_3_0_weight,weight,75,75,0,40,4,31,0.5333333333333333,0.0533333333333333,0.4133333333333333,0.0,efficientnet_b7,conv_weight
features_4_3_block_3_1_bias,bias,1,0,1,0,0,0,0.0,0.0,0.0,1.0,efficientnet_b7,bias
features_4_3_block_3_1_num_batches_tracked,buffer,1,1,0,1,0,0,1.0,0.0,0.0,0.0,efficientnet_b7,buffer
features_4_3_block_3_1_running_mean,buffer,1,1,0,1,0,0,1.0,0.0,0.0,0.0,efficientnet_b7,buffer
features_4_3_block_3_1_running_var,buffer,1,1,0,1,0,0,1.0,0.0,0.0,0.0,efficientnet_b7,buffer
features_4_3_block_3_1_weight,weight,1,0,1,0,0,0,0.0,0.0,0.0,1.0,efficientnet_b7,conv_weight
features_4_4_block_0_0_weight,weight,75,75,0,58,0,17,0.7733333333333333,0.0,0.2266666666666666,0.0,efficientnet_b7,conv_weight
features_4_4_block_0_1_bias,bias,1,0,1,0,0,0,0.0,0.0,0.0,1.0,efficientnet_b7,bias
features_4_4_block_0_1_num_batches_tracked,buffer,1,1,0,1,0,0,1.0,0.0,0.0,0.0,efficientnet_b7,buffer
features_4_4_block_0_1_running_mean,buffer,1,1,0,1,0,0,1.0,0.0,0.0,0.0,efficientnet_b7,buffer
features_4_4_block_0_1_running_var,buffer,1,1,0,0,1,0,0.0,1.0,0.0,0.0,efficientnet_b7,buffer
features_4_4_block_0_1_weight,weight,1,1,0,0,0,1,0.0,0.0,1.0,0.0,efficientnet_b7,conv_weight
features_4_4_block_1_0_weight,weight,5,5,0,3,2,0,0.6,0.4,0.0,0.0,efficientnet_b7,conv_weight
features_4_4_block_1_1_bias,bias,1,0,1,0,0,0,0.0,0.0,0.0,1.0,efficientnet_b7,bias
features_4_4_block_1_1_num_batches_tracked,buffer,1,1,0,1,0,0,1.0,0.0,0.0,0.0,efficientnet_b7,buffer
features_4_4_block_1_1_running_mean,buffer,1,1,0,1,0,0,1.0,0.0,0.0,0.0,efficientnet_b7,buffer
features_4_4_block_1_1_running_var,buffer,1,1,0,1,0,0,1.0,0.0,0.0,0.0,efficientnet_b7,buffer
features_4_4_block_1_1_weight,weight,1,1,0,0,1,0,0.0,1.0,0.0,0.0,efficientnet_b7,conv_weight
features_4_4_block_2_fc1_bias,bias,1,0,1,0,0,0,0.0,0.0,0.0,1.0,efficientnet_b7,bias
features_4_4_block_2_fc1_weight,weight,19,19,0,19,0,0,1.0,0.0,0.0,0.0,efficientnet_b7,mlp_weight
features_4_4_block_2_fc2_bias,bias,1,0,1,0,0,0,0.0,0.0,0.0,1.0,efficientnet_b7,bias
features_4_4_block_2_fc2_weight,weight,19,19,0,19,0,0,1.0,0.0,0.0,0.0,efficientnet_b7,mlp_weight
features_4_4_block_3_0_weight,weight,75,75,0,54,3,18,0.72,0.04,0.24,0.0,efficientnet_b7,conv_weight
features_4_4_block_3_1_bias,bias,1,0,1,0,0,0,0.0,0.0,0.0,1.0,efficientnet_b7,bias
features_4_4_block_3_1_num_batches_tracked,buffer,1,1,0,1,0,0,1.0,0.0,0.0,0.0,efficientnet_b7,buffer
features_4_4_block_3_1_running_mean,buffer,1,1,0,1,0,0,1.0,0.0,0.0,0.0,efficientnet_b7,buffer
features_4_4_block_3_1_running_var,buffer,1,1,0,1,0,0,1.0,0.0,0.0,0.0,efficientnet_b7,buffer
features_4_4_block_3_1_weight,weight,1,0,1,0,0,0,0.0,0.0,0.0,1.0,efficientnet_b7,conv_weight
features_4_5_block_0_0_weight,weight,75,75,0,74,0,1,0.9866666666666668,0.0,0.0133333333333333,0.0,efficientnet_b7,conv_weight
features_4_5_block_0_1_bias,bias,1,0,1,0,0,0,0.0,0.0,0.0,1.0,efficientnet_b7,bias
features_4_5_block_0_1_num_batches_tracked,buffer,1,1,0,1,0,0,1.0,0.0,0.0,0.0,efficientnet_b7,buffer
features_4_5_block_0_1_running_mean,buffer,1,1,0,1,0,0,1.0,0.0,0.0,0.0,efficientnet_b7,buffer
features_4_5_block_0_1_running_var,buffer,1,1,0,0,1,0,0.0,1.0,0.0,0.0,efficientnet_b7,buffer
features_4_5_block_0_1_weight,weight,1,1,0,0,0,1,0.0,0.0,1.0,0.0,efficientnet_b7,conv_weight
features_4_5_block_1_0_weight,weight,5,5,0,1,4,0,0.2,0.8,0.0,0.0,efficientnet_b7,conv_weight
features_4_5_block_1_1_bias,bias,1,0,1,0,0,0,0.0,0.0,0.0,1.0,efficientnet_b7,bias
features_4_5_block_1_1_num_batches_tracked,buffer,1,1,0,1,0,0,1.0,0.0,0.0,0.0,efficientnet_b7,buffer
features_4_5_block_1_1_running_mean,buffer,1,1,0,1,0,0,1.0,0.0,0.0,0.0,efficientnet_b7,buffer
features_4_5_block_1_1_running_var,buffer,1,1,0,1,0,0,1.0,0.0,0.0,0.0,efficientnet_b7,buffer
features_4_5_block_1_1_weight,weight,1,1,0,0,1,0,0.0,1.0,0.0,0.0,efficientnet_b7,conv_weight
features_4_5_block_2_fc1_bias,bias,1,1,0,0,0,1,0.0,0.0,1.0,0.0,efficientnet_b7,bias
features_4_5_block_2_fc1_weight,weight,19,19,0,19,0,0,1.0,0.0,0.0,0.0,efficientnet_b7,mlp_weight
features_4_5_block_2_fc2_bias,bias,1,1,0,1,0,0,1.0,0.0,0.0,0.0,efficientnet_b7,bias
features_4_5_block_2_fc2_weight,weight,19,19,0,19,0,0,1.0,0.0,0.0,0.0,efficientnet_b7,mlp_weight
features_4_5_block_3_0_weight,weight,75,75,0,51,5,19,0.68,0.0666666666666666,0.2533333333333333,0.0,efficientnet_b7,conv_weight
features_4_5_block_3_1_bias,bias,1,0,1,0,0,0,0.0,0.0,0.0,1.0,efficientnet_b7,bias
features_4_5_block_3_1_num_batches_tracked,buffer,1,1,0,1,0,0,1.0,0.0,0.0,0.0,efficientnet_b7,buffer
features_4_5_block_3_1_running_mean,buffer,1,1,0,1,0,0,1.0,0.0,0.0,0.0,efficientnet_b7,buffer
features_4_5_block_3_1_running_var,buffer,1,1,0,1,0,0,1.0,0.0,0.0,0.0,efficientnet_b7,buffer
features_4_5_block_3_1_weight,weight,1,0,1,0,0,0,0.0,0.0,0.0,1.0,efficientnet_b7,conv_weight
features_4_6_block_0_0_weight,weight,75,75,0,72,0,3,0.96,0.0,0.04,0.0,efficientnet_b7,conv_weight
features_4_6_block_0_1_bias,bias,1,0,1,0,0,0,0.0,0.0,0.0,1.0,efficientnet_b7,bias
features_4_6_block_0_1_num_batches_tracked,buffer,1,1,0,1,0,0,1.0,0.0,0.0,0.0,efficientnet_b7,buffer
features_4_6_block_0_1_running_mean,buffer,1,1,0,1,0,0,1.0,0.0,0.0,0.0,efficientnet_b7,buffer
features_4_6_block_0_1_running_var,buffer,1,1,0,0,1,0,0.0,1.0,0.0,0.0,efficientnet_b7,buffer
features_4_6_block_0_1_weight,weight,1,1,0,0,0,1,0.0,0.0,1.0,0.0,efficientnet_b7,conv_weight
features_4_6_block_1_0_weight,weight,5,5,0,1,4,0,0.2,0.8,0.0,0.0,efficientnet_b7,conv_weight
features_4_6_block_1_1_bias,bias,1,0,1,0,0,0,0.0,0.0,0.0,1.0,efficientnet_b7,bias
features_4_6_block_1_1_num_batches_tracked,buffer,1,1,0,1,0,0,1.0,0.0,0.0,0.0,efficientnet_b7,buffer
features_4_6_block_1_1_running_mean,buffer,1,1,0,1,0,0,1.0,0.0,0.0,0.0,efficientnet_b7,buffer
features_4_6_block_1_1_running_var,buffer,1,1,0,1,0,0,1.0,0.0,0.0,0.0,efficientnet_b7,buffer
features_4_6_block_1_1_weight,weight,1,1,0,0,1,0,0.0,1.0,0.0,0.0,efficientnet_b7,conv_weight
features_4_6_block_2_fc1_bias,bias,1,1,0,1,0,0,1.0,0.0,0.0,0.0,efficientnet_b7,bias
features_4_6_block_2_fc1_weight,weight,19,19,0,19,0,0,1.0,0.0,0.0,0.0,efficientnet_b7,mlp_weight
features_4_6_block_2_fc2_bias,bias,1,0,1,0,0,0,0.0,0.0,0.0,1.0,efficientnet_b7,bias
features_4_6_block_2_fc2_weight,weight,19,19,0,19,0,0,1.0,0.0,0.0,0.0,efficientnet_b7,mlp_weight
features_4_6_block_3_0_weight,weight,75,75,0,48,2,25,0.64,0.0266666666666666,0.3333333333333333,0.0,efficientnet_b7,conv_weight
features_4_6_block_3_1_bias,bias,1,0,1,0,0,0,0.0,0.0,0.0,1.0,efficientnet_b7,bias
features_4_6_block_3_1_num_batches_tracked,buffer,1,1,0,1,0,0,1.0,0.0,0.0,0.0,efficientnet_b7,buffer
features_4_6_block_3_1_running_mean,buffer,1,1,0,1,0,0,1.0,0.0,0.0,0.0,efficientnet_b7,buffer
features_4_6_block_3_1_running_var,buffer,1,1,0,1,0,0,1.0,0.0,0.0,0.0,efficientnet_b7,buffer
features_4_6_block_3_1_weight,weight,1,0,1,0,0,0,0.0,0.0,0.0,1.0,efficientnet_b7,conv_weight
features_4_7_block_0_0_weight,weight,75,75,0,58,0,17,0.7733333333333333,0.0,0.2266666666666666,0.0,efficientnet_b7,conv_weight
features_4_7_block_0_1_bias,bias,1,0,1,0,0,0,0.0,0.0,0.0,1.0,efficientnet_b7,bias
features_4_7_block_0_1_num_batches_tracked,buffer,1,1,0,1,0,0,1.0,0.0,0.0,0.0,efficientnet_b7,buffer
features_4_7_block_0_1_running_mean,buffer,1,1,0,1,0,0,1.0,0.0,0.0,0.0,efficientnet_b7,buffer
features_4_7_block_0_1_running_var,buffer,1,1,0,0,1,0,0.0,1.0,0.0,0.0,efficientnet_b7,buffer
features_4_7_block_0_1_weight,weight,1,1,0,0,1,0,0.0,1.0,0.0,0.0,efficientnet_b7,conv_weight
features_4_7_block_1_0_weight,weight,5,5,0,3,2,0,0.6,0.4,0.0,0.0,efficientnet_b7,conv_weight
features_4_7_block_1_1_bias,bias,1,0,1,0,0,0,0.0,0.0,0.0,1.0,efficientnet_b7,bias
features_4_7_block_1_1_num_batches_tracked,buffer,1,1,0,1,0,0,1.0,0.0,0.0,0.0,efficientnet_b7,buffer
features_4_7_block_1_1_running_mean,buffer,1,1,0,1,0,0,1.0,0.0,0.0,0.0,efficientnet_b7,buffer
features_4_7_block_1_1_running_var,buffer,1,1,0,1,0,0,1.0,0.0,0.0,0.0,efficientnet_b7,buffer
features_4_7_block_1_1_weight,weight,1,1,0,0,1,0,0.0,1.0,0.0,0.0,efficientnet_b7,conv_weight
features_4_7_block_2_fc1_bias,bias,1,0,1,0,0,0,0.0,0.0,0.0,1.0,efficientnet_b7,bias
features_4_7_block_2_fc1_weight,weight,19,19,0,19,0,0,1.0,0.0,0.0,0.0,efficientnet_b7,mlp_weight
features_4_7_block_2_fc2_bias,bias,1,0,1,0,0,0,0.0,0.0,0.0,1.0,efficientnet_b7,bias
features_4_7_block_2_fc2_weight,weight,19,19,0,19,0,0,1.0,0.0,0.0,0.0,efficientnet_b7,mlp_weight
features_4_7_block_3_0_weight,weight,75,75,0,43,2,30,0.5733333333333334,0.0266666666666666,0.4,0.0,efficientnet_b7,conv_weight
features_4_7_block_3_1_bias,bias,1,0,1,0,0,0,0.0,0.0,0.0,1.0,efficientnet_b7,bias
features_4_7_block_3_1_num_batches_tracked,buffer,1,1,0,1,0,0,1.0,0.0,0.0,0.0,efficientnet_b7,buffer
features_4_7_block_3_1_running_mean,buffer,1,1,0,1,0,0,1.0,0.0,0.0,0.0,efficientnet_b7,buffer
features_4_7_block_3_1_running_var,buffer,1,1,0,1,0,0,1.0,0.0,0.0,0.0,efficientnet_b7,buffer
features_4_7_block_3_1_weight,weight,1,0,1,0,0,0,0.0,0.0,0.0,1.0,efficientnet_b7,conv_weight
features_4_8_block_0_0_weight,weight,75,75,0,62,0,13,0.8266666666666667,0.0,0.1733333333333333,0.0,efficientnet_b7,conv_weight
features_4_8_block_0_1_bias,bias,1,0,1,0,0,0,0.0,0.0,0.0,1.0,efficientnet_b7,bias
features_4_8_block_0_1_num_batches_tracked,buffer,1,1,0,1,0,0,1.0,0.0,0.0,0.0,efficientnet_b7,buffer
features_4_8_block_0_1_running_mean,buffer,1,1,0,1,0,0,1.0,0.0,0.0,0.0,efficientnet_b7,buffer
features_4_8_block_0_1_running_var,buffer,1,1,0,0,1,0,0.0,1.0,0.0,0.0,efficientnet_b7,buffer
features_4_8_block_0_1_weight,weight,1,1,0,0,0,1,0.0,0.0,1.0,0.0,efficientnet_b7,conv_weight
features_4_8_block_1_0_weight,weight,5,5,0,2,3,0,0.4,0.6,0.0,0.0,efficientnet_b7,conv_weight
features_4_8_block_1_1_bias,bias,1,0,1,0,0,0,0.0,0.0,0.0,1.0,efficientnet_b7,bias
features_4_8_block_1_1_num_batches_tracked,buffer,1,1,0,1,0,0,1.0,0.0,0.0,0.0,efficientnet_b7,buffer
features_4_8_block_1_1_running_mean,buffer,1,1,0,1,0,0,1.0,0.0,0.0,0.0,efficientnet_b7,buffer
features_4_8_block_1_1_running_var,buffer,1,1,0,1,0,0,1.0,0.0,0.0,0.0,efficientnet_b7,buffer
features_4_8_block_1_1_weight,weight,1,1,0,0,1,0,0.0,1.0,0.0,0.0,efficientnet_b7,conv_weight
features_4_8_block_2_fc1_bias,bias,1,0,1,0,0,0,0.0,0.0,0.0,1.0,efficientnet_b7,bias
features_4_8_block_2_fc1_weight,weight,19,19,0,19,0,0,1.0,0.0,0.0,0.0,efficientnet_b7,mlp_weight
features_4_8_block_2_fc2_bias,bias,1,0,1,0,0,0,0.0,0.0,0.0,1.0,efficientnet_b7,bias
features_4_8_block_2_fc2_weight,weight,19,19,0,19,0,0,1.0,0.0,0.0,0.0,efficientnet_b7,mlp_weight
features_4_8_block_3_0_weight,weight,75,75,0,59,1,15,0.7866666666666666,0.0133333333333333,0.2,0.0,efficientnet_b7,conv_weight
features_4_8_block_3_1_bias,bias,1,0,1,0,0,0,0.0,0.0,0.0,1.0,efficientnet_b7,bias
features_4_8_block_3_1_num_batches_tracked,buffer,1,1,0,1,0,0,1.0,0.0,0.0,0.0,efficientnet_b7,buffer
features_4_8_block_3_1_running_mean,buffer,1,1,0,1,0,0,1.0,0.0,0.0,0.0,efficientnet_b7,buffer
features_4_8_block_3_1_running_var,buffer,1,1,0,1,0,0,1.0,0.0,0.0,0.0,efficientnet_b7,buffer
features_4_8_block_3_1_weight,weight,1,0,1,0,0,0,0.0,0.0,0.0,1.0,efficientnet_b7,conv_weight
features_4_9_block_0_0_weight,weight,75,75,0,62,0,13,0.8266666666666667,0.0,0.1733333333333333,0.0,efficientnet_b7,conv_weight
features_4_9_block_0_1_bias,bias,1,0,1,0,0,0,0.0,0.0,0.0,1.0,efficientnet_b7,bias
features_4_9_block_0_1_num_batches_tracked,buffer,1,1,0,1,0,0,1.0,0.0,0.0,0.0,efficientnet_b7,buffer
features_4_9_block_0_1_running_mean,buffer,1,1,0,1,0,0,1.0,0.0,0.0,0.0,efficientnet_b7,buffer
features_4_9_block_0_1_running_var,buffer,1,1,0,0,1,0,0.0,1.0,0.0,0.0,efficientnet_b7,buffer
features_4_9_block_0_1_weight,weight,1,1,0,0,1,0,0.0,1.0,0.0,0.0,efficientnet_b7,conv_weight
features_4_9_block_1_0_weight,weight,5,5,0,0,5,0,0.0,1.0,0.0,0.0,efficientnet_b7,conv_weight
features_4_9_block_1_1_bias,bias,1,0,1,0,0,0,0.0,0.0,0.0,1.0,efficientnet_b7,bias
features_4_9_block_1_1_num_batches_tracked,buffer,1,1,0,1,0,0,1.0,0.0,0.0,0.0,efficientnet_b7,buffer
features_4_9_block_1_1_running_mean,buffer,1,1,0,1,0,0,1.0,0.0,0.0,0.0,efficientnet_b7,buffer
features_4_9_block_1_1_running_var,buffer,1,1,0,1,0,0,1.0,0.0,0.0,0.0,efficientnet_b7,buffer
features_4_9_block_1_1_weight,weight,1,1,0,0,1,0,0.0,1.0,0.0,0.0,efficientnet_b7,conv_weight
features_4_9_block_2_fc1_bias,bias,1,0,1,0,0,0,0.0,0.0,0.0,1.0,efficientnet_b7,bias
features_4_9_block_2_fc1_weight,weight,19,19,0,19,0,0,1.0,0.0,0.0,0.0,efficientnet_b7,mlp_weight
features_4_9_block_2_fc2_bias,bias,1,0,1,0,0,0,0.0,0.0,0.0,1.0,efficientnet_b7,bias
features_4_9_block_2_fc2_weight,weight,19,19,0,19,0,0,1.0,0.0,0.0,0.0,efficientnet_b7,mlp_weight
features_4_9_block_3_0_weight,weight,75,75,0,23,1,51,0.3066666666666666,0.0133333333333333,0.68,0.0,efficientnet_b7,conv_weight
features_4_9_block_3_1_bias,bias,1,0,1,0,0,0,0.0,0.0,0.0,1.0,efficientnet_b7,bias
features_4_9_block_3_1_num_batches_tracked,buffer,1,1,0,1,0,0,1.0,0.0,0.0,0.0,efficientnet_b7,buffer
features_4_9_block_3_1_running_mean,buffer,1,1,0,1,0,0,1.0,0.0,0.0,0.0,efficientnet_b7,buffer
features_4_9_block_3_1_running_var,buffer,1,1,0,1,0,0,1.0,0.0,0.0,0.0,efficientnet_b7,buffer
features_4_9_block_3_1_weight,weight,1,0,1,0,0,0,0.0,0.0,0.0,1.0,efficientnet_b7,conv_weight
features_5_0_block_0_0_weight,weight,75,75,0,75,0,0,1.0,0.0,0.0,0.0,efficientnet_b7,conv_weight
features_5_0_block_0_1_bias,bias,1,0,1,0,0,0,0.0,0.0,0.0,1.0,efficientnet_b7,bias
features_5_0_block_0_1_num_batches_tracked,buffer,1,1,0,1,0,0,1.0,0.0,0.0,0.0,efficientnet_b7,buffer
features_5_0_block_0_1_running_mean,buffer,1,1,0,1,0,0,1.0,0.0,0.0,0.0,efficientnet_b7,buffer
features_5_0_block_0_1_running_var,buffer,1,1,0,0,1,0,0.0,1.0,0.0,0.0,efficientnet_b7,buffer
features_5_0_block_0_1_weight,weight,1,1,0,0,1,0,0.0,1.0,0.0,0.0,efficientnet_b7,conv_weight
features_5_0_block_1_0_weight,weight,12,12,0,12,0,0,1.0,0.0,0.0,0.0,efficientnet_b7,conv_weight
features_5_0_block_1_1_bias,bias,1,0,1,0,0,0,0.0,0.0,0.0,1.0,efficientnet_b7,bias
features_5_0_block_1_1_num_batches_tracked,buffer,1,1,0,1,0,0,1.0,0.0,0.0,0.0,efficientnet_b7,buffer
features_5_0_block_1_1_running_mean,buffer,1,1,0,1,0,0,1.0,0.0,0.0,0.0,efficientnet_b7,buffer
features_5_0_block_1_1_running_var,buffer,1,1,0,1,0,0,1.0,0.0,0.0,0.0,efficientnet_b7,buffer
features_5_0_block_1_1_weight,weight,1,1,0,0,1,0,0.0,1.0,0.0,0.0,efficientnet_b7,conv_weight
features_5_0_block_2_fc1_bias,bias,1,0,1,0,0,0,0.0,0.0,0.0,1.0,efficientnet_b7,bias
features_5_0_block_2_fc1_weight,weight,19,19,0,5,0,14,0.2631578947368421,0.0,0.7368421052631579,0.0,efficientnet_b7,mlp_weight
features_5_0_block_2_fc2_bias,bias,1,0,1,0,0,0,0.0,0.0,0.0,1.0,efficientnet_b7,bias
features_5_0_block_2_fc2_weight,weight,19,19,0,1,1,17,0.0526315789473684,0.0526315789473684,0.8947368421052632,0.0,efficientnet_b7,mlp_weight
features_5_0_block_3_0_weight,weight,105,105,0,96,9,0,0.9142857142857144,0.0857142857142857,0.0,0.0,efficientnet_b7,conv_weight
features_5_0_block_3_1_bias,bias,1,0,1,0,0,0,0.0,0.0,0.0,1.0,efficientnet_b7,bias
features_5_0_block_3_1_num_batches_tracked,buffer,1,1,0,1,0,0,1.0,0.0,0.0,0.0,efficientnet_b7,buffer
features_5_0_block_3_1_running_mean,buffer,1,1,0,1,0,0,1.0,0.0,0.0,0.0,efficientnet_b7,buffer
features_5_0_block_3_1_running_var,buffer,1,1,0,0,1,0,0.0,1.0,0.0,0.0,efficientnet_b7,buffer
features_5_0_block_3_1_weight,weight,1,1,0,0,1,0,0.0,1.0,0.0,0.0,efficientnet_b7,conv_weight
features_5_1_block_0_0_weight,weight,147,147,0,145,2,0,0.9863945578231292,0.0136054421768707,0.0,0.0,efficientnet_b7,conv_weight
features_5_1_block_0_1_bias,bias,1,0,1,0,0,0,0.0,0.0,0.0,1.0,efficientnet_b7,bias
features_5_1_block_0_1_num_batches_tracked,buffer,1,1,0,1,0,0,1.0,0.0,0.0,0.0,efficientnet_b7,buffer
features_5_1_block_0_1_running_mean,buffer,1,1,0,1,0,0,1.0,0.0,0.0,0.0,efficientnet_b7,buffer
features_5_1_block_0_1_running_var,buffer,1,1,0,0,1,0,0.0,1.0,0.0,0.0,efficientnet_b7,buffer
features_5_1_block_0_1_weight,weight,1,1,0,0,1,0,0.0,1.0,0.0,0.0,efficientnet_b7,conv_weight
features_5_1_block_1_0_weight,weight,17,17,0,11,6,0,0.6470588235294118,0.3529411764705882,0.0,0.0,efficientnet_b7,conv_weight
features_5_1_block_1_1_bias,bias,1,0,1,0,0,0,0.0,0.0,0.0,1.0,efficientnet_b7,bias
features_5_1_block_1_1_num_batches_tracked,buffer,1,1,0,1,0,0,1.0,0.0,0.0,0.0,efficientnet_b7,buffer
features_5_1_block_1_1_running_mean,buffer,1,1,0,1,0,0,1.0,0.0,0.0,0.0,efficientnet_b7,buffer
features_5_1_block_1_1_running_var,buffer,1,1,0,1,0,0,1.0,0.0,0.0,0.0,efficientnet_b7,buffer
features_5_1_block_1_1_weight,weight,1,1,0,0,1,0,0.0,1.0,0.0,0.0,efficientnet_b7,conv_weight
features_5_1_block_2_fc1_bias,bias,1,0,1,0,0,0,0.0,0.0,0.0,1.0,efficientnet_b7,bias
features_5_1_block_2_fc1_weight,weight,37,37,0,33,3,1,0.8918918918918919,0.081081081081081,0.027027027027027,0.0,efficientnet_b7,mlp_weight
features_5_1_block_2_fc2_bias,bias,1,0,1,0,0,0,0.0,0.0,0.0,1.0,efficientnet_b7,bias
features_5_1_block_2_fc2_weight,weight,37,37,0,4,0,33,0.1081081081081081,0.0,0.8918918918918919,0.0,efficientnet_b7,mlp_weight
features_5_1_block_3_0_weight,weight,147,147,0,127,16,4,0.8639455782312925,0.1088435374149659,0.0272108843537414,0.0,efficientnet_b7,conv_weight
features_5_1_block_3_1_bias,bias,1,0,1,0,0,0,0.0,0.0,0.0,1.0,efficientnet_b7,bias
features_5_1_block_3_1_num_batches_tracked,buffer,1,1,0,1,0,0,1.0,0.0,0.0,0.0,efficientnet_b7,buffer
features_5_1_block_3_1_running_mean,buffer,1,1,0,1,0,0,1.0,0.0,0.0,0.0,efficientnet_b7,buffer
features_5_1_block_3_1_running_var,buffer,1,1,0,1,0,0,1.0,0.0,0.0,0.0,efficientnet_b7,buffer
features_5_1_block_3_1_weight,weight,1,1,0,0,1,0,0.0,1.0,0.0,0.0,efficientnet_b7,conv_weight
features_5_2_block_0_0_weight,weight,147,147,0,143,4,0,0.9727891156462584,0.0272108843537414,0.0,0.0,efficientnet_b7,conv_weight
features_5_2_block_0_1_bias,bias,1,0,1,0,0,0,0.0,0.0,0.0,1.0,efficientnet_b7,bias
features_5_2_block_0_1_num_batches_tracked,buffer,1,1,0,1,0,0,1.0,0.0,0.0,0.0,efficientnet_b7,buffer
features_5_2_block_0_1_running_mean,buffer,1,1,0,1,0,0,1.0,0.0,0.0,0.0,efficientnet_b7,buffer
features_5_2_block_0_1_running_var,buffer,1,1,0,0,1,0,0.0,1.0,0.0,0.0,efficientnet_b7,buffer
features_5_2_block_0_1_weight,weight,1,1,0,0,1,0,0.0,1.0,0.0,0.0,efficientnet_b7,conv_weight
features_5_2_block_1_0_weight,weight,17,17,0,11,6,0,0.6470588235294118,0.3529411764705882,0.0,0.0,efficientnet_b7,conv_weight
features_5_2_block_1_1_bias,bias,1,0,1,0,0,0,0.0,0.0,0.0,1.0,efficientnet_b7,bias
features_5_2_block_1_1_num_batches_tracked,buffer,1,1,0,1,0,0,1.0,0.0,0.0,0.0,efficientnet_b7,buffer
features_5_2_block_1_1_running_mean,buffer,1,1,0,1,0,0,1.0,0.0,0.0,0.0,efficientnet_b7,buffer
features_5_2_block_1_1_running_var,buffer,1,1,0,1,0,0,1.0,0.0,0.0,0.0,efficientnet_b7,buffer
features_5_2_block_1_1_weight,weight,1,1,0,0,1,0,0.0,1.0,0.0,0.0,efficientnet_b7,conv_weight
features_5_2_block_2_fc1_bias,bias,1,0,1,0,0,0,0.0,0.0,0.0,1.0,efficientnet_b7,bias
features_5_2_block_2_fc1_weight,weight,37,37,0,36,0,1,0.972972972972973,0.0,0.027027027027027,0.0,efficientnet_b7,mlp_weight
features_5_2_block_2_fc2_bias,bias,1,0,1,0,0,0,0.0,0.0,0.0,1.0,efficientnet_b7,bias
features_5_2_block_2_fc2_weight,weight,37,37,0,6,0,31,0.1621621621621621,0.0,0.8378378378378378,0.0,efficientnet_b7,mlp_weight
features_5_2_block_3_0_weight,weight,147,147,0,127,11,9,0.8639455782312925,0.0748299319727891,0.0612244897959183,0.0,efficientnet_b7,conv_weight
features_5_2_block_3_1_bias,bias,1,0,1,0,0,0,0.0,0.0,0.0,1.0,efficientnet_b7,bias
features_5_2_block_3_1_num_batches_tracked,buffer,1,1,0,1,0,0,1.0,0.0,0.0,0.0,efficientnet_b7,buffer
features_5_2_block_3_1_running_mean,buffer,1,1,0,1,0,0,1.0,0.0,0.0,0.0,efficientnet_b7,buffer
features_5_2_block_3_1_running_var,buffer,1,1,0,1,0,0,1.0,0.0,0.0,0.0,efficientnet_b7,buffer
features_5_2_block_3_1_weight,weight,1,1,0,0,1,0,0.0,1.0,0.0,0.0,efficientnet_b7,conv_weight
features_5_3_block_0_0_weight,weight,147,147,0,146,1,0,0.9931972789115646,0.0068027210884353,0.0,0.0,efficientnet_b7,conv_weight
features_5_3_block_0_1_bias,bias,1,0,1,0,0,0,0.0,0.0,0.0,1.0,efficientnet_b7,bias
features_5_3_block_0_1_num_batches_tracked,buffer,1,1,0,1,0,0,1.0,0.0,0.0,0.0,efficientnet_b7,buffer
features_5_3_block_0_1_running_mean,buffer,1,1,0,1,0,0,1.0,0.0,0.0,0.0,efficientnet_b7,buffer
features_5_3_block_0_1_running_var,buffer,1,1,0,0,1,0,0.0,1.0,0.0,0.0,efficientnet_b7,buffer
features_5_3_block_0_1_weight,weight,1,1,0,0,0,1,0.0,0.0,1.0,0.0,efficientnet_b7,conv_weight
features_5_3_block_1_0_weight,weight,17,17,0,13,4,0,0.7647058823529411,0.2352941176470588,0.0,0.0,efficientnet_b7,conv_weight
features_5_3_block_1_1_bias,bias,1,0,1,0,0,0,0.0,0.0,0.0,1.0,efficientnet_b7,bias
features_5_3_block_1_1_num_batches_tracked,buffer,1,1,0,1,0,0,1.0,0.0,0.0,0.0,efficientnet_b7,buffer
features_5_3_block_1_1_running_mean,buffer,1,1,0,1,0,0,1.0,0.0,0.0,0.0,efficientnet_b7,buffer
features_5_3_block_1_1_running_var,buffer,1,1,0,1,0,0,1.0,0.0,0.0,0.0,efficientnet_b7,buffer
features_5_3_block_1_1_weight,weight,1,1,0,0,1,0,0.0,1.0,0.0,0.0,efficientnet_b7,conv_weight
features_5_3_block_2_fc1_bias,bias,1,0,1,0,0,0,0.0,0.0,0.0,1.0,efficientnet_b7,bias
features_5_3_block_2_fc1_weight,weight,37,37,0,37,0,0,1.0,0.0,0.0,0.0,efficientnet_b7,mlp_weight
features_5_3_block_2_fc2_bias,bias,1,0,1,0,0,0,0.0,0.0,0.0,1.0,efficientnet_b7,bias
features_5_3_block_2_fc2_weight,weight,37,37,0,37,0,0,1.0,0.0,0.0,0.0,efficientnet_b7,mlp_weight
features_5_3_block_3_0_weight,weight,147,147,0,119,10,18,0.8095238095238095,0.0680272108843537,0.1224489795918367,0.0,efficientnet_b7,conv_weight
features_5_3_block_3_1_bias,bias,1,0,1,0,0,0,0.0,0.0,0.0,1.0,efficientnet_b7,bias
features_5_3_block_3_1_num_batches_tracked,buffer,1,1,0,1,0,0,1.0,0.0,0.0,0.0,efficientnet_b7,buffer
features_5_3_block_3_1_running_mean,buffer,1,1,0,1,0,0,1.0,0.0,0.0,0.0,efficientnet_b7,buffer
features_5_3_block_3_1_running_var,buffer,1,1,0,1,0,0,1.0,0.0,0.0,0.0,efficientnet_b7,buffer
features_5_3_block_3_1_weight,weight,1,1,0,0,1,0,0.0,1.0,0.0,0.0,efficientnet_b7,conv_weight
features_5_4_block_0_0_weight,weight,147,147,0,136,0,11,0.9251700680272108,0.0,0.0748299319727891,0.0,efficientnet_b7,conv_weight
features_5_4_block_0_1_bias,bias,1,0,1,0,0,0,0.0,0.0,0.0,1.0,efficientnet_b7,bias
features_5_4_block_0_1_num_batches_tracked,buffer,1,1,0,1,0,0,1.0,0.0,0.0,0.0,efficientnet_b7,buffer
features_5_4_block_0_1_running_mean,buffer,1,1,0,1,0,0,1.0,0.0,0.0,0.0,efficientnet_b7,buffer
features_5_4_block_0_1_running_var,buffer,1,1,0,0,1,0,0.0,1.0,0.0,0.0,efficientnet_b7,buffer
features_5_4_block_0_1_weight,weight,1,1,0,0,1,0,0.0,1.0,0.0,0.0,efficientnet_b7,conv_weight
features_5_4_block_1_0_weight,weight,17,17,0,13,4,0,0.7647058823529411,0.2352941176470588,0.0,0.0,efficientnet_b7,conv_weight
features_5_4_block_1_1_bias,bias,1,0,1,0,0,0,0.0,0.0,0.0,1.0,efficientnet_b7,bias
features_5_4_block_1_1_num_batches_tracked,buffer,1,1,0,1,0,0,1.0,0.0,0.0,0.0,efficientnet_b7,buffer
features_5_4_block_1_1_running_mean,buffer,1,1,0,1,0,0,1.0,0.0,0.0,0.0,efficientnet_b7,buffer
features_5_4_block_1_1_running_var,buffer,1,1,0,1,0,0,1.0,0.0,0.0,0.0,efficientnet_b7,buffer
features_5_4_block_1_1_weight,weight,1,1,0,0,1,0,0.0,1.0,0.0,0.0,efficientnet_b7,conv_weight
features_5_4_block_2_fc1_bias,bias,1,1,0,1,0,0,1.0,0.0,0.0,0.0,efficientnet_b7,bias
features_5_4_block_2_fc1_weight,weight,37,37,0,37,0,0,1.0,0.0,0.0,0.0,efficientnet_b7,mlp_weight
features_5_4_block_2_fc2_bias,bias,1,0,1,0,0,0,0.0,0.0,0.0,1.0,efficientnet_b7,bias
features_5_4_block_2_fc2_weight,weight,37,37,0,37,0,0,1.0,0.0,0.0,0.0,efficientnet_b7,mlp_weight
features_5_4_block_3_0_weight,weight,147,147,0,104,7,36,0.7074829931972789,0.0476190476190476,0.2448979591836734,0.0,efficientnet_b7,conv_weight
features_5_4_block_3_1_bias,bias,1,0,1,0,0,0,0.0,0.0,0.0,1.0,efficientnet_b7,bias
features_5_4_block_3_1_num_batches_tracked,buffer,1,1,0,1,0,0,1.0,0.0,0.0,0.0,efficientnet_b7,buffer
features_5_4_block_3_1_running_mean,buffer,1,1,0,1,0,0,1.0,0.0,0.0,0.0,efficientnet_b7,buffer
features_5_4_block_3_1_running_var,buffer,1,1,0,1,0,0,1.0,0.0,0.0,0.0,efficientnet_b7,buffer
features_5_4_block_3_1_weight,weight,1,1,0,0,1,0,0.0,1.0,0.0,0.0,efficientnet_b7,conv_weight
features_5_5_block_0_0_weight,weight,147,147,0,138,1,8,0.9387755102040816,0.0068027210884353,0.0544217687074829,0.0,efficientnet_b7,conv_weight
features_5_5_block_0_1_bias,bias,1,0,1,0,0,0,0.0,0.0,0.0,1.0,efficientnet_b7,bias
features_5_5_block_0_1_num_batches_tracked,buffer,1,1,0,1,0,0,1.0,0.0,0.0,0.0,efficientnet_b7,buffer
features_5_5_block_0_1_running_mean,buffer,1,1,0,1,0,0,1.0,0.0,0.0,0.0,efficientnet_b7,buffer
features_5_5_block_0_1_running_var,buffer,1,1,0,0,1,0,0.0,1.0,0.0,0.0,efficientnet_b7,buffer
features_5_5_block_0_1_weight,weight,1,1,0,0,1,0,0.0,1.0,0.0,0.0,efficientnet_b7,conv_weight
features_5_5_block_1_0_weight,weight,17,17,0,10,7,0,0.5882352941176471,0.4117647058823529,0.0,0.0,efficientnet_b7,conv_weight
features_5_5_block_1_1_bias,bias,1,0,1,0,0,0,0.0,0.0,0.0,1.0,efficientnet_b7,bias
features_5_5_block_1_1_num_batches_tracked,buffer,1,1,0,1,0,0,1.0,0.0,0.0,0.0,efficientnet_b7,buffer
features_5_5_block_1_1_running_mean,buffer,1,1,0,1,0,0,1.0,0.0,0.0,0.0,efficientnet_b7,buffer
features_5_5_block_1_1_running_var,buffer,1,1,0,1,0,0,1.0,0.0,0.0,0.0,efficientnet_b7,buffer
features_5_5_block_1_1_weight,weight,1,1,0,0,1,0,0.0,1.0,0.0,0.0,efficientnet_b7,conv_weight
features_5_5_block_2_fc1_bias,bias,1,0,1,0,0,0,0.0,0.0,0.0,1.0,efficientnet_b7,bias
features_5_5_block_2_fc1_weight,weight,37,37,0,36,0,1,0.972972972972973,0.0,0.027027027027027,0.0,efficientnet_b7,mlp_weight
features_5_5_block_2_fc2_bias,bias,1,0,1,0,0,0,0.0,0.0,0.0,1.0,efficientnet_b7,bias
features_5_5_block_2_fc2_weight,weight,37,37,0,37,0,0,1.0,0.0,0.0,0.0,efficientnet_b7,mlp_weight
features_5_5_block_3_0_weight,weight,147,147,0,101,6,40,0.6870748299319728,0.0408163265306122,0.272108843537415,0.0,efficientnet_b7,conv_weight
features_5_5_block_3_1_bias,bias,1,0,1,0,0,0,0.0,0.0,0.0,1.0,efficientnet_b7,bias
features_5_5_block_3_1_num_batches_tracked,buffer,1,1,0,1,0,0,1.0,0.0,0.0,0.0,efficientnet_b7,buffer
features_5_5_block_3_1_running_mean,buffer,1,1,0,1,0,0,1.0,0.0,0.0,0.0,efficientnet_b7,buffer
features_5_5_block_3_1_running_var,buffer,1,1,0,1,0,0,1.0,0.0,0.0,0.0,efficientnet_b7,buffer
features_5_5_block_3_1_weight,weight,1,1,0,0,1,0,0.0,1.0,0.0,0.0,efficientnet_b7,conv_weight
features_5_6_block_0_0_weight,weight,147,147,0,138,1,8,0.9387755102040816,0.0068027210884353,0.0544217687074829,0.0,efficientnet_b7,conv_weight
features_5_6_block_0_1_bias,bias,1,0,1,0,0,0,0.0,0.0,0.0,1.0,efficientnet_b7,bias
features_5_6_block_0_1_num_batches_tracked,buffer,1,1,0,1,0,0,1.0,0.0,0.0,0.0,efficientnet_b7,buffer
features_5_6_block_0_1_running_mean,buffer,1,1,0,1,0,0,1.0,0.0,0.0,0.0,efficientnet_b7,buffer
features_5_6_block_0_1_running_var,buffer,1,1,0,0,1,0,0.0,1.0,0.0,0.0,efficientnet_b7,buffer
features_5_6_block_0_1_weight,weight,1,1,0,0,0,1,0.0,0.0,1.0,0.0,efficientnet_b7,conv_weight
features_5_6_block_1_0_weight,weight,17,17,0,8,9,0,0.4705882352941176,0.5294117647058824,0.0,0.0,efficientnet_b7,conv_weight
features_5_6_block_1_1_bias,bias,1,0,1,0,0,0,0.0,0.0,0.0,1.0,efficientnet_b7,bias
features_5_6_block_1_1_num_batches_tracked,buffer,1,1,0,1,0,0,1.0,0.0,0.0,0.0,efficientnet_b7,buffer
features_5_6_block_1_1_running_mean,buffer,1,1,0,1,0,0,1.0,0.0,0.0,0.0,efficientnet_b7,buffer
features_5_6_block_1_1_running_var,buffer,1,1,0,1,0,0,1.0,0.0,0.0,0.0,efficientnet_b7,buffer
features_5_6_block_1_1_weight,weight,1,1,0,0,1,0,0.0,1.0,0.0,0.0,efficientnet_b7,conv_weight
features_5_6_block_2_fc1_bias,bias,1,0,1,0,0,0,0.0,0.0,0.0,1.0,efficientnet_b7,bias
features_5_6_block_2_fc1_weight,weight,37,37,0,37,0,0,1.0,0.0,0.0,0.0,efficientnet_b7,mlp_weight
features_5_6_block_2_fc2_bias,bias,1,0,1,0,0,0,0.0,0.0,0.0,1.0,efficientnet_b7,bias
features_5_6_block_2_fc2_weight,weight,37,37,0,37,0,0,1.0,0.0,0.0,0.0,efficientnet_b7,mlp_weight
features_5_6_block_3_0_weight,weight,147,147,0,102,4,41,0.6938775510204082,0.0272108843537414,0.2789115646258503,0.0,efficientnet_b7,conv_weight
features_5_6_block_3_1_bias,bias,1,0,1,0,0,0,0.0,0.0,0.0,1.0,efficientnet_b7,bias
features_5_6_block_3_1_num_batches_tracked,buffer,1,1,0,1,0,0,1.0,0.0,0.0,0.0,efficientnet_b7,buffer
features_5_6_block_3_1_running_mean,buffer,1,1,0,1,0,0,1.0,0.0,0.0,0.0,efficientnet_b7,buffer
features_5_6_block_3_1_running_var,buffer,1,1,0,1,0,0,1.0,0.0,0.0,0.0,efficientnet_b7,buffer
features_5_6_block_3_1_weight,weight,1,1,0,0,1,0,0.0,1.0,0.0,0.0,efficientnet_b7,conv_weight
features_5_7_block_0_0_weight,weight,147,147,0,123,0,24,0.8367346938775511,0.0,0.1632653061224489,0.0,efficientnet_b7,conv_weight
features_5_7_block_0_1_bias,bias,1,0,1,0,0,0,0.0,0.0,0.0,1.0,efficientnet_b7,bias
features_5_7_block_0_1_num_batches_tracked,buffer,1,1,0,1,0,0,1.0,0.0,0.0,0.0,efficientnet_b7,buffer
features_5_7_block_0_1_running_mean,buffer,1,1,0,1,0,0,1.0,0.0,0.0,0.0,efficientnet_b7,buffer
features_5_7_block_0_1_running_var,buffer,1,1,0,0,1,0,0.0,1.0,0.0,0.0,efficientnet_b7,buffer
features_5_7_block_0_1_weight,weight,1,1,0,0,0,1,0.0,0.0,1.0,0.0,efficientnet_b7,conv_weight
features_5_7_block_1_0_weight,weight,17,17,0,9,8,0,0.5294117647058824,0.4705882352941176,0.0,0.0,efficientnet_b7,conv_weight
features_5_7_block_1_1_bias,bias,1,0,1,0,0,0,0.0,0.0,0.0,1.0,efficientnet_b7,bias
features_5_7_block_1_1_num_batches_tracked,buffer,1,1,0,1,0,0,1.0,0.0,0.0,0.0,efficientnet_b7,buffer
features_5_7_block_1_1_running_mean,buffer,1,1,0,1,0,0,1.0,0.0,0.0,0.0,efficientnet_b7,buffer
features_5_7_block_1_1_running_var,buffer,1,1,0,1,0,0,1.0,0.0,0.0,0.0,efficientnet_b7,buffer
features_5_7_block_1_1_weight,weight,1,1,0,0,1,0,0.0,1.0,0.0,0.0,efficientnet_b7,conv_weight
features_5_7_block_2_fc1_bias,bias,1,1,0,1,0,0,1.0,0.0,0.0,0.0,efficientnet_b7,bias
features_5_7_block_2_fc1_weight,weight,37,37,0,34,1,2,0.918918918918919,0.027027027027027,0.054054054054054,0.0,efficientnet_b7,mlp_weight
features_5_7_block_2_fc2_bias,bias,1,0,1,0,0,0,0.0,0.0,0.0,1.0,efficientnet_b7,bias
features_5_7_block_2_fc2_weight,weight,37,37,0,37,0,0,1.0,0.0,0.0,0.0,efficientnet_b7,mlp_weight
features_5_7_block_3_0_weight,weight,147,147,0,95,6,46,0.6462585034013606,0.0408163265306122,0.3129251700680272,0.0,efficientnet_b7,conv_weight
features_5_7_block_3_1_bias,bias,1,0,1,0,0,0,0.0,0.0,0.0,1.0,efficientnet_b7,bias
features_5_7_block_3_1_num_batches_tracked,buffer,1,1,0,1,0,0,1.0,0.0,0.0,0.0,efficientnet_b7,buffer
features_5_7_block_3_1_running_mean,buffer,1,1,0,1,0,0,1.0,0.0,0.0,0.0,efficientnet_b7,buffer
features_5_7_block_3_1_running_var,buffer,1,1,0,1,0,0,1.0,0.0,0.0,0.0,efficientnet_b7,buffer
features_5_7_block_3_1_weight,weight,1,1,0,0,1,0,0.0,1.0,0.0,0.0,efficientnet_b7,conv_weight
features_5_8_block_0_0_weight,weight,147,147,0,108,0,39,0.7346938775510204,0.0,0.2653061224489796,0.0,efficientnet_b7,conv_weight
features_5_8_block_0_1_bias,bias,1,0,1,0,0,0,0.0,0.0,0.0,1.0,efficientnet_b7,bias
features_5_8_block_0_1_num_batches_tracked,buffer,1,1,0,1,0,0,1.0,0.0,0.0,0.0,efficientnet_b7,buffer
features_5_8_block_0_1_running_mean,buffer,1,1,0,1,0,0,1.0,0.0,0.0,0.0,efficientnet_b7,buffer
features_5_8_block_0_1_running_var,buffer,1,1,0,0,1,0,0.0,1.0,0.0,0.0,efficientnet_b7,buffer
features_5_8_block_0_1_weight,weight,1,1,0,0,0,1,0.0,0.0,1.0,0.0,efficientnet_b7,conv_weight
features_5_8_block_1_0_weight,weight,17,17,0,2,15,0,0.1176470588235294,0.8823529411764706,0.0,0.0,efficientnet_b7,conv_weight
features_5_8_block_1_1_bias,bias,1,0,1,0,0,0,0.0,0.0,0.0,1.0,efficientnet_b7,bias
features_5_8_block_1_1_num_batches_tracked,buffer,1,1,0,1,0,0,1.0,0.0,0.0,0.0,efficientnet_b7,buffer
features_5_8_block_1_1_running_mean,buffer,1,1,0,1,0,0,1.0,0.0,0.0,0.0,efficientnet_b7,buffer
features_5_8_block_1_1_running_var,buffer,1,1,0,1,0,0,1.0,0.0,0.0,0.0,efficientnet_b7,buffer
features_5_8_block_1_1_weight,weight,1,1,0,0,1,0,0.0,1.0,0.0,0.0,efficientnet_b7,conv_weight
features_5_8_block_2_fc1_bias,bias,1,0,1,0,0,0,0.0,0.0,0.0,1.0,efficientnet_b7,bias
features_5_8_block_2_fc1_weight,weight,37,37,0,37,0,0,1.0,0.0,0.0,0.0,efficientnet_b7,mlp_weight
features_5_8_block_2_fc2_bias,bias,1,0,1,0,0,0,0.0,0.0,0.0,1.0,efficientnet_b7,bias
features_5_8_block_2_fc2_weight,weight,37,37,0,37,0,0,1.0,0.0,0.0,0.0,efficientnet_b7,mlp_weight
features_5_8_block_3_0_weight,weight,147,147,0,81,10,56,0.5510204081632653,0.0680272108843537,0.3809523809523809,0.0,efficientnet_b7,conv_weight
features_5_8_block_3_1_bias,bias,1,0,1,0,0,0,0.0,0.0,0.0,1.0,efficientnet_b7,bias
features_5_8_block_3_1_num_batches_tracked,buffer,1,1,0,1,0,0,1.0,0.0,0.0,0.0,efficientnet_b7,buffer
features_5_8_block_3_1_running_mean,buffer,1,1,0,1,0,0,1.0,0.0,0.0,0.0,efficientnet_b7,buffer
features_5_8_block_3_1_running_var,buffer,1,1,0,1,0,0,1.0,0.0,0.0,0.0,efficientnet_b7,buffer
features_5_8_block_3_1_weight,weight,1,1,0,0,1,0,0.0,1.0,0.0,0.0,efficientnet_b7,conv_weight
features_5_9_block_0_0_weight,weight,147,147,0,128,0,19,0.8707482993197279,0.0,0.1292517006802721,0.0,efficientnet_b7,conv_weight
features_5_9_block_0_1_bias,bias,1,0,1,0,0,0,0.0,0.0,0.0,1.0,efficientnet_b7,bias
features_5_9_block_0_1_num_batches_tracked,buffer,1,1,0,1,0,0,1.0,0.0,0.0,0.0,efficientnet_b7,buffer
features_5_9_block_0_1_running_mean,buffer,1,1,0,1,0,0,1.0,0.0,0.0,0.0,efficientnet_b7,buffer
features_5_9_block_0_1_running_var,buffer,1,1,0,0,1,0,0.0,1.0,0.0,0.0,efficientnet_b7,buffer
features_5_9_block_0_1_weight,weight,1,1,0,0,0,1,0.0,0.0,1.0,0.0,efficientnet_b7,conv_weight
features_5_9_block_1_0_weight,weight,17,17,0,3,14,0,0.1764705882352941,0.8235294117647058,0.0,0.0,efficientnet_b7,conv_weight
features_5_9_block_1_1_bias,bias,1,0,1,0,0,0,0.0,0.0,0.0,1.0,efficientnet_b7,bias
features_5_9_block_1_1_num_batches_tracked,buffer,1,1,0,1,0,0,1.0,0.0,0.0,0.0,efficientnet_b7,buffer
features_5_9_block_1_1_running_mean,buffer,1,1,0,1,0,0,1.0,0.0,0.0,0.0,efficientnet_b7,buffer
features_5_9_block_1_1_running_var,buffer,1,1,0,1,0,0,1.0,0.0,0.0,0.0,efficientnet_b7,buffer
features_5_9_block_1_1_weight,weight,1,1,0,0,1,0,0.0,1.0,0.0,0.0,efficientnet_b7,conv_weight
features_5_9_block_2_fc1_bias,bias,1,1,0,0,0,1,0.0,0.0,1.0,0.0,efficientnet_b7,bias
features_5_9_block_2_fc1_weight,weight,37,37,0,36,0,1,0.972972972972973,0.0,0.027027027027027,0.0,efficientnet_b7,mlp_weight
features_5_9_block_2_fc2_bias,bias,1,0,1,0,0,0,0.0,0.0,0.0,1.0,efficientnet_b7,bias
features_5_9_block_2_fc2_weight,weight,37,37,0,37,0,0,1.0,0.0,0.0,0.0,efficientnet_b7,mlp_weight
features_5_9_block_3_0_weight,weight,147,147,0,93,9,45,0.6326530612244898,0.0612244897959183,0.3061224489795918,0.0,efficientnet_b7,conv_weight
features_5_9_block_3_1_bias,bias,1,0,1,0,0,0,0.0,0.0,0.0,1.0,efficientnet_b7,bias
features_5_9_block_3_1_num_batches_tracked,buffer,1,1,0,1,0,0,1.0,0.0,0.0,0.0,efficientnet_b7,buffer
features_5_9_block_3_1_running_mean,buffer,1,1,0,1,0,0,1.0,0.0,0.0,0.0,efficientnet_b7,buffer
features_5_9_block_3_1_running_var,buffer,1,1,0,1,0,0,1.0,0.0,0.0,0.0,efficientnet_b7,buffer
features_5_9_block_3_1_weight,weight,1,0,1,0,0,0,0.0,0.0,0.0,1.0,efficientnet_b7,conv_weight
features_6_0_block_0_0_weight,weight,147,147,0,146,1,0,0.9931972789115646,0.0068027210884353,0.0,0.0,efficientnet_b7,conv_weight
features_6_0_block_0_1_bias,bias,1,0,1,0,0,0,0.0,0.0,0.0,1.0,efficientnet_b7,bias
features_6_0_block_0_1_num_batches_tracked,buffer,1,1,0,1,0,0,1.0,0.0,0.0,0.0,efficientnet_b7,buffer
features_6_0_block_0_1_running_mean,buffer,1,1,0,1,0,0,1.0,0.0,0.0,0.0,efficientnet_b7,buffer
features_6_0_block_0_1_running_var,buffer,1,1,0,0,0,1,0.0,0.0,1.0,0.0,efficientnet_b7,buffer
features_6_0_block_0_1_weight,weight,1,1,0,0,1,0,0.0,1.0,0.0,0.0,efficientnet_b7,conv_weight
features_6_0_block_1_0_weight,weight,17,10,7,0,0,10,0.0,0.0,1.0,0.4117647058823529,efficientnet_b7,conv_weight
features_6_0_block_1_1_bias,bias,1,0,1,0,0,0,0.0,0.0,0.0,1.0,efficientnet_b7,bias
features_6_0_block_1_1_num_batches_tracked,buffer,1,1,0,1,0,0,1.0,0.0,0.0,0.0,efficientnet_b7,buffer
features_6_0_block_1_1_running_mean,buffer,1,1,0,1,0,0,1.0,0.0,0.0,0.0,efficientnet_b7,buffer
features_6_0_block_1_1_running_var,buffer,1,1,0,1,0,0,1.0,0.0,0.0,0.0,efficientnet_b7,buffer
features_6_0_block_1_1_weight,weight,1,1,0,0,1,0,0.0,1.0,0.0,0.0,efficientnet_b7,conv_weight
features_6_0_block_2_fc1_bias,bias,1,0,1,0,0,0,0.0,0.0,0.0,1.0,efficientnet_b7,bias
features_6_0_block_2_fc1_weight,weight,37,37,0,4,0,33,0.1081081081081081,0.0,0.8918918918918919,0.0,efficientnet_b7,mlp_weight
features_6_0_block_2_fc2_bias,bias,1,0,1,0,0,0,0.0,0.0,0.0,1.0,efficientnet_b7,bias
features_6_0_block_2_fc2_weight,weight,37,37,0,16,1,20,0.4324324324324324,0.027027027027027,0.5405405405405406,0.0,efficientnet_b7,mlp_weight
features_6_0_block_3_0_weight,weight,252,252,0,236,16,0,0.9365079365079364,0.0634920634920634,0.0,0.0,efficientnet_b7,conv_weight
features_6_0_block_3_1_bias,bias,1,0,1,0,0,0,0.0,0.0,0.0,1.0,efficientnet_b7,bias
features_6_0_block_3_1_num_batches_tracked,buffer,1,1,0,1,0,0,1.0,0.0,0.0,0.0,efficientnet_b7,buffer
features_6_0_block_3_1_running_mean,buffer,1,1,0,1,0,0,1.0,0.0,0.0,0.0,efficientnet_b7,buffer
features_6_0_block_3_1_running_var,buffer,1,1,0,1,0,0,1.0,0.0,0.0,0.0,efficientnet_b7,buffer
features_6_0_block_3_1_weight,weight,1,1,0,0,1,0,0.0,1.0,0.0,0.0,efficientnet_b7,conv_weight
features_6_10_block_0_0_weight,weight,432,432,0,414,0,18,0.9583333333333334,0.0,0.0416666666666666,0.0,efficientnet_b7,conv_weight
features_6_10_block_0_1_bias,bias,2,0,2,0,0,0,0.0,0.0,0.0,1.0,efficientnet_b7,bias
features_6_10_block_0_1_num_batches_tracked,buffer,1,1,0,1,0,0,1.0,0.0,0.0,0.0,efficientnet_b7,buffer
features_6_10_block_0_1_running_mean,buffer,2,2,0,2,0,0,1.0,0.0,0.0,0.0,efficientnet_b7,buffer
features_6_10_block_0_1_running_var,buffer,2,2,0,0,2,0,0.0,1.0,0.0,0.0,efficientnet_b7,buffer
features_6_10_block_0_1_weight,weight,2,2,0,0,2,0,0.0,1.0,0.0,0.0,efficientnet_b7,conv_weight
features_6_10_block_1_0_weight,weight,29,29,0,1,14,14,0.0344827586206896,0.4827586206896552,0.4827586206896552,0.0,efficientnet_b7,conv_weight
features_6_10_block_1_1_bias,bias,2,0,2,0,0,0,0.0,0.0,0.0,1.0,efficientnet_b7,bias
features_6_10_block_1_1_num_batches_tracked,buffer,1,1,0,1,0,0,1.0,0.0,0.0,0.0,efficientnet_b7,buffer
features_6_10_block_1_1_running_mean,buffer,2,2,0,2,0,0,1.0,0.0,0.0,0.0,efficientnet_b7,buffer
features_6_10_block_1_1_running_var,buffer,2,2,0,2,0,0,1.0,0.0,0.0,0.0,efficientnet_b7,buffer
features_6_10_block_1_1_weight,weight,2,2,0,0,2,0,0.0,1.0,0.0,0.0,efficientnet_b7,conv_weight
features_6_10_block_2_fc1_bias,bias,1,0,1,0,0,0,0.0,0.0,0.0,1.0,efficientnet_b7,bias
features_6_10_block_2_fc1_weight,weight,108,108,0,108,0,0,1.0,0.0,0.0,0.0,efficientnet_b7,mlp_weight
features_6_10_block_2_fc2_bias,bias,2,0,2,0,0,0,0.0,0.0,0.0,1.0,efficientnet_b7,bias
features_6_10_block_2_fc2_weight,weight,108,108,0,97,1,10,0.8981481481481481,0.0092592592592592,0.0925925925925925,0.0,efficientnet_b7,mlp_weight
features_6_10_block_3_0_weight,weight,432,432,0,391,27,14,0.9050925925925926,0.0625,0.0324074074074074,0.0,efficientnet_b7,conv_weight
features_6_10_block_3_1_bias,bias,1,0,1,0,0,0,0.0,0.0,0.0,1.0,efficientnet_b7,bias
features_6_10_block_3_1_num_batches_tracked,buffer,1,1,0,1,0,0,1.0,0.0,0.0,0.0,efficientnet_b7,buffer
features_6_10_block_3_1_running_mean,buffer,1,1,0,1,0,0,1.0,0.0,0.0,0.0,efficientnet_b7,buffer
features_6_10_block_3_1_running_var,buffer,1,1,0,1,0,0,1.0,0.0,0.0,0.0,efficientnet_b7,buffer
features_6_10_block_3_1_weight,weight,1,1,0,0,1,0,0.0,1.0,0.0,0.0,efficientnet_b7,conv_weight
features_6_11_block_0_0_weight,weight,432,427,5,419,1,7,0.981264637002342,0.0023419203747072,0.0163934426229508,0.011574074074074,efficientnet_b7,conv_weight
features_6_11_block_0_1_bias,bias,2,0,2,0,0,0,0.0,0.0,0.0,1.0,efficientnet_b7,bias
features_6_11_block_0_1_num_batches_tracked,buffer,1,1,0,1,0,0,1.0,0.0,0.0,0.0,efficientnet_b7,buffer
features_6_11_block_0_1_running_mean,buffer,2,2,0,2,0,0,1.0,0.0,0.0,0.0,efficientnet_b7,buffer
features_6_11_block_0_1_running_var,buffer,2,2,0,0,2,0,0.0,1.0,0.0,0.0,efficientnet_b7,buffer
features_6_11_block_0_1_weight,weight,2,2,0,0,2,0,0.0,1.0,0.0,0.0,efficientnet_b7,conv_weight
features_6_11_block_1_0_weight,weight,29,29,0,3,23,3,0.1034482758620689,0.7931034482758621,0.1034482758620689,0.0,efficientnet_b7,conv_weight
features_6_11_block_1_1_bias,bias,2,0,2,0,0,0,0.0,0.0,0.0,1.0,efficientnet_b7,bias
features_6_11_block_1_1_num_batches_tracked,buffer,1,1,0,1,0,0,1.0,0.0,0.0,0.0,efficientnet_b7,buffer
features_6_11_block_1_1_running_mean,buffer,2,2,0,2,0,0,1.0,0.0,0.0,0.0,efficientnet_b7,buffer
features_6_11_block_1_1_running_var,buffer,2,2,0,2,0,0,1.0,0.0,0.0,0.0,efficientnet_b7,buffer
features_6_11_block_1_1_weight,weight,2,2,0,0,0,2,0.0,0.0,1.0,0.0,efficientnet_b7,conv_weight
features_6_11_block_2_fc1_bias,bias,1,1,0,1,0,0,1.0,0.0,0.0,0.0,efficientnet_b7,bias
features_6_11_block_2_fc1_weight,weight,108,108,0,103,3,2,0.9537037037037036,0.0277777777777777,0.0185185185185185,0.0,efficientnet_b7,mlp_weight
features_6_11_block_2_fc2_bias,bias,2,0,2,0,0,0,0.0,0.0,0.0,1.0,efficientnet_b7,bias
features_6_11_block_2_fc2_weight,weight,108,108,0,108,0,0,1.0,0.0,0.0,0.0,efficientnet_b7,mlp_weight
features_6_11_block_3_0_weight,weight,432,432,0,387,43,2,0.8958333333333334,0.099537037037037,0.0046296296296296,0.0,efficientnet_b7,conv_weight
features_6_11_block_3_1_bias,bias,1,0,1,0,0,0,0.0,0.0,0.0,1.0,efficientnet_b7,bias
features_6_11_block_3_1_num_batches_tracked,buffer,1,1,0,1,0,0,1.0,0.0,0.0,0.0,efficientnet_b7,buffer
features_6_11_block_3_1_running_mean,buffer,1,1,0,1,0,0,1.0,0.0,0.0,0.0,efficientnet_b7,buffer
features_6_11_block_3_1_running_var,buffer,1,1,0,1,0,0,1.0,0.0,0.0,0.0,efficientnet_b7,buffer
features_6_11_block_3_1_weight,weight,1,1,0,0,1,0,0.0,1.0,0.0,0.0,efficientnet_b7,conv_weight
features_6_12_block_0_0_weight,weight,432,418,14,412,2,4,0.985645933014354,0.0047846889952153,0.0095693779904306,0.0324074074074074,efficientnet_b7,conv_weight
features_6_12_block_0_1_bias,bias,2,0,2,0,0,0,0.0,0.0,0.0,1.0,efficientnet_b7,bias
features_6_12_block_0_1_num_batches_tracked,buffer,1,1,0,1,0,0,1.0,0.0,0.0,0.0,efficientnet_b7,buffer
features_6_12_block_0_1_running_mean,buffer,2,2,0,2,0,0,1.0,0.0,0.0,0.0,efficientnet_b7,buffer
features_6_12_block_0_1_running_var,buffer,2,2,0,0,2,0,0.0,1.0,0.0,0.0,efficientnet_b7,buffer
features_6_12_block_0_1_weight,weight,2,2,0,0,2,0,0.0,1.0,0.0,0.0,efficientnet_b7,conv_weight
features_6_12_block_1_0_weight,weight,29,29,0,5,21,3,0.1724137931034483,0.7241379310344828,0.1034482758620689,0.0,efficientnet_b7,conv_weight
features_6_12_block_1_1_bias,bias,2,0,2,0,0,0,0.0,0.0,0.0,1.0,efficientnet_b7,bias
features_6_12_block_1_1_num_batches_tracked,buffer,1,1,0,1,0,0,1.0,0.0,0.0,0.0,efficientnet_b7,buffer
features_6_12_block_1_1_running_mean,buffer,2,2,0,2,0,0,1.0,0.0,0.0,0.0,efficientnet_b7,buffer
features_6_12_block_1_1_running_var,buffer,2,2,0,2,0,0,1.0,0.0,0.0,0.0,efficientnet_b7,buffer
features_6_12_block_1_1_weight,weight,2,2,0,0,1,1,0.0,0.5,0.5,0.0,efficientnet_b7,conv_weight
features_6_12_block_2_fc1_bias,bias,1,1,0,1,0,0,1.0,0.0,0.0,0.0,efficientnet_b7,bias
features_6_12_block_2_fc1_weight,weight,108,108,0,105,0,3,0.9722222222222222,0.0,0.0277777777777777,0.0,efficientnet_b7,mlp_weight
features_6_12_block_2_fc2_bias,bias,2,0,2,0,0,0,0.0,0.0,0.0,1.0,efficientnet_b7,bias
features_6_12_block_2_fc2_weight,weight,108,108,0,108,0,0,1.0,0.0,0.0,0.0,efficientnet_b7,mlp_weight
features_6_12_block_3_0_weight,weight,432,431,1,380,45,6,0.8816705336426914,0.1044083526682134,0.0139211136890951,0.0023148148148148,efficientnet_b7,conv_weight
features_6_12_block_3_1_bias,bias,1,0,1,0,0,0,0.0,0.0,0.0,1.0,efficientnet_b7,bias
features_6_12_block_3_1_num_batches_tracked,buffer,1,1,0,1,0,0,1.0,0.0,0.0,0.0,efficientnet_b7,buffer
features_6_12_block_3_1_running_mean,buffer,1,1,0,1,0,0,1.0,0.0,0.0,0.0,efficientnet_b7,buffer
features_6_12_block_3_1_running_var,buffer,1,1,0,1,0,0,1.0,0.0,0.0,0.0,efficientnet_b7,buffer
features_6_12_block_3_1_weight,weight,1,1,0,0,1,0,0.0,1.0,0.0,0.0,efficientnet_b7,conv_weight
features_6_1_block_0_0_weight,weight,432,431,1,429,2,0,0.9953596287703016,0.0046403712296983,0.0,0.0023148148148148,efficientnet_b7,conv_weight
features_6_1_block_0_1_bias,bias,2,0,2,0,0,0,0.0,0.0,0.0,1.0,efficientnet_b7,bias
features_6_1_block_0_1_num_batches_tracked,buffer,1,1,0,1,0,0,1.0,0.0,0.0,0.0,efficientnet_b7,buffer
features_6_1_block_0_1_running_mean,buffer,2,2,0,2,0,0,1.0,0.0,0.0,0.0,efficientnet_b7,buffer
features_6_1_block_0_1_running_var,buffer,2,2,0,0,2,0,0.0,1.0,0.0,0.0,efficientnet_b7,buffer
features_6_1_block_0_1_weight,weight,2,2,0,0,2,0,0.0,1.0,0.0,0.0,efficientnet_b7,conv_weight
features_6_1_block_1_0_weight,weight,29,29,0,2,20,7,0.0689655172413793,0.6896551724137931,0.2413793103448276,0.0,efficientnet_b7,conv_weight
features_6_1_block_1_1_bias,bias,2,0,2,0,0,0,0.0,0.0,0.0,1.0,efficientnet_b7,bias
features_6_1_block_1_1_num_batches_tracked,buffer,1,1,0,1,0,0,1.0,0.0,0.0,0.0,efficientnet_b7,buffer
features_6_1_block_1_1_running_mean,buffer,2,2,0,2,0,0,1.0,0.0,0.0,0.0,efficientnet_b7,buffer
features_6_1_block_1_1_running_var,buffer,2,2,0,2,0,0,1.0,0.0,0.0,0.0,efficientnet_b7,buffer
features_6_1_block_1_1_weight,weight,2,2,0,0,2,0,0.0,1.0,0.0,0.0,efficientnet_b7,conv_weight
features_6_1_block_2_fc1_bias,bias,1,0,1,0,0,0,0.0,0.0,0.0,1.0,efficientnet_b7,bias
features_6_1_block_2_fc1_weight,weight,108,108,0,93,0,15,0.8611111111111112,0.0,0.1388888888888889,0.0,efficientnet_b7,mlp_weight
features_6_1_block_2_fc2_bias,bias,2,0,2,0,0,0,0.0,0.0,0.0,1.0,efficientnet_b7,bias
features_6_1_block_2_fc2_weight,weight,108,108,0,16,92,0,0.1481481481481481,0.8518518518518519,0.0,0.0,efficientnet_b7,mlp_weight
features_6_1_block_3_0_weight,weight,432,299,133,266,32,1,0.8896321070234113,0.1070234113712374,0.0033444816053511,0.3078703703703703,efficientnet_b7,conv_weight
features_6_1_block_3_1_bias,bias,1,0,1,0,0,0,0.0,0.0,0.0,1.0,efficientnet_b7,bias
features_6_1_block_3_1_num_batches_tracked,buffer,1,1,0,1,0,0,1.0,0.0,0.0,0.0,efficientnet_b7,buffer
features_6_1_block_3_1_running_mean,buffer,1,1,0,1,0,0,1.0,0.0,0.0,0.0,efficientnet_b7,buffer
features_6_1_block_3_1_running_var,buffer,1,1,0,1,0,0,1.0,0.0,0.0,0.0,efficientnet_b7,buffer
features_6_1_block_3_1_weight,weight,1,1,0,0,1,0,0.0,1.0,0.0,0.0,efficientnet_b7,conv_weight
features_6_2_block_0_0_weight,weight,432,426,6,420,6,0,0.9859154929577464,0.0140845070422535,0.0,0.0138888888888888,efficientnet_b7,conv_weight
features_6_2_block_0_1_bias,bias,2,0,2,0,0,0,0.0,0.0,0.0,1.0,efficientnet_b7,bias
features_6_2_block_0_1_num_batches_tracked,buffer,1,1,0,1,0,0,1.0,0.0,0.0,0.0,efficientnet_b7,buffer
features_6_2_block_0_1_running_mean,buffer,2,2,0,2,0,0,1.0,0.0,0.0,0.0,efficientnet_b7,buffer
features_6_2_block_0_1_running_var,buffer,2,2,0,0,2,0,0.0,1.0,0.0,0.0,efficientnet_b7,buffer
features_6_2_block_0_1_weight,weight,2,2,0,0,0,2,0.0,0.0,1.0,0.0,efficientnet_b7,conv_weight
features_6_2_block_1_0_weight,weight,29,29,0,2,17,10,0.0689655172413793,0.5862068965517241,0.3448275862068966,0.0,efficientnet_b7,conv_weight
features_6_2_block_1_1_bias,bias,2,0,2,0,0,0,0.0,0.0,0.0,1.0,efficientnet_b7,bias
features_6_2_block_1_1_num_batches_tracked,buffer,1,1,0,1,0,0,1.0,0.0,0.0,0.0,efficientnet_b7,buffer
features_6_2_block_1_1_running_mean,buffer,2,2,0,2,0,0,1.0,0.0,0.0,0.0,efficientnet_b7,buffer
features_6_2_block_1_1_running_var,buffer,2,2,0,2,0,0,1.0,0.0,0.0,0.0,efficientnet_b7,buffer
features_6_2_block_1_1_weight,weight,2,2,0,0,2,0,0.0,1.0,0.0,0.0,efficientnet_b7,conv_weight
features_6_2_block_2_fc1_bias,bias,1,0,1,0,0,0,0.0,0.0,0.0,1.0,efficientnet_b7,bias
features_6_2_block_2_fc1_weight,weight,108,108,0,104,1,3,0.9629629629629628,0.0092592592592592,0.0277777777777777,0.0,efficientnet_b7,mlp_weight
features_6_2_block_2_fc2_bias,bias,2,0,2,0,0,0,0.0,0.0,0.0,1.0,efficientnet_b7,bias
features_6_2_block_2_fc2_weight,weight,108,108,0,86,21,1,0.7962962962962963,0.1944444444444444,0.0092592592592592,0.0,efficientnet_b7,mlp_weight
features_6_2_block_3_0_weight,weight,432,341,91,305,36,0,0.8944281524926686,0.1055718475073313,0.0,0.2106481481481481,efficientnet_b7,conv_weight
features_6_2_block_3_1_bias,bias,1,0,1,0,0,0,0.0,0.0,0.0,1.0,efficientnet_b7,bias
features_6_2_block_3_1_num_batches_tracked,buffer,1,1,0,1,0,0,1.0,0.0,0.0,0.0,efficientnet_b7,buffer
features_6_2_block_3_1_running_mean,buffer,1,1,0,1,0,0,1.0,0.0,0.0,0.0,efficientnet_b7,buffer
features_6_2_block_3_1_running_var,buffer,1,1,0,1,0,0,1.0,0.0,0.0,0.0,efficientnet_b7,buffer
features_6_2_block_3_1_weight,weight,1,1,0,0,1,0,0.0,1.0,0.0,0.0,efficientnet_b7,conv_weight
features_6_3_block_0_0_weight,weight,432,423,9,420,3,0,0.9929078014184396,0.0070921985815602,0.0,0.0208333333333333,efficientnet_b7,conv_weight
features_6_3_block_0_1_bias,bias,2,0,2,0,0,0,0.0,0.0,0.0,1.0,efficientnet_b7,bias
features_6_3_block_0_1_num_batches_tracked,buffer,1,1,0,1,0,0,1.0,0.0,0.0,0.0,efficientnet_b7,buffer
features_6_3_block_0_1_running_mean,buffer,2,2,0,2,0,0,1.0,0.0,0.0,0.0,efficientnet_b7,buffer
features_6_3_block_0_1_running_var,buffer,2,2,0,0,2,0,0.0,1.0,0.0,0.0,efficientnet_b7,buffer
features_6_3_block_0_1_weight,weight,2,2,0,0,0,2,0.0,0.0,1.0,0.0,efficientnet_b7,conv_weight
features_6_3_block_1_0_weight,weight,29,29,0,4,22,3,0.1379310344827586,0.7586206896551724,0.1034482758620689,0.0,efficientnet_b7,conv_weight
features_6_3_block_1_1_bias,bias,2,0,2,0,0,0,0.0,0.0,0.0,1.0,efficientnet_b7,bias
features_6_3_block_1_1_num_batches_tracked,buffer,1,1,0,1,0,0,1.0,0.0,0.0,0.0,efficientnet_b7,buffer
features_6_3_block_1_1_running_mean,buffer,2,2,0,2,0,0,1.0,0.0,0.0,0.0,efficientnet_b7,buffer
features_6_3_block_1_1_running_var,buffer,2,2,0,2,0,0,1.0,0.0,0.0,0.0,efficientnet_b7,buffer
features_6_3_block_1_1_weight,weight,2,2,0,0,2,0,0.0,1.0,0.0,0.0,efficientnet_b7,conv_weight
features_6_3_block_2_fc1_bias,bias,1,0,1,0,0,0,0.0,0.0,0.0,1.0,efficientnet_b7,bias
features_6_3_block_2_fc1_weight,weight,108,108,0,108,0,0,1.0,0.0,0.0,0.0,efficientnet_b7,mlp_weight
features_6_3_block_2_fc2_bias,bias,2,0,2,0,0,0,0.0,0.0,0.0,1.0,efficientnet_b7,bias
features_6_3_block_2_fc2_weight,weight,108,108,0,100,0,8,0.925925925925926,0.0,0.074074074074074,0.0,efficientnet_b7,mlp_weight
features_6_3_block_3_0_weight,weight,432,430,2,387,40,3,0.9,0.0930232558139534,0.0069767441860465,0.0046296296296296,efficientnet_b7,conv_weight
features_6_3_block_3_1_bias,bias,1,0,1,0,0,0,0.0,0.0,0.0,1.0,efficientnet_b7,bias
features_6_3_block_3_1_num_batches_tracked,buffer,1,1,0,1,0,0,1.0,0.0,0.0,0.0,efficientnet_b7,buffer
features_6_3_block_3_1_running_mean,buffer,1,1,0,1,0,0,1.0,0.0,0.0,0.0,efficientnet_b7,buffer
features_6_3_block_3_1_running_var,buffer,1,1,0,1,0,0,1.0,0.0,0.0,0.0,efficientnet_b7,buffer
features_6_3_block_3_1_weight,weight,1,1,0,0,1,0,0.0,1.0,0.0,0.0,efficientnet_b7,conv_weight
features_6_4_block_0_0_weight,weight,432,431,1,427,4,0,0.9907192575406032,0.0092807424593967,0.0,0.0023148148148148,efficientnet_b7,conv_weight
features_6_4_block_0_1_bias,bias,2,0,2,0,0,0,0.0,0.0,0.0,1.0,efficientnet_b7,bias
features_6_4_block_0_1_num_batches_tracked,buffer,1,1,0,1,0,0,1.0,0.0,0.0,0.0,efficientnet_b7,buffer
features_6_4_block_0_1_running_mean,buffer,2,2,0,2,0,0,1.0,0.0,0.0,0.0,efficientnet_b7,buffer
features_6_4_block_0_1_running_var,buffer,2,2,0,0,2,0,0.0,1.0,0.0,0.0,efficientnet_b7,buffer
features_6_4_block_0_1_weight,weight,2,2,0,0,0,2,0.0,0.0,1.0,0.0,efficientnet_b7,conv_weight
features_6_4_block_1_0_weight,weight,29,29,0,5,7,17,0.1724137931034483,0.2413793103448276,0.5862068965517241,0.0,efficientnet_b7,conv_weight
features_6_4_block_1_1_bias,bias,2,0,2,0,0,0,0.0,0.0,0.0,1.0,efficientnet_b7,bias
features_6_4_block_1_1_num_batches_tracked,buffer,1,1,0,1,0,0,1.0,0.0,0.0,0.0,efficientnet_b7,buffer
features_6_4_block_1_1_running_mean,buffer,2,2,0,2,0,0,1.0,0.0,0.0,0.0,efficientnet_b7,buffer
features_6_4_block_1_1_running_var,buffer,2,2,0,2,0,0,1.0,0.0,0.0,0.0,efficientnet_b7,buffer
features_6_4_block_1_1_weight,weight,2,2,0,0,2,0,0.0,1.0,0.0,0.0,efficientnet_b7,conv_weight
features_6_4_block_2_fc1_bias,bias,1,0,1,0,0,0,0.0,0.0,0.0,1.0,efficientnet_b7,bias
features_6_4_block_2_fc1_weight,weight,108,108,0,108,0,0,1.0,0.0,0.0,0.0,efficientnet_b7,mlp_weight
features_6_4_block_2_fc2_bias,bias,2,0,2,0,0,0,0.0,0.0,0.0,1.0,efficientnet_b7,bias
features_6_4_block_2_fc2_weight,weight,108,108,0,25,1,82,0.2314814814814814,0.0092592592592592,0.7592592592592593,0.0,efficientnet_b7,mlp_weight
features_6_4_block_3_0_weight,weight,432,421,11,388,25,8,0.9216152019002376,0.0593824228028503,0.0190023752969121,0.0254629629629629,efficientnet_b7,conv_weight
features_6_4_block_3_1_bias,bias,1,0,1,0,0,0,0.0,0.0,0.0,1.0,efficientnet_b7,bias
features_6_4_block_3_1_num_batches_tracked,buffer,1,1,0,1,0,0,1.0,0.0,0.0,0.0,efficientnet_b7,buffer
features_6_4_block_3_1_running_mean,buffer,1,1,0,1,0,0,1.0,0.0,0.0,0.0,efficientnet_b7,buffer
features_6_4_block_3_1_running_var,buffer,1,1,0,1,0,0,1.0,0.0,0.0,0.0,efficientnet_b7,buffer
features_6_4_block_3_1_weight,weight,1,1,0,0,1,0,0.0,1.0,0.0,0.0,efficientnet_b7,conv_weight
features_6_5_block_0_0_weight,weight,432,432,0,431,1,0,0.9976851851851852,0.0023148148148148,0.0,0.0,efficientnet_b7,conv_weight
features_6_5_block_0_1_bias,bias,2,0,2,0,0,0,0.0,0.0,0.0,1.0,efficientnet_b7,bias
features_6_5_block_0_1_num_batches_tracked,buffer,1,1,0,1,0,0,1.0,0.0,0.0,0.0,efficientnet_b7,buffer
features_6_5_block_0_1_running_mean,buffer,2,2,0,2,0,0,1.0,0.0,0.0,0.0,efficientnet_b7,buffer
features_6_5_block_0_1_running_var,buffer,2,2,0,0,2,0,0.0,1.0,0.0,0.0,efficientnet_b7,buffer
features_6_5_block_0_1_weight,weight,2,2,0,0,0,2,0.0,0.0,1.0,0.0,efficientnet_b7,conv_weight
features_6_5_block_1_0_weight,weight,29,29,0,4,19,6,0.1379310344827586,0.6551724137931034,0.2068965517241379,0.0,efficientnet_b7,conv_weight
features_6_5_block_1_1_bias,bias,2,0,2,0,0,0,0.0,0.0,0.0,1.0,efficientnet_b7,bias
features_6_5_block_1_1_num_batches_tracked,buffer,1,1,0,1,0,0,1.0,0.0,0.0,0.0,efficientnet_b7,buffer
features_6_5_block_1_1_running_mean,buffer,2,2,0,2,0,0,1.0,0.0,0.0,0.0,efficientnet_b7,buffer
features_6_5_block_1_1_running_var,buffer,2,2,0,2,0,0,1.0,0.0,0.0,0.0,efficientnet_b7,buffer
features_6_5_block_1_1_weight,weight,2,2,0,0,2,0,0.0,1.0,0.0,0.0,efficientnet_b7,conv_weight
features_6_5_block_2_fc1_bias,bias,1,0,1,0,0,0,0.0,0.0,0.0,1.0,efficientnet_b7,bias
features_6_5_block_2_fc1_weight,weight,108,108,0,108,0,0,1.0,0.0,0.0,0.0,efficientnet_b7,mlp_weight
features_6_5_block_2_fc2_bias,bias,2,0,2,0,0,0,0.0,0.0,0.0,1.0,efficientnet_b7,bias
features_6_5_block_2_fc2_weight,weight,108,108,0,32,0,76,0.2962962962962963,0.0,0.7037037037037037,0.0,efficientnet_b7,mlp_weight
features_6_5_block_3_0_weight,weight,432,430,2,398,27,5,0.9255813953488372,0.0627906976744186,0.0116279069767441,0.0046296296296296,efficientnet_b7,conv_weight
features_6_5_block_3_1_bias,bias,1,0,1,0,0,0,0.0,0.0,0.0,1.0,efficientnet_b7,bias
features_6_5_block_3_1_num_batches_tracked,buffer,1,1,0,1,0,0,1.0,0.0,0.0,0.0,efficientnet_b7,buffer
features_6_5_block_3_1_running_mean,buffer,1,1,0,1,0,0,1.0,0.0,0.0,0.0,efficientnet_b7,buffer
features_6_5_block_3_1_running_var,buffer,1,1,0,1,0,0,1.0,0.0,0.0,0.0,efficientnet_b7,buffer
features_6_5_block_3_1_weight,weight,1,1,0,0,1,0,0.0,1.0,0.0,0.0,efficientnet_b7,conv_weight
features_6_6_block_0_0_weight,weight,432,432,0,424,2,6,0.9814814814814816,0.0046296296296296,0.0138888888888888,0.0,efficientnet_b7,conv_weight
features_6_6_block_0_1_bias,bias,2,0,2,0,0,0,0.0,0.0,0.0,1.0,efficientnet_b7,bias
features_6_6_block_0_1_num_batches_tracked,buffer,1,1,0,1,0,0,1.0,0.0,0.0,0.0,efficientnet_b7,buffer
features_6_6_block_0_1_running_mean,buffer,2,2,0,2,0,0,1.0,0.0,0.0,0.0,efficientnet_b7,buffer
features_6_6_block_0_1_running_var,buffer,2,2,0,0,2,0,0.0,1.0,0.0,0.0,efficientnet_b7,buffer
features_6_6_block_0_1_weight,weight,2,2,0,0,1,1,0.0,0.5,0.5,0.0,efficientnet_b7,conv_weight
features_6_6_block_1_0_weight,weight,29,29,0,4,25,0,0.1379310344827586,0.8620689655172413,0.0,0.0,efficientnet_b7,conv_weight
features_6_6_block_1_1_bias,bias,2,0,2,0,0,0,0.0,0.0,0.0,1.0,efficientnet_b7,bias
features_6_6_block_1_1_num_batches_tracked,buffer,1,1,0,1,0,0,1.0,0.0,0.0,0.0,efficientnet_b7,buffer
features_6_6_block_1_1_running_mean,buffer,2,2,0,2,0,0,1.0,0.0,0.0,0.0,efficientnet_b7,buffer
features_6_6_block_1_1_running_var,buffer,2,2,0,2,0,0,1.0,0.0,0.0,0.0,efficientnet_b7,buffer
features_6_6_block_1_1_weight,weight,2,2,0,0,2,0,0.0,1.0,0.0,0.0,efficientnet_b7,conv_weight
features_6_6_block_2_fc1_bias,bias,1,0,1,0,0,0,0.0,0.0,0.0,1.0,efficientnet_b7,bias
features_6_6_block_2_fc1_weight,weight,108,108,0,108,0,0,1.0,0.0,0.0,0.0,efficientnet_b7,mlp_weight
features_6_6_block_2_fc2_bias,bias,2,0,2,0,0,0,0.0,0.0,0.0,1.0,efficientnet_b7,bias
features_6_6_block_2_fc2_weight,weight,108,108,0,19,1,88,0.1759259259259259,0.0092592592592592,0.8148148148148148,0.0,efficientnet_b7,mlp_weight
features_6_6_block_3_0_weight,weight,432,431,1,384,31,16,0.8909512761020881,0.0719257540603248,0.037122969837587,0.0023148148148148,efficientnet_b7,conv_weight
features_6_6_block_3_1_bias,bias,1,0,1,0,0,0,0.0,0.0,0.0,1.0,efficientnet_b7,bias
features_6_6_block_3_1_num_batches_tracked,buffer,1,1,0,1,0,0,1.0,0.0,0.0,0.0,efficientnet_b7,buffer
features_6_6_block_3_1_running_mean,buffer,1,1,0,1,0,0,1.0,0.0,0.0,0.0,efficientnet_b7,buffer
features_6_6_block_3_1_running_var,buffer,1,1,0,1,0,0,1.0,0.0,0.0,0.0,efficientnet_b7,buffer
features_6_6_block_3_1_weight,weight,1,1,0,0,1,0,0.0,1.0,0.0,0.0,efficientnet_b7,conv_weight
features_6_7_block_0_0_weight,weight,432,432,0,425,4,3,0.9837962962962964,0.0092592592592592,0.0069444444444444,0.0,efficientnet_b7,conv_weight
features_6_7_block_0_1_bias,bias,2,0,2,0,0,0,0.0,0.0,0.0,1.0,efficientnet_b7,bias
features_6_7_block_0_1_num_batches_tracked,buffer,1,1,0,1,0,0,1.0,0.0,0.0,0.0,efficientnet_b7,buffer
features_6_7_block_0_1_running_mean,buffer,2,2,0,2,0,0,1.0,0.0,0.0,0.0,efficientnet_b7,buffer
features_6_7_block_0_1_running_var,buffer,2,2,0,0,2,0,0.0,1.0,0.0,0.0,efficientnet_b7,buffer
features_6_7_block_0_1_weight,weight,2,2,0,0,0,2,0.0,0.0,1.0,0.0,efficientnet_b7,conv_weight
features_6_7_block_1_0_weight,weight,29,29,0,1,23,5,0.0344827586206896,0.7931034482758621,0.1724137931034483,0.0,efficientnet_b7,conv_weight
features_6_7_block_1_1_bias,bias,2,0,2,0,0,0,0.0,0.0,0.0,1.0,efficientnet_b7,bias
features_6_7_block_1_1_num_batches_tracked,buffer,1,1,0,1,0,0,1.0,0.0,0.0,0.0,efficientnet_b7,buffer
features_6_7_block_1_1_running_mean,buffer,2,2,0,2,0,0,1.0,0.0,0.0,0.0,efficientnet_b7,buffer
features_6_7_block_1_1_running_var,buffer,2,2,0,2,0,0,1.0,0.0,0.0,0.0,efficientnet_b7,buffer
features_6_7_block_1_1_weight,weight,2,2,0,0,2,0,0.0,1.0,0.0,0.0,efficientnet_b7,conv_weight
features_6_7_block_2_fc1_bias,bias,1,0,1,0,0,0,0.0,0.0,0.0,1.0,efficientnet_b7,bias
features_6_7_block_2_fc1_weight,weight,108,108,0,108,0,0,1.0,0.0,0.0,0.0,efficientnet_b7,mlp_weight
features_6_7_block_2_fc2_bias,bias,2,0,2,0,0,0,0.0,0.0,0.0,1.0,efficientnet_b7,bias
features_6_7_block_2_fc2_weight,weight,108,108,0,29,4,75,0.2685185185185185,0.037037037037037,0.6944444444444444,0.0,efficientnet_b7,mlp_weight
features_6_7_block_3_0_weight,weight,432,426,6,386,31,9,0.9061032863849764,0.0727699530516431,0.0211267605633802,0.0138888888888888,efficientnet_b7,conv_weight
features_6_7_block_3_1_bias,bias,1,0,1,0,0,0,0.0,0.0,0.0,1.0,efficientnet_b7,bias
features_6_7_block_3_1_num_batches_tracked,buffer,1,1,0,1,0,0,1.0,0.0,0.0,0.0,efficientnet_b7,buffer
features_6_7_block_3_1_running_mean,buffer,1,1,0,1,0,0,1.0,0.0,0.0,0.0,efficientnet_b7,buffer
features_6_7_block_3_1_running_var,buffer,1,1,0,1,0,0,1.0,0.0,0.0,0.0,efficientnet_b7,buffer
features_6_7_block_3_1_weight,weight,1,1,0,0,1,0,0.0,1.0,0.0,0.0,efficientnet_b7,conv_weight
features_6_8_block_0_0_weight,weight,432,431,1,424,2,5,0.9837587006960556,0.0046403712296983,0.0116009280742459,0.0023148148148148,efficientnet_b7,conv_weight
features_6_8_block_0_1_bias,bias,2,0,2,0,0,0,0.0,0.0,0.0,1.0,efficientnet_b7,bias
features_6_8_block_0_1_num_batches_tracked,buffer,1,1,0,1,0,0,1.0,0.0,0.0,0.0,efficientnet_b7,buffer
features_6_8_block_0_1_running_mean,buffer,2,2,0,2,0,0,1.0,0.0,0.0,0.0,efficientnet_b7,buffer
features_6_8_block_0_1_running_var,buffer,2,2,0,0,2,0,0.0,1.0,0.0,0.0,efficientnet_b7,buffer
features_6_8_block_0_1_weight,weight,2,2,0,0,2,0,0.0,1.0,0.0,0.0,efficientnet_b7,conv_weight
features_6_8_block_1_0_weight,weight,29,29,0,1,28,0,0.0344827586206896,0.9655172413793104,0.0,0.0,efficientnet_b7,conv_weight
features_6_8_block_1_1_bias,bias,2,0,2,0,0,0,0.0,0.0,0.0,1.0,efficientnet_b7,bias
features_6_8_block_1_1_num_batches_tracked,buffer,1,1,0,1,0,0,1.0,0.0,0.0,0.0,efficientnet_b7,buffer
features_6_8_block_1_1_running_mean,buffer,2,2,0,2,0,0,1.0,0.0,0.0,0.0,efficientnet_b7,buffer
features_6_8_block_1_1_running_var,buffer,2,2,0,2,0,0,1.0,0.0,0.0,0.0,efficientnet_b7,buffer
features_6_8_block_1_1_weight,weight,2,2,0,0,2,0,0.0,1.0,0.0,0.0,efficientnet_b7,conv_weight
features_6_8_block_2_fc1_bias,bias,1,0,1,0,0,0,0.0,0.0,0.0,1.0,efficientnet_b7,bias
features_6_8_block_2_fc1_weight,weight,108,108,0,108,0,0,1.0,0.0,0.0,0.0,efficientnet_b7,mlp_weight
features_6_8_block_2_fc2_bias,bias,2,0,2,0,0,0,0.0,0.0,0.0,1.0,efficientnet_b7,bias
features_6_8_block_2_fc2_weight,weight,108,108,0,50,0,58,0.4629629629629629,0.0,0.5370370370370371,0.0,efficientnet_b7,mlp_weight
features_6_8_block_3_0_weight,weight,432,430,2,396,24,10,0.9209302325581395,0.055813953488372,0.0232558139534883,0.0046296296296296,efficientnet_b7,conv_weight
features_6_8_block_3_1_bias,bias,1,0,1,0,0,0,0.0,0.0,0.0,1.0,efficientnet_b7,bias
features_6_8_block_3_1_num_batches_tracked,buffer,1,1,0,1,0,0,1.0,0.0,0.0,0.0,efficientnet_b7,buffer
features_6_8_block_3_1_running_mean,buffer,1,1,0,1,0,0,1.0,0.0,0.0,0.0,efficientnet_b7,buffer
features_6_8_block_3_1_running_var,buffer,1,1,0,1,0,0,1.0,0.0,0.0,0.0,efficientnet_b7,buffer
features_6_8_block_3_1_weight,weight,1,1,0,0,1,0,0.0,1.0,0.0,0.0,efficientnet_b7,conv_weight
features_6_9_block_0_0_weight,weight,432,431,1,419,1,11,0.9721577726218096,0.0023201856148491,0.025522041763341,0.0023148148148148,efficientnet_b7,conv_weight
features_6_9_block_0_1_bias,bias,2,0,2,0,0,0,0.0,0.0,0.0,1.0,efficientnet_b7,bias
features_6_9_block_0_1_num_batches_tracked,buffer,1,1,0,1,0,0,1.0,0.0,0.0,0.0,efficientnet_b7,buffer
features_6_9_block_0_1_running_mean,buffer,2,2,0,2,0,0,1.0,0.0,0.0,0.0,efficientnet_b7,buffer
features_6_9_block_0_1_running_var,buffer,2,2,0,0,2,0,0.0,1.0,0.0,0.0,efficientnet_b7,buffer
features_6_9_block_0_1_weight,weight,2,2,0,0,2,0,0.0,1.0,0.0,0.0,efficientnet_b7,conv_weight
features_6_9_block_1_0_weight,weight,29,29,0,2,26,1,0.0689655172413793,0.896551724137931,0.0344827586206896,0.0,efficientnet_b7,conv_weight
features_6_9_block_1_1_bias,bias,2,0,2,0,0,0,0.0,0.0,0.0,1.0,efficientnet_b7,bias
features_6_9_block_1_1_num_batches_tracked,buffer,1,1,0,1,0,0,1.0,0.0,0.0,0.0,efficientnet_b7,buffer
features_6_9_block_1_1_running_mean,buffer,2,2,0,2,0,0,1.0,0.0,0.0,0.0,efficientnet_b7,buffer
features_6_9_block_1_1_running_var,buffer,2,2,0,2,0,0,1.0,0.0,0.0,0.0,efficientnet_b7,buffer
features_6_9_block_1_1_weight,weight,2,2,0,0,2,0,0.0,1.0,0.0,0.0,efficientnet_b7,conv_weight
features_6_9_block_2_fc1_bias,bias,1,0,1,0,0,0,0.0,0.0,0.0,1.0,efficientnet_b7,bias
features_6_9_block_2_fc1_weight,weight,108,108,0,108,0,0,1.0,0.0,0.0,0.0,efficientnet_b7,mlp_weight
features_6_9_block_2_fc2_bias,bias,2,0,2,0,0,0,0.0,0.0,0.0,1.0,efficientnet_b7,bias
features_6_9_block_2_fc2_weight,weight,108,108,0,76,5,27,0.7037037037037037,0.0462962962962962,0.25,0.0,efficientnet_b7,mlp_weight
features_6_9_block_3_0_weight,weight,432,432,0,399,14,19,0.9236111111111112,0.0324074074074074,0.0439814814814814,0.0,efficientnet_b7,conv_weight
features_6_9_block_3_1_bias,bias,1,0,1,0,0,0,0.0,0.0,0.0,1.0,efficientnet_b7,bias
features_6_9_block_3_1_num_batches_tracked,buffer,1,1,0,1,0,0,1.0,0.0,0.0,0.0,efficientnet_b7,buffer
features_6_9_block_3_1_running_mean,buffer,1,1,0,1,0,0,1.0,0.0,0.0,0.0,efficientnet_b7,buffer
features_6_9_block_3_1_running_var,buffer,1,1,0,1,0,0,1.0,0.0,0.0,0.0,efficientnet_b7,buffer
features_6_9_block_3_1_weight,weight,1,1,0,0,1,0,0.0,1.0,0.0,0.0,efficientnet_b7,conv_weight
features_7_0_block_0_0_weight,weight,432,364,68,360,4,0,0.989010989010989,0.0109890109890109,0.0,0.1574074074074074,efficientnet_b7,conv_weight
features_7_0_block_0_1_bias,bias,2,0,2,0,0,0,0.0,0.0,0.0,1.0,efficientnet_b7,bias
features_7_0_block_0_1_num_batches_tracked,buffer,1,1,0,1,0,0,1.0,0.0,0.0,0.0,efficientnet_b7,buffer
features_7_0_block_0_1_running_mean,buffer,2,2,0,2,0,0,1.0,0.0,0.0,0.0,efficientnet_b7,buffer
features_7_0_block_0_1_running_var,buffer,2,2,0,0,0,2,0.0,0.0,1.0,0.0,efficientnet_b7,buffer
features_7_0_block_0_1_weight,weight,2,2,0,0,2,0,0.0,1.0,0.0,0.0,efficientnet_b7,conv_weight
features_7_0_block_1_0_weight,weight,11,11,0,0,3,8,0.0,0.2727272727272727,0.7272727272727273,0.0,efficientnet_b7,conv_weight
features_7_0_block_1_1_bias,bias,2,0,2,0,0,0,0.0,0.0,0.0,1.0,efficientnet_b7,bias
features_7_0_block_1_1_num_batches_tracked,buffer,1,1,0,1,0,0,1.0,0.0,0.0,0.0,efficientnet_b7,buffer
features_7_0_block_1_1_running_mean,buffer,2,2,0,2,0,0,1.0,0.0,0.0,0.0,efficientnet_b7,buffer
features_7_0_block_1_1_running_var,buffer,2,2,0,2,0,0,1.0,0.0,0.0,0.0,efficientnet_b7,buffer
features_7_0_block_1_1_weight,weight,2,2,0,0,2,0,0.0,1.0,0.0,0.0,efficientnet_b7,conv_weight
features_7_0_block_2_fc1_bias,bias,1,0,1,0,0,0,0.0,0.0,0.0,1.0,efficientnet_b7,bias
features_7_0_block_2_fc1_weight,weight,108,108,0,83,0,25,0.7685185185185185,0.0,0.2314814814814814,0.0,efficientnet_b7,mlp_weight
features_7_0_block_2_fc2_bias,bias,2,0,2,0,0,0,0.0,0.0,0.0,1.0,efficientnet_b7,bias
features_7_0_block_2_fc2_weight,weight,108,108,0,31,77,0,0.287037037037037,0.7129629629629629,0.0,0.0,efficientnet_b7,mlp_weight
features_7_0_block_3_0_weight,weight,720,245,475,198,47,0,0.8081632653061225,0.1918367346938775,0.0,0.6597222222222222,efficientnet_b7,conv_weight
features_7_0_block_3_1_bias,bias,1,0,1,0,0,0,0.0,0.0,0.0,1.0,efficientnet_b7,bias
features_7_0_block_3_1_num_batches_tracked,buffer,1,1,0,1,0,0,1.0,0.0,0.0,0.0,efficientnet_b7,buffer
features_7_0_block_3_1_running_mean,buffer,1,1,0,1,0,0,1.0,0.0,0.0,0.0,efficientnet_b7,buffer
features_7_0_block_3_1_running_var,buffer,1,1,0,0,0,1,0.0,0.0,1.0,0.0,efficientnet_b7,buffer
features_7_0_block_3_1_weight,weight,1,1,0,0,1,0,0.0,1.0,0.0,0.0,efficientnet_b7,conv_weight
features_7_1_block_0_0_weight,weight,1200,688,512,664,20,4,0.9651162790697676,0.0290697674418604,0.005813953488372,0.4266666666666667,efficientnet_b7,conv_weight
features_7_1_block_0_1_bias,bias,2,0,2,0,0,0,0.0,0.0,0.0,1.0,efficientnet_b7,bias
features_7_1_block_0_1_num_batches_tracked,buffer,1,1,0,1,0,0,1.0,0.0,0.0,0.0,efficientnet_b7,buffer
features_7_1_block_0_1_running_mean,buffer,2,2,0,2,0,0,1.0,0.0,0.0,0.0,efficientnet_b7,buffer
features_7_1_block_0_1_running_var,buffer,2,2,0,0,2,0,0.0,1.0,0.0,0.0,efficientnet_b7,buffer
features_7_1_block_0_1_weight,weight,2,2,0,0,0,2,0.0,0.0,1.0,0.0,efficientnet_b7,conv_weight
features_7_1_block_1_0_weight,weight,17,17,0,0,17,0,0.0,1.0,0.0,0.0,efficientnet_b7,conv_weight
features_7_1_block_1_1_bias,bias,2,0,2,0,0,0,0.0,0.0,0.0,1.0,efficientnet_b7,bias
features_7_1_block_1_1_num_batches_tracked,buffer,1,1,0,1,0,0,1.0,0.0,0.0,0.0,efficientnet_b7,buffer
features_7_1_block_1_1_running_mean,buffer,2,2,0,2,0,0,1.0,0.0,0.0,0.0,efficientnet_b7,buffer
features_7_1_block_1_1_running_var,buffer,2,2,0,2,0,0,1.0,0.0,0.0,0.0,efficientnet_b7,buffer
features_7_1_block_1_1_weight,weight,2,2,0,0,2,0,0.0,1.0,0.0,0.0,efficientnet_b7,conv_weight
features_7_1_block_2_fc1_bias,bias,1,0,1,0,0,0,0.0,0.0,0.0,1.0,efficientnet_b7,bias
features_7_1_block_2_fc1_weight,weight,300,300,0,106,9,185,0.3533333333333333,0.03,0.6166666666666667,0.0,efficientnet_b7,mlp_weight
features_7_1_block_2_fc2_bias,bias,2,0,2,0,0,0,0.0,0.0,0.0,1.0,efficientnet_b7,bias
features_7_1_block_2_fc2_weight,weight,300,300,0,1,297,2,0.0033333333333333,0.99,0.0066666666666666,0.0,efficientnet_b7,mlp_weight
features_7_1_block_3_0_weight,weight,1200,1132,68,960,151,21,0.8480565371024735,0.1333922261484099,0.0185512367491166,0.0566666666666666,efficientnet_b7,conv_weight
features_7_1_block_3_1_bias,bias,1,0,1,0,0,0,0.0,0.0,0.0,1.0,efficientnet_b7,bias
features_7_1_block_3_1_num_batches_tracked,buffer,1,1,0,1,0,0,1.0,0.0,0.0,0.0,efficientnet_b7,buffer
features_7_1_block_3_1_running_mean,buffer,1,1,0,1,0,0,1.0,0.0,0.0,0.0,efficientnet_b7,buffer
features_7_1_block_3_1_running_var,buffer,1,1,0,1,0,0,1.0,0.0,0.0,0.0,efficientnet_b7,buffer
features_7_1_block_3_1_weight,weight,1,1,0,0,1,0,0.0,1.0,0.0,0.0,efficientnet_b7,conv_weight
features_7_2_block_0_0_weight,weight,1200,1038,162,992,20,26,0.9556840077071292,0.0192678227360308,0.02504816955684,0.135,efficientnet_b7,conv_weight
features_7_2_block_0_1_bias,bias,2,0,2,0,0,0,0.0,0.0,0.0,1.0,efficientnet_b7,bias
features_7_2_block_0_1_num_batches_tracked,buffer,1,1,0,1,0,0,1.0,0.0,0.0,0.0,efficientnet_b7,buffer
features_7_2_block_0_1_running_mean,buffer,2,2,0,2,0,0,1.0,0.0,0.0,0.0,efficientnet_b7,buffer
features_7_2_block_0_1_running_var,buffer,2,2,0,0,2,0,0.0,1.0,0.0,0.0,efficientnet_b7,buffer
features_7_2_block_0_1_weight,weight,2,2,0,0,2,0,0.0,1.0,0.0,0.0,efficientnet_b7,conv_weight
features_7_2_block_1_0_weight,weight,17,17,0,0,17,0,0.0,1.0,0.0,0.0,efficientnet_b7,conv_weight
features_7_2_block_1_1_bias,bias,2,0,2,0,0,0,0.0,0.0,0.0,1.0,efficientnet_b7,bias
features_7_2_block_1_1_num_batches_tracked,buffer,1,1,0,1,0,0,1.0,0.0,0.0,0.0,efficientnet_b7,buffer
features_7_2_block_1_1_running_mean,buffer,2,2,0,2,0,0,1.0,0.0,0.0,0.0,efficientnet_b7,buffer
features_7_2_block_1_1_running_var,buffer,2,2,0,2,0,0,1.0,0.0,0.0,0.0,efficientnet_b7,buffer
features_7_2_block_1_1_weight,weight,2,2,0,0,2,0,0.0,1.0,0.0,0.0,efficientnet_b7,conv_weight
features_7_2_block_2_fc1_bias,bias,1,0,1,0,0,0,0.0,0.0,0.0,1.0,efficientnet_b7,bias
features_7_2_block_2_fc1_weight,weight,300,300,0,27,4,269,0.09,0.0133333333333333,0.8966666666666666,0.0,efficientnet_b7,mlp_weight
features_7_2_block_2_fc2_bias,bias,2,0,2,0,0,0,0.0,0.0,0.0,1.0,efficientnet_b7,bias
features_7_2_block_2_fc2_weight,weight,300,300,0,8,285,7,0.0266666666666666,0.95,0.0233333333333333,0.0,efficientnet_b7,mlp_weight
features_7_2_block_3_0_weight,weight,1200,1197,3,1030,109,58,0.860484544695071,0.0910609857978279,0.048454469507101,0.0025,efficientnet_b7,conv_weight
features_7_2_block_3_1_bias,bias,1,0,1,0,0,0,0.0,0.0,0.0,1.0,efficientnet_b7,bias
features_7_2_block_3_1_num_batches_tracked,buffer,1,1,0,1,0,0,1.0,0.0,0.0,0.0,efficientnet_b7,buffer
features_7_2_block_3_1_running_mean,buffer,1,1,0,1,0,0,1.0,0.0,0.0,0.0,efficientnet_b7,buffer
features_7_2_block_3_1_running_var,buffer,1,1,0,1,0,0,1.0,0.0,0.0,0.0,efficientnet_b7,buffer
features_7_2_block_3_1_weight,weight,1,1,0,0,1,0,0.0,1.0,0.0,0.0,efficientnet_b7,conv_weight
features_7_3_block_0_0_weight,weight,1200,1199,1,1022,19,158,0.8523769808173478,0.0158465387823186,0.1317764804003336,0.0008333333333333,efficientnet_b7,conv_weight
features_7_3_block_0_1_bias,bias,2,0,2,0,0,0,0.0,0.0,0.0,1.0,efficientnet_b7,bias
features_7_3_block_0_1_num_batches_tracked,buffer,1,1,0,1,0,0,1.0,0.0,0.0,0.0,efficientnet_b7,buffer
features_7_3_block_0_1_running_mean,buffer,2,2,0,2,0,0,1.0,0.0,0.0,0.0,efficientnet_b7,buffer
features_7_3_block_0_1_running_var,buffer,2,2,0,0,2,0,0.0,1.0,0.0,0.0,efficientnet_b7,buffer
features_7_3_block_0_1_weight,weight,2,2,0,0,2,0,0.0,1.0,0.0,0.0,efficientnet_b7,conv_weight
features_7_3_block_1_0_weight,weight,17,17,0,0,17,0,0.0,1.0,0.0,0.0,efficientnet_b7,conv_weight
features_7_3_block_1_1_bias,bias,2,0,2,0,0,0,0.0,0.0,0.0,1.0,efficientnet_b7,bias
features_7_3_block_1_1_num_batches_tracked,buffer,1,1,0,1,0,0,1.0,0.0,0.0,0.0,efficientnet_b7,buffer
features_7_3_block_1_1_running_mean,buffer,2,2,0,2,0,0,1.0,0.0,0.0,0.0,efficientnet_b7,buffer
features_7_3_block_1_1_running_var,buffer,2,2,0,2,0,0,1.0,0.0,0.0,0.0,efficientnet_b7,buffer
features_7_3_block_1_1_weight,weight,2,2,0,0,2,0,0.0,1.0,0.0,0.0,efficientnet_b7,conv_weight
features_7_3_block_2_fc1_bias,bias,1,0,1,0,0,0,0.0,0.0,0.0,1.0,efficientnet_b7,bias
features_7_3_block_2_fc1_weight,weight,300,300,0,62,0,238,0.2066666666666666,0.0,0.7933333333333333,0.0,efficientnet_b7,mlp_weight
features_7_3_block_2_fc2_bias,bias,2,0,2,0,0,0,0.0,0.0,0.0,1.0,efficientnet_b7,bias
features_7_3_block_2_fc2_weight,weight,300,300,0,152,84,64,0.5066666666666667,0.28,0.2133333333333333,0.0,efficientnet_b7,mlp_weight
features_7_3_block_3_0_weight,weight,1200,1200,0,931,16,253,0.7758333333333334,0.0133333333333333,0.2108333333333333,0.0,efficientnet_b7,conv_weight
features_7_3_block_3_1_bias,bias,1,0,1,0,0,0,0.0,0.0,0.0,1.0,efficientnet_b7,bias
features_7_3_block_3_1_num_batches_tracked,buffer,1,1,0,1,0,0,1.0,0.0,0.0,0.0,efficientnet_b7,buffer
features_7_3_block_3_1_running_mean,buffer,1,1,0,1,0,0,1.0,0.0,0.0,0.0,efficientnet_b7,buffer
features_7_3_block_3_1_running_var,buffer,1,1,0,1,0,0,1.0,0.0,0.0,0.0,efficientnet_b7,buffer
features_7_3_block_3_1_weight,weight,1,1,0,0,1,0,0.0,1.0,0.0,0.0,efficientnet_b7,conv_weight
features_8_0_weight,weight,800,0,800,0,0,0,0.0,0.0,0.0,1.0,efficientnet_b7,conv_weight
features_8_1_bias,bias,2,0,2,0,0,0,0.0,0.0,0.0,1.0,efficientnet_b7,bias
features_8_1_num_batches_tracked,buffer,0,0,0,0,0,0,0.0,0.0,0.0,0.0,efficientnet_b7,buffer
features_8_1_running_mean,buffer,2,2,0,0,2,0,0.0,1.0,0.0,0.0,efficientnet_b7,buffer
features_8_1_running_var,buffer,2,2,0,0,0,2,0.0,0.0,1.0,0.0,efficientnet_b7,buffer
features_8_1_weight,weight,2,2,0,0,2,0,0.0,1.0,0.0,0.0,efficientnet_b7,conv_weight
bert_embeddings_LayerNorm_bias,bias,1,0,1,0,0,0,0.0,0.0,0.0,1.0,google-bert,bias
bert_embeddings_LayerNorm_weight,weight,1,1,0,0,1,0,0.0,1.0,0.0,0.0,google-bert,embedding_weight
bert_embeddings_position_embeddings_weight,weight,192,192,0,1,0,191,0.0052083333333333,0.0,0.9947916666666666,0.0,google-bert,embedding_weight
bert_embeddings_position_ids,buffer,1,1,0,0,0,1,0.0,0.0,1.0,0.0,google-bert,buffer
bert_embeddings_token_type_embeddings_weight,weight,1,1,0,1,0,0,1.0,0.0,0.0,0.0,google-bert,embedding_weight
bert_embeddings_token_type_ids,buffer,1,1,0,1,0,0,1.0,0.0,0.0,0.0,google-bert,buffer
bert_embeddings_word_embeddings_weight,weight,11446,10867,579,0,10866,1,0.0,0.9999079782828748,9.202171712524156e-05,0.0505853573300716,google-bert,embedding_weight
bert_encoder_layer_0_attention_output_LayerNorm_bias,bias,1,0,1,0,0,0,0.0,0.0,0.0,1.0,google-bert,bias
bert_encoder_layer_0_attention_output_LayerNorm_weight,weight,1,1,0,0,1,0,0.0,1.0,0.0,0.0,google-bert,norm_weight
bert_encoder_layer_0_attention_output_dense_bias,bias,1,0,1,0,0,0,0.0,0.0,0.0,1.0,google-bert,bias
bert_encoder_layer_0_attention_output_dense_weight,weight,288,288,0,283,0,5,0.9826388888888888,0.0,0.0173611111111111,0.0,google-bert,mlp_weight
bert_encoder_layer_0_attention_self_key_bias,bias,1,0,1,0,0,0,0.0,0.0,0.0,1.0,google-bert,bias
bert_encoder_layer_0_attention_self_key_weight,weight,288,288,0,279,0,9,0.96875,0.0,0.03125,0.0,google-bert,attention_weight
bert_encoder_layer_0_attention_self_query_bias,bias,1,0,1,0,0,0,0.0,0.0,0.0,1.0,google-bert,bias
bert_encoder_layer_0_attention_self_query_weight,weight,288,288,0,288,0,0,1.0,0.0,0.0,0.0,google-bert,attention_weight
bert_encoder_layer_0_attention_self_value_bias,bias,1,0,1,0,0,0,0.0,0.0,0.0,1.0,google-bert,bias
bert_encoder_layer_0_attention_self_value_weight,weight,288,2,286,2,0,0,1.0,0.0,0.0,0.9930555555555556,google-bert,attention_weight
bert_encoder_layer_0_intermediate_dense_bias,bias,2,0,2,0,0,0,0.0,0.0,0.0,1.0,google-bert,bias
bert_encoder_layer_0_intermediate_dense_weight,weight,1152,189,963,189,0,0,1.0,0.0,0.0,0.8359375,google-bert,mlp_weight
bert_encoder_layer_0_output_LayerNorm_bias,bias,1,0,1,0,0,0,0.0,0.0,0.0,1.0,google-bert,bias
bert_encoder_layer_0_output_LayerNorm_weight,weight,1,1,0,0,1,0,0.0,1.0,0.0,0.0,google-bert,norm_weight
bert_encoder_layer_0_output_dense_bias,bias,1,0,1,0,0,0,0.0,0.0,0.0,1.0,google-bert,bias
bert_encoder_layer_0_output_dense_weight,weight,1152,1152,0,1056,6,90,0.9166666666666666,0.0052083333333333,0.078125,0.0,google-bert,mlp_weight
bert_encoder_layer_10_attention_output_LayerNorm_bias,bias,1,0,1,0,0,0,0.0,0.0,0.0,1.0,google-bert,bias
bert_encoder_layer_10_attention_output_LayerNorm_weight,weight,1,1,0,0,1,0,0.0,1.0,0.0,0.0,google-bert,norm_weight
bert_encoder_layer_10_attention_output_dense_bias,bias,1,0,1,0,0,0,0.0,0.0,0.0,1.0,google-bert,bias
bert_encoder_layer_10_attention_output_dense_weight,weight,288,24,264,24,0,0,1.0,0.0,0.0,0.9166666666666666,google-bert,mlp_weight
bert_encoder_layer_10_attention_self_key_bias,bias,1,0,1,0,0,0,0.0,0.0,0.0,1.0,google-bert,bias
bert_encoder_layer_10_attention_self_key_weight,weight,288,2,286,2,0,0,1.0,0.0,0.0,0.9930555555555556,google-bert,attention_weight
bert_encoder_layer_10_attention_self_query_bias,bias,1,0,1,0,0,0,0.0,0.0,0.0,1.0,google-bert,bias
bert_encoder_layer_10_attention_self_query_weight,weight,288,288,0,250,38,0,0.8680555555555556,0.1319444444444444,0.0,0.0,google-bert,attention_weight
bert_encoder_layer_10_attention_self_value_bias,bias,1,0,1,0,0,0,0.0,0.0,0.0,1.0,google-bert,bias
bert_encoder_layer_10_attention_self_value_weight,weight,288,110,178,107,3,0,0.9727272727272728,0.0272727272727272,0.0,0.6180555555555556,google-bert,attention_weight
bert_encoder_layer_10_intermediate_dense_bias,bias,2,0,2,0,0,0,0.0,0.0,0.0,1.0,google-bert,bias
bert_encoder_layer_10_intermediate_dense_weight,weight,1152,1151,1,1149,0,2,0.998262380538662,0.0,0.0017376194613379,0.0008680555555555,google-bert,mlp_weight
bert_encoder_layer_10_output_LayerNorm_bias,bias,1,1,0,0,1,0,0.0,1.0,0.0,0.0,google-bert,bias
bert_encoder_layer_10_output_LayerNorm_weight,weight,1,1,0,0,1,0,0.0,1.0,0.0,0.0,google-bert,norm_weight
bert_encoder_layer_10_output_dense_bias,bias,1,0,1,0,0,0,0.0,0.0,0.0,1.0,google-bert,bias
bert_encoder_layer_10_output_dense_weight,weight,1152,1152,0,1042,0,110,0.9045138888888888,0.0,0.0954861111111111,0.0,google-bert,mlp_weight
bert_encoder_layer_11_attention_output_LayerNorm_bias,bias,1,1,0,0,1,0,0.0,1.0,0.0,0.0,google-bert,bias
bert_encoder_layer_11_attention_output_LayerNorm_weight,weight,1,1,0,0,1,0,0.0,1.0,0.0,0.0,google-bert,norm_weight
bert_encoder_layer_11_attention_output_dense_bias,bias,1,0,1,0,0,0,0.0,0.0,0.0,1.0,google-bert,bias
bert_encoder_layer_11_attention_output_dense_weight,weight,288,0,288,0,0,0,0.0,0.0,0.0,1.0,google-bert,mlp_weight
bert_encoder_layer_11_attention_self_key_bias,bias,1,0,1,0,0,0,0.0,0.0,0.0,1.0,google-bert,bias
bert_encoder_layer_11_attention_self_key_weight,weight,288,288,0,263,25,0,0.9131944444444444,0.0868055555555555,0.0,0.0,google-bert,attention_weight
bert_encoder_layer_11_attention_self_query_bias,bias,1,0,1,0,0,0,0.0,0.0,0.0,1.0,google-bert,bias
bert_encoder_layer_11_attention_self_query_weight,weight,288,288,0,253,35,0,0.8784722222222222,0.1215277777777777,0.0,0.0,google-bert,attention_weight
bert_encoder_layer_11_attention_self_value_bias,bias,1,0,1,0,0,0,0.0,0.0,0.0,1.0,google-bert,bias
bert_encoder_layer_11_attention_self_value_weight,weight,288,19,269,15,4,0,0.7894736842105263,0.2105263157894736,0.0,0.9340277777777778,google-bert,attention_weight
bert_encoder_layer_11_intermediate_dense_bias,bias,2,0,2,0,0,0,0.0,0.0,0.0,1.0,google-bert,bias
bert_encoder_layer_11_intermediate_dense_weight,weight,1152,6,1146,4,2,0,0.6666666666666666,0.3333333333333333,0.0,0.9947916666666666,google-bert,mlp_weight
bert_encoder_layer_11_output_LayerNorm_bias,bias,1,0,1,0,0,0,0.0,0.0,0.0,1.0,google-bert,bias
bert_encoder_layer_11_output_LayerNorm_weight,weight,1,1,0,0,0,1,0.0,0.0,1.0,0.0,google-bert,norm_weight
bert_encoder_layer_11_output_dense_bias,bias,1,0,1,0,0,0,0.0,0.0,0.0,1.0,google-bert,bias
bert_encoder_layer_11_output_dense_weight,weight,1152,1152,0,1076,0,76,0.9340277777777778,0.0,0.0659722222222222,0.0,google-bert,mlp_weight
bert_encoder_layer_1_attention_output_LayerNorm_bias,bias,1,0,1,0,0,0,0.0,0.0,0.0,1.0,google-bert,bias
bert_encoder_layer_1_attention_output_LayerNorm_weight,weight,1,1,0,0,0,1,0.0,0.0,1.0,0.0,google-bert,norm_weight
bert_encoder_layer_1_attention_output_dense_bias,bias,1,0,1,0,0,0,0.0,0.0,0.0,1.0,google-bert,bias
bert_encoder_layer_1_attention_output_dense_weight,weight,288,288,0,288,0,0,1.0,0.0,0.0,0.0,google-bert,mlp_weight
bert_encoder_layer_1_attention_self_key_bias,bias,1,0,1,0,0,0,0.0,0.0,0.0,1.0,google-bert,bias
bert_encoder_layer_1_attention_self_key_weight,weight,288,259,29,257,2,0,0.9922779922779924,0.0077220077220077,0.0,0.1006944444444444,google-bert,attention_weight
bert_encoder_layer_1_attention_self_query_bias,bias,1,0,1,0,0,0,0.0,0.0,0.0,1.0,google-bert,bias
bert_encoder_layer_1_attention_self_query_weight,weight,288,216,72,192,24,0,0.8888888888888888,0.1111111111111111,0.0,0.25,google-bert,attention_weight
bert_encoder_layer_1_attention_self_value_bias,bias,1,0,1,0,0,0,0.0,0.0,0.0,1.0,google-bert,bias
bert_encoder_layer_1_attention_self_value_weight,weight,288,75,213,58,17,0,0.7733333333333333,0.2266666666666666,0.0,0.7395833333333334,google-bert,attention_weight
bert_encoder_layer_1_intermediate_dense_bias,bias,2,0,2,0,0,0,0.0,0.0,0.0,1.0,google-bert,bias
bert_encoder_layer_1_intermediate_dense_weight,weight,1152,937,215,934,3,0,0.9967982924226254,0.0032017075773745,0.0,0.1866319444444444,google-bert,mlp_weight
bert_encoder_layer_1_output_LayerNorm_bias,bias,1,0,1,0,0,0,0.0,0.0,0.0,1.0,google-bert,bias
bert_encoder_layer_1_output_LayerNorm_weight,weight,1,1,0,0,0,1,0.0,0.0,1.0,0.0,google-bert,norm_weight
bert_encoder_layer_1_output_dense_bias,bias,1,0,1,0,0,0,0.0,0.0,0.0,1.0,google-bert,bias
bert_encoder_layer_1_output_dense_weight,weight,1152,1152,0,370,0,782,0.3211805555555556,0.0,0.6788194444444444,0.0,google-bert,mlp_weight
bert_encoder_layer_2_attention_output_LayerNorm_bias,bias,1,0,1,0,0,0,0.0,0.0,0.0,1.0,google-bert,bias
bert_encoder_layer_2_attention_output_LayerNorm_weight,weight,1,1,0,0,0,1,0.0,0.0,1.0,0.0,google-bert,norm_weight
bert_encoder_layer_2_attention_output_dense_bias,bias,1,0,1,0,0,0,0.0,0.0,0.0,1.0,google-bert,bias
bert_encoder_layer_2_attention_output_dense_weight,weight,288,271,17,268,3,0,0.988929889298893,0.011070110701107,0.0,0.0590277777777777,google-bert,mlp_weight
bert_encoder_layer_2_attention_self_key_bias,bias,1,0,1,0,0,0,0.0,0.0,0.0,1.0,google-bert,bias
bert_encoder_layer_2_attention_self_key_weight,weight,288,283,5,283,0,0,1.0,0.0,0.0,0.0173611111111111,google-bert,attention_weight
bert_encoder_layer_2_attention_self_query_bias,bias,1,0,1,0,0,0,0.0,0.0,0.0,1.0,google-bert,bias
bert_encoder_layer_2_attention_self_query_weight,weight,288,283,5,269,14,0,0.950530035335689,0.0494699646643109,0.0,0.0173611111111111,google-bert,attention_weight
bert_encoder_layer_2_attention_self_value_bias,bias,1,0,1,0,0,0,0.0,0.0,0.0,1.0,google-bert,bias
bert_encoder_layer_2_attention_self_value_weight,weight,288,99,189,86,13,0,0.8686868686868687,0.1313131313131313,0.0,0.65625,google-bert,attention_weight
bert_encoder_layer_2_intermediate_dense_bias,bias,2,0,2,0,0,0,0.0,0.0,0.0,1.0,google-bert,bias
bert_encoder_layer_2_intermediate_dense_weight,weight,1152,1151,1,1151,0,0,1.0,0.0,0.0,0.0008680555555555,google-bert,mlp_weight
bert_encoder_layer_2_output_LayerNorm_bias,bias,1,0,1,0,0,0,0.0,0.0,0.0,1.0,google-bert,bias
bert_encoder_layer_2_output_LayerNorm_weight,weight,1,1,0,0,1,0,0.0,1.0,0.0,0.0,google-bert,norm_weight
bert_encoder_layer_2_output_dense_bias,bias,1,0,1,0,0,0,0.0,0.0,0.0,1.0,google-bert,bias
bert_encoder_layer_2_output_dense_weight,weight,1152,1152,0,1017,3,132,0.8828125,0.0026041666666666,0.1145833333333333,0.0,google-bert,mlp_weight
bert_encoder_layer_3_attention_output_LayerNorm_bias,bias,1,0,1,0,0,0,0.0,0.0,0.0,1.0,google-bert,bias
bert_encoder_layer_3_attention_output_LayerNorm_weight,weight,1,1,0,0,0,1,0.0,0.0,1.0,0.0,google-bert,norm_weight
bert_encoder_layer_3_attention_output_dense_bias,bias,1,0,1,0,0,0,0.0,0.0,0.0,1.0,google-bert,bias
bert_encoder_layer_3_attention_output_dense_weight,weight,288,280,8,275,5,0,0.9821428571428572,0.0178571428571428,0.0,0.0277777777777777,google-bert,mlp_weight
bert_encoder_layer_3_attention_self_key_bias,bias,1,0,1,0,0,0,0.0,0.0,0.0,1.0,google-bert,bias
bert_encoder_layer_3_attention_self_key_weight,weight,288,219,69,218,1,0,0.9954337899543378,0.0045662100456621,0.0,0.2395833333333333,google-bert,attention_weight
bert_encoder_layer_3_attention_self_query_bias,bias,1,0,1,0,0,0,0.0,0.0,0.0,1.0,google-bert,bias
bert_encoder_layer_3_attention_self_query_weight,weight,288,200,88,170,30,0,0.85,0.15,0.0,0.3055555555555556,google-bert,attention_weight
bert_encoder_layer_3_attention_self_value_bias,bias,1,0,1,0,0,0,0.0,0.0,0.0,1.0,google-bert,bias
bert_encoder_layer_3_attention_self_value_weight,weight,288,62,226,52,10,0,0.8387096774193549,0.1612903225806451,0.0,0.7847222222222222,google-bert,attention_weight
bert_encoder_layer_3_intermediate_dense_bias,bias,2,0,2,0,0,0,0.0,0.0,0.0,1.0,google-bert,bias
bert_encoder_layer_3_intermediate_dense_weight,weight,1152,1150,2,1150,0,0,1.0,0.0,0.0,0.0017361111111111,google-bert,mlp_weight
bert_encoder_layer_3_output_LayerNorm_bias,bias,1,0,1,0,0,0,0.0,0.0,0.0,1.0,google-bert,bias
bert_encoder_layer_3_output_LayerNorm_weight,weight,1,1,0,0,1,0,0.0,1.0,0.0,0.0,google-bert,norm_weight
bert_encoder_layer_3_output_dense_bias,bias,1,0,1,0,0,0,0.0,0.0,0.0,1.0,google-bert,bias
bert_encoder_layer_3_output_dense_weight,weight,1152,1152,0,5,1,1146,0.0043402777777777,0.0008680555555555,0.9947916666666666,0.0,google-bert,mlp_weight
bert_encoder_layer_4_attention_output_LayerNorm_bias,bias,1,0,1,0,0,0,0.0,0.0,0.0,1.0,google-bert,bias
bert_encoder_layer_4_attention_output_LayerNorm_weight,weight,1,1,0,0,0,1,0.0,0.0,1.0,0.0,google-bert,norm_weight
bert_encoder_layer_4_attention_output_dense_bias,bias,1,0,1,0,0,0,0.0,0.0,0.0,1.0,google-bert,bias
bert_encoder_layer_4_attention_output_dense_weight,weight,288,223,65,217,6,0,0.9730941704035876,0.0269058295964125,0.0,0.2256944444444444,google-bert,mlp_weight
bert_encoder_layer_4_attention_self_key_bias,bias,1,0,1,0,0,0,0.0,0.0,0.0,1.0,google-bert,bias
bert_encoder_layer_4_attention_self_key_weight,weight,288,277,11,270,7,0,0.9747292418772564,0.0252707581227436,0.0,0.0381944444444444,google-bert,attention_weight
bert_encoder_layer_4_attention_self_query_bias,bias,1,0,1,0,0,0,0.0,0.0,0.0,1.0,google-bert,bias
bert_encoder_layer_4_attention_self_query_weight,weight,288,262,26,215,47,0,0.8206106870229007,0.1793893129770992,0.0,0.0902777777777777,google-bert,attention_weight
bert_encoder_layer_4_attention_self_value_bias,bias,1,0,1,0,0,0,0.0,0.0,0.0,1.0,google-bert,bias
bert_encoder_layer_4_attention_self_value_weight,weight,288,25,263,25,0,0,1.0,0.0,0.0,0.9131944444444444,google-bert,attention_weight
bert_encoder_layer_4_intermediate_dense_bias,bias,2,0,2,0,0,0,0.0,0.0,0.0,1.0,google-bert,bias
bert_encoder_layer_4_intermediate_dense_weight,weight,1152,1151,1,1150,1,0,0.9991311902693312,0.0008688097306689,0.0,0.0008680555555555,google-bert,mlp_weight
bert_encoder_layer_4_output_LayerNorm_bias,bias,1,0,1,0,0,0,0.0,0.0,0.0,1.0,google-bert,bias
bert_encoder_layer_4_output_LayerNorm_weight,weight,1,1,0,0,1,0,0.0,1.0,0.0,0.0,google-bert,norm_weight
bert_encoder_layer_4_output_dense_bias,bias,1,0,1,0,0,0,0.0,0.0,0.0,1.0,google-bert,bias
bert_encoder_layer_4_output_dense_weight,weight,1152,1152,0,914,0,238,0.7934027777777778,0.0,0.2065972222222222,0.0,google-bert,mlp_weight
bert_encoder_layer_5_attention_output_LayerNorm_bias,bias,1,0,1,0,0,0,0.0,0.0,0.0,1.0,google-bert,bias
bert_encoder_layer_5_attention_output_LayerNorm_weight,weight,1,1,0,0,0,1,0.0,0.0,1.0,0.0,google-bert,norm_weight
bert_encoder_layer_5_attention_output_dense_bias,bias,1,0,1,0,0,0,0.0,0.0,0.0,1.0,google-bert,bias
bert_encoder_layer_5_attention_output_dense_weight,weight,288,252,36,248,4,0,0.984126984126984,0.0158730158730158,0.0,0.125,google-bert,mlp_weight
bert_encoder_layer_5_attention_self_key_bias,bias,1,0,1,0,0,0,0.0,0.0,0.0,1.0,google-bert,bias
bert_encoder_layer_5_attention_self_key_weight,weight,288,181,107,178,3,0,0.9834254143646408,0.0165745856353591,0.0,0.3715277777777778,google-bert,attention_weight
bert_encoder_layer_5_attention_self_query_bias,bias,1,0,1,0,0,0,0.0,0.0,0.0,1.0,google-bert,bias
bert_encoder_layer_5_attention_self_query_weight,weight,288,146,142,132,14,0,0.9041095890410958,0.0958904109589041,0.0,0.4930555555555556,google-bert,attention_weight
bert_encoder_layer_5_attention_self_value_bias,bias,1,0,1,0,0,0,0.0,0.0,0.0,1.0,google-bert,bias
bert_encoder_layer_5_attention_self_value_weight,weight,288,48,240,46,2,0,0.9583333333333334,0.0416666666666666,0.0,0.8333333333333334,google-bert,attention_weight
bert_encoder_layer_5_intermediate_dense_bias,bias,2,0,2,0,0,0,0.0,0.0,0.0,1.0,google-bert,bias
bert_encoder_layer_5_intermediate_dense_weight,weight,1152,803,349,800,3,0,0.99626400996264,0.0037359900373599,0.0,0.3029513888888889,google-bert,mlp_weight
bert_encoder_layer_5_output_LayerNorm_bias,bias,1,0,1,0,0,0,0.0,0.0,0.0,1.0,google-bert,bias
bert_encoder_layer_5_output_LayerNorm_weight,weight,1,1,0,0,0,1,0.0,0.0,1.0,0.0,google-bert,norm_weight
bert_encoder_layer_5_output_dense_bias,bias,1,0,1,0,0,0,0.0,0.0,0.0,1.0,google-bert,bias
bert_encoder_layer_5_output_dense_weight,weight,1152,1152,0,1040,0,112,0.9027777777777778,0.0,0.0972222222222222,0.0,google-bert,mlp_weight
bert_encoder_layer_6_attention_output_LayerNorm_bias,bias,1,0,1,0,0,0,0.0,0.0,0.0,1.0,google-bert,bias
bert_encoder_layer_6_attention_output_LayerNorm_weight,weight,1,1,0,0,0,1,0.0,0.0,1.0,0.0,google-bert,norm_weight
bert_encoder_layer_6_attention_output_dense_bias,bias,1,0,1,0,0,0,0.0,0.0,0.0,1.0,google-bert,bias
bert_encoder_layer_6_attention_output_dense_weight,weight,288,69,219,67,2,0,0.9710144927536232,0.0289855072463768,0.0,0.7604166666666666,google-bert,mlp_weight
bert_encoder_layer_6_attention_self_key_bias,bias,1,0,1,0,0,0,0.0,0.0,0.0,1.0,google-bert,bias
bert_encoder_layer_6_attention_self_key_weight,weight,288,227,61,225,2,0,0.9911894273127754,0.0088105726872246,0.0,0.2118055555555555,google-bert,attention_weight
bert_encoder_layer_6_attention_self_query_bias,bias,1,0,1,0,0,0,0.0,0.0,0.0,1.0,google-bert,bias
bert_encoder_layer_6_attention_self_query_weight,weight,288,21,267,19,2,0,0.9047619047619048,0.0952380952380952,0.0,0.9270833333333334,google-bert,attention_weight
bert_encoder_layer_6_attention_self_value_bias,bias,1,0,1,0,0,0,0.0,0.0,0.0,1.0,google-bert,bias
bert_encoder_layer_6_attention_self_value_weight,weight,288,42,246,34,8,0,0.8095238095238095,0.1904761904761904,0.0,0.8541666666666666,google-bert,attention_weight
bert_encoder_layer_6_intermediate_dense_bias,bias,2,0,2,0,0,0,0.0,0.0,0.0,1.0,google-bert,bias
bert_encoder_layer_6_intermediate_dense_weight,weight,1152,209,943,208,1,0,0.9952153110047848,0.0047846889952153,0.0,0.8185763888888888,google-bert,mlp_weight
bert_encoder_layer_6_output_LayerNorm_bias,bias,1,0,1,0,0,0,0.0,0.0,0.0,1.0,google-bert,bias
bert_encoder_layer_6_output_LayerNorm_weight,weight,1,1,0,0,0,1,0.0,0.0,1.0,0.0,google-bert,norm_weight
bert_encoder_layer_6_output_dense_bias,bias,1,0,1,0,0,0,0.0,0.0,0.0,1.0,google-bert,bias
bert_encoder_layer_6_output_dense_weight,weight,1152,1152,0,1020,3,129,0.8854166666666666,0.0026041666666666,0.1119791666666666,0.0,google-bert,mlp_weight
bert_encoder_layer_7_attention_output_LayerNorm_bias,bias,1,0,1,0,0,0,0.0,0.0,0.0,1.0,google-bert,bias
bert_encoder_layer_7_attention_output_LayerNorm_weight,weight,1,1,0,0,1,0,0.0,1.0,0.0,0.0,google-bert,norm_weight
bert_encoder_layer_7_attention_output_dense_bias,bias,1,1,0,1,0,0,1.0,0.0,0.0,0.0,google-bert,bias
bert_encoder_layer_7_attention_output_dense_weight,weight,288,66,222,64,2,0,0.9696969696969696,0.0303030303030303,0.0,0.7708333333333334,google-bert,mlp_weight
bert_encoder_layer_7_attention_self_key_bias,bias,1,0,1,0,0,0,0.0,0.0,0.0,1.0,google-bert,bias
bert_encoder_layer_7_attention_self_key_weight,weight,288,268,20,268,0,0,1.0,0.0,0.0,0.0694444444444444,google-bert,attention_weight
bert_encoder_layer_7_attention_self_query_bias,bias,1,0,1,0,0,0,0.0,0.0,0.0,1.0,google-bert,bias
bert_encoder_layer_7_attention_self_query_weight,weight,288,87,201,75,12,0,0.8620689655172413,0.1379310344827586,0.0,0.6979166666666666,google-bert,attention_weight
bert_encoder_layer_7_attention_self_value_bias,bias,1,0,1,0,0,0,0.0,0.0,0.0,1.0,google-bert,bias
bert_encoder_layer_7_attention_self_value_weight,weight,288,24,264,20,4,0,0.8333333333333334,0.1666666666666666,0.0,0.9166666666666666,google-bert,attention_weight
bert_encoder_layer_7_intermediate_dense_bias,bias,2,0,2,0,0,0,0.0,0.0,0.0,1.0,google-bert,bias
bert_encoder_layer_7_intermediate_dense_weight,weight,1152,306,846,304,2,0,0.9934640522875816,0.0065359477124183,0.0,0.734375,google-bert,mlp_weight
bert_encoder_layer_7_output_LayerNorm_bias,bias,1,0,1,0,0,0,0.0,0.0,0.0,1.0,google-bert,bias
bert_encoder_layer_7_output_LayerNorm_weight,weight,1,1,0,0,0,1,0.0,0.0,1.0,0.0,google-bert,norm_weight
bert_encoder_layer_7_output_dense_bias,bias,1,0,1,0,0,0,0.0,0.0,0.0,1.0,google-bert,bias
bert_encoder_layer_7_output_dense_weight,weight,1152,1152,0,1062,1,89,0.921875,0.0008680555555555,0.0772569444444444,0.0,google-bert,mlp_weight
bert_encoder_layer_8_attention_output_LayerNorm_bias,bias,1,0,1,0,0,0,0.0,0.0,0.0,1.0,google-bert,bias
bert_encoder_layer_8_attention_output_LayerNorm_weight,weight,1,1,0,0,1,0,0.0,1.0,0.0,0.0,google-bert,norm_weight
bert_encoder_layer_8_attention_output_dense_bias,bias,1,0,1,0,0,0,0.0,0.0,0.0,1.0,google-bert,bias
bert_encoder_layer_8_attention_output_dense_weight,weight,288,288,0,288,0,0,1.0,0.0,0.0,0.0,google-bert,mlp_weight
bert_encoder_layer_8_attention_self_key_bias,bias,1,0,1,0,0,0,0.0,0.0,0.0,1.0,google-bert,bias
bert_encoder_layer_8_attention_self_key_weight,weight,288,288,0,287,1,0,0.9965277777777778,0.0034722222222222,0.0,0.0,google-bert,attention_weight
bert_encoder_layer_8_attention_self_query_bias,bias,1,0,1,0,0,0,0.0,0.0,0.0,1.0,google-bert,bias
bert_encoder_layer_8_attention_self_query_weight,weight,288,45,243,27,18,0,0.6,0.4,0.0,0.84375,google-bert,attention_weight
bert_encoder_layer_8_attention_self_value_bias,bias,1,0,1,0,0,0,0.0,0.0,0.0,1.0,google-bert,bias
bert_encoder_layer_8_attention_self_value_weight,weight,288,0,288,0,0,0,0.0,0.0,0.0,1.0,google-bert,attention_weight
bert_encoder_layer_8_intermediate_dense_bias,bias,2,0,2,0,0,0,0.0,0.0,0.0,1.0,google-bert,bias
bert_encoder_layer_8_intermediate_dense_weight,weight,1152,997,155,995,2,0,0.9979939819458375,0.0020060180541624,0.0,0.1345486111111111,google-bert,mlp_weight
bert_encoder_layer_8_output_LayerNorm_bias,bias,1,0,1,0,0,0,0.0,0.0,0.0,1.0,google-bert,bias
bert_encoder_layer_8_output_LayerNorm_weight,weight,1,1,0,0,1,0,0.0,1.0,0.0,0.0,google-bert,norm_weight
bert_encoder_layer_8_output_dense_bias,bias,1,0,1,0,0,0,0.0,0.0,0.0,1.0,google-bert,bias
bert_encoder_layer_8_output_dense_weight,weight,1152,1152,0,1071,1,80,0.9296875,0.0008680555555555,0.0694444444444444,0.0,google-bert,mlp_weight
bert_encoder_layer_9_attention_output_LayerNorm_bias,bias,1,0,1,0,0,0,0.0,0.0,0.0,1.0,google-bert,bias
bert_encoder_layer_9_attention_output_LayerNorm_weight,weight,1,1,0,0,1,0,0.0,1.0,0.0,0.0,google-bert,norm_weight
bert_encoder_layer_9_attention_output_dense_bias,bias,1,0,1,0,0,0,0.0,0.0,0.0,1.0,google-bert,bias
bert_encoder_layer_9_attention_output_dense_weight,weight,288,287,1,285,2,0,0.9930313588850174,0.0069686411149825,0.0,0.0034722222222222,google-bert,mlp_weight
bert_encoder_layer_9_attention_self_key_bias,bias,1,0,1,0,0,0,0.0,0.0,0.0,1.0,google-bert,bias
bert_encoder_layer_9_attention_self_key_weight,weight,288,288,0,288,0,0,1.0,0.0,0.0,0.0,google-bert,attention_weight
bert_encoder_layer_9_attention_self_query_bias,bias,1,0,1,0,0,0,0.0,0.0,0.0,1.0,google-bert,bias
bert_encoder_layer_9_attention_self_query_weight,weight,288,0,288,0,0,0,0.0,0.0,0.0,1.0,google-bert,attention_weight
bert_encoder_layer_9_attention_self_value_bias,bias,1,0,1,0,0,0,0.0,0.0,0.0,1.0,google-bert,bias
bert_encoder_layer_9_attention_self_value_weight,weight,288,0,288,0,0,0,0.0,0.0,0.0,1.0,google-bert,attention_weight
bert_encoder_layer_9_intermediate_dense_bias,bias,2,0,2,0,0,0,0.0,0.0,0.0,1.0,google-bert,bias
bert_encoder_layer_9_intermediate_dense_weight,weight,1152,1151,1,1142,1,8,0.9921807124239792,0.0008688097306689,0.0069504778453518,0.0008680555555555,google-bert,mlp_weight
bert_encoder_layer_9_output_LayerNorm_bias,bias,1,0,1,0,0,0,0.0,0.0,0.0,1.0,google-bert,bias
bert_encoder_layer_9_output_LayerNorm_weight,weight,1,1,0,0,0,1,0.0,0.0,1.0,0.0,google-bert,norm_weight
bert_encoder_layer_9_output_dense_bias,bias,1,0,1,0,0,0,0.0,0.0,0.0,1.0,google-bert,bias
bert_encoder_layer_9_output_dense_weight,weight,1152,1152,0,6,0,1146,0.0052083333333333,0.0,0.9947916666666666,0.0,google-bert,mlp_weight
cls_predictions_bias,bias,15,13,2,0,8,5,0.0,0.6153846153846154,0.3846153846153846,0.1333333333333333,google-bert,bias
cls_predictions_transform_LayerNorm_bias,bias,1,0,1,0,0,0,0.0,0.0,0.0,1.0,google-bert,bias
cls_predictions_transform_LayerNorm_weight,weight,1,1,0,0,0,1,0.0,0.0,1.0,0.0,google-bert,norm_weight
cls_predictions_transform_dense_bias,bias,1,1,0,0,1,0,0.0,1.0,0.0,0.0,google-bert,bias
cls_predictions_transform_dense_weight,weight,288,288,0,288,0,0,1.0,0.0,0.0,0.0,google-bert,fc_weight
transformer_h_0_attn_c_attn_bias,bias,2,0,2,0,0,0,0.0,0.0,0.0,1.0,gpt,bias
transformer_h_0_attn_c_attn_weight,weight,864,327,537,307,20,0,0.9388379204892966,0.0611620795107033,0.0,0.6215277777777778,gpt,attention_weight
transformer_h_0_attn_c_proj_bias,bias,1,0,1,0,0,0,0.0,0.0,0.0,1.0,gpt,bias
transformer_h_0_attn_c_proj_weight,weight,288,288,0,288,0,0,1.0,0.0,0.0,0.0,gpt,attention_weight
transformer_h_0_ln_1_bias,bias,1,0,1,0,0,0,0.0,0.0,0.0,1.0,gpt,bias
transformer_h_0_ln_1_weight,weight,1,0,1,0,0,0,0.0,0.0,0.0,1.0,gpt,norm_weight
transformer_h_0_ln_2_bias,bias,1,0,1,0,0,0,0.0,0.0,0.0,1.0,gpt,bias
transformer_h_0_ln_2_weight,weight,1,0,1,0,0,0,0.0,0.0,0.0,1.0,gpt,norm_weight
transformer_h_0_mlp_c_fc_bias,bias,2,0,2,0,0,0,0.0,0.0,0.0,1.0,gpt,bias
transformer_h_0_mlp_c_fc_weight,weight,1152,1152,0,461,686,5,0.4001736111111111,0.5954861111111112,0.0043402777777777,0.0,gpt,mlp_weight
transformer_h_0_mlp_c_proj_bias,bias,1,0,1,0,0,0,0.0,0.0,0.0,1.0,gpt,bias
transformer_h_0_mlp_c_proj_weight,weight,1152,1152,0,1152,0,0,1.0,0.0,0.0,0.0,gpt,mlp_weight
transformer_h_10_attn_c_attn_bias,bias,2,0,2,0,0,0,0.0,0.0,0.0,1.0,gpt,bias
transformer_h_10_attn_c_attn_weight,weight,864,863,1,857,5,1,0.993047508690614,0.0057937427578215,0.0011587485515643,0.0011574074074074,gpt,attention_weight
transformer_h_10_attn_c_proj_bias,bias,1,0,1,0,0,0,0.0,0.0,0.0,1.0,gpt,bias
transformer_h_10_attn_c_proj_weight,weight,288,288,0,288,0,0,1.0,0.0,0.0,0.0,gpt,attention_weight
transformer_h_10_ln_1_bias,bias,1,0,1,0,0,0,0.0,0.0,0.0,1.0,gpt,bias
transformer_h_10_ln_1_weight,weight,1,1,0,0,1,0,0.0,1.0,0.0,0.0,gpt,norm_weight
transformer_h_10_ln_2_bias,bias,1,1,0,0,1,0,0.0,1.0,0.0,0.0,gpt,bias
transformer_h_10_ln_2_weight,weight,1,0,1,0,0,0,0.0,0.0,0.0,1.0,gpt,norm_weight
transformer_h_10_mlp_c_fc_bias,bias,2,0,2,0,0,0,0.0,0.0,0.0,1.0,gpt,bias
transformer_h_10_mlp_c_fc_weight,weight,1152,1152,0,785,365,2,0.6814236111111112,0.3168402777777778,0.0017361111111111,0.0,gpt,mlp_weight
transformer_h_10_mlp_c_proj_bias,bias,1,0,1,0,0,0,0.0,0.0,0.0,1.0,gpt,bias
transformer_h_10_mlp_c_proj_weight,weight,1152,1152,0,1152,0,0,1.0,0.0,0.0,0.0,gpt,mlp_weight
transformer_h_11_attn_c_attn_bias,bias,2,0,2,0,0,0,0.0,0.0,0.0,1.0,gpt,bias
transformer_h_11_attn_c_attn_weight,weight,864,861,3,857,3,1,0.9953542392566784,0.0034843205574912,0.0011614401858304,0.0034722222222222,gpt,attention_weight
transformer_h_11_attn_c_proj_bias,bias,1,0,1,0,0,0,0.0,0.0,0.0,1.0,gpt,bias
transformer_h_11_attn_c_proj_weight,weight,288,288,0,288,0,0,1.0,0.0,0.0,0.0,gpt,attention_weight
transformer_h_11_ln_1_bias,bias,1,0,1,0,0,0,0.0,0.0,0.0,1.0,gpt,bias
transformer_h_11_ln_1_weight,weight,1,0,1,0,0,0,0.0,0.0,0.0,1.0,gpt,norm_weight
transformer_h_11_ln_2_bias,bias,0,0,0,0,0,0,0.0,0.0,0.0,0.0,gpt,bias
transformer_h_11_ln_2_weight,weight,1,0,1,0,0,0,0.0,0.0,0.0,1.0,gpt,norm_weight
transformer_h_11_mlp_c_fc_bias,bias,2,0,2,0,0,0,0.0,0.0,0.0,1.0,gpt,bias
transformer_h_11_mlp_c_fc_weight,weight,1152,1150,2,825,325,0,0.717391304347826,0.2826086956521739,0.0,0.0017361111111111,gpt,mlp_weight
transformer_h_11_mlp_c_proj_bias,bias,1,0,1,0,0,0,0.0,0.0,0.0,1.0,gpt,bias
transformer_h_11_mlp_c_proj_weight,weight,1152,1152,0,1152,0,0,1.0,0.0,0.0,0.0,gpt,mlp_weight
transformer_h_1_attn_c_attn_bias,bias,2,0,2,0,0,0,0.0,0.0,0.0,1.0,gpt,bias
transformer_h_1_attn_c_attn_weight,weight,864,863,1,860,3,0,0.996523754345307,0.0034762456546929,0.0,0.0011574074074074,gpt,attention_weight
transformer_h_1_attn_c_proj_bias,bias,1,0,1,0,0,0,0.0,0.0,0.0,1.0,gpt,bias
transformer_h_1_attn_c_proj_weight,weight,288,288,0,287,1,0,0.9965277777777778,0.0034722222222222,0.0,0.0,gpt,attention_weight
transformer_h_1_ln_1_bias,bias,1,0,1,0,0,0,0.0,0.0,0.0,1.0,gpt,bias
transformer_h_1_ln_1_weight,weight,1,0,1,0,0,0,0.0,0.0,0.0,1.0,gpt,norm_weight
transformer_h_1_ln_2_bias,bias,1,0,1,0,0,0,0.0,0.0,0.0,1.0,gpt,bias
transformer_h_1_ln_2_weight,weight,1,0,1,0,0,0,0.0,0.0,0.0,1.0,gpt,norm_weight
transformer_h_1_mlp_c_fc_bias,bias,2,0,2,0,0,0,0.0,0.0,0.0,1.0,gpt,bias
transformer_h_1_mlp_c_fc_weight,weight,1152,1152,0,518,633,1,0.4496527777777778,0.5494791666666666,0.0008680555555555,0.0,gpt,mlp_weight
transformer_h_1_mlp_c_proj_bias,bias,1,0,1,0,0,0,0.0,0.0,0.0,1.0,gpt,bias
transformer_h_1_mlp_c_proj_weight,weight,1152,1149,3,1138,11,0,0.990426457789382,0.0095735422106179,0.0,0.0026041666666666,gpt,mlp_weight
transformer_h_2_attn_c_attn_bias,bias,2,0,2,0,0,0,0.0,0.0,0.0,1.0,gpt,bias
transformer_h_2_attn_c_attn_weight,weight,864,863,1,861,2,0,0.9976825028968712,0.0023174971031286,0.0,0.0011574074074074,gpt,attention_weight
transformer_h_2_attn_c_proj_bias,bias,1,0,1,0,0,0,0.0,0.0,0.0,1.0,gpt,bias
transformer_h_2_attn_c_proj_weight,weight,288,288,0,286,2,0,0.9930555555555556,0.0069444444444444,0.0,0.0,gpt,attention_weight
transformer_h_2_ln_1_bias,bias,1,0,1,0,0,0,0.0,0.0,0.0,1.0,gpt,bias
transformer_h_2_ln_1_weight,weight,1,0,1,0,0,0,0.0,0.0,0.0,1.0,gpt,norm_weight
transformer_h_2_ln_2_bias,bias,1,0,1,0,0,0,0.0,0.0,0.0,1.0,gpt,bias
transformer_h_2_ln_2_weight,weight,1,0,1,0,0,0,0.0,0.0,0.0,1.0,gpt,norm_weight
transformer_h_2_mlp_c_fc_bias,bias,2,0,2,0,0,0,0.0,0.0,0.0,1.0,gpt,bias
transformer_h_2_mlp_c_fc_weight,weight,1152,1152,0,555,596,1,0.4817708333333333,0.5173611111111112,0.0008680555555555,0.0,gpt,mlp_weight
transformer_h_2_mlp_c_proj_bias,bias,1,0,1,0,0,0,0.0,0.0,0.0,1.0,gpt,bias
transformer_h_2_mlp_c_proj_weight,weight,1152,1152,0,1139,13,0,0.9887152777777778,0.0112847222222222,0.0,0.0,gpt,mlp_weight
transformer_h_3_attn_c_attn_bias,bias,2,0,2,0,0,0,0.0,0.0,0.0,1.0,gpt,bias
transformer_h_3_attn_c_attn_weight,weight,864,862,2,859,3,0,0.9965197215777262,0.0034802784222737,0.0,0.0023148148148148,gpt,attention_weight
transformer_h_3_attn_c_proj_bias,bias,1,0,1,0,0,0,0.0,0.0,0.0,1.0,gpt,bias
transformer_h_3_attn_c_proj_weight,weight,288,288,0,286,2,0,0.9930555555555556,0.0069444444444444,0.0,0.0,gpt,attention_weight
transformer_h_3_ln_1_bias,bias,1,0,1,0,0,0,0.0,0.0,0.0,1.0,gpt,bias
transformer_h_3_ln_1_weight,weight,1,0,1,0,0,0,0.0,0.0,0.0,1.0,gpt,norm_weight
transformer_h_3_ln_2_bias,bias,1,0,1,0,0,0,0.0,0.0,0.0,1.0,gpt,bias
transformer_h_3_ln_2_weight,weight,1,0,1,0,0,0,0.0,0.0,0.0,1.0,gpt,norm_weight
transformer_h_3_mlp_c_fc_bias,bias,2,0,2,0,0,0,0.0,0.0,0.0,1.0,gpt,bias
transformer_h_3_mlp_c_fc_weight,weight,1152,1152,0,501,651,0,0.4348958333333333,0.5651041666666666,0.0,0.0,gpt,mlp_weight
transformer_h_3_mlp_c_proj_bias,bias,1,0,1,0,0,0,0.0,0.0,0.0,1.0,gpt,bias
transformer_h_3_mlp_c_proj_weight,weight,1152,1147,5,1142,4,1,0.995640802092415,0.003487358326068,0.000871839581517,0.0043402777777777,gpt,mlp_weight
transformer_h_4_attn_c_attn_bias,bias,2,0,2,0,0,0,0.0,0.0,0.0,1.0,gpt,bias
transformer_h_4_attn_c_attn_weight,weight,864,863,1,861,2,0,0.9976825028968712,0.0023174971031286,0.0,0.0011574074074074,gpt,attention_weight
transformer_h_4_attn_c_proj_bias,bias,1,0,1,0,0,0,0.0,0.0,0.0,1.0,gpt,bias
transformer_h_4_attn_c_proj_weight,weight,288,288,0,286,2,0,0.9930555555555556,0.0069444444444444,0.0,0.0,gpt,attention_weight
transformer_h_4_ln_1_bias,bias,1,0,1,0,0,0,0.0,0.0,0.0,1.0,gpt,bias
transformer_h_4_ln_1_weight,weight,1,0,1,0,0,0,0.0,0.0,0.0,1.0,gpt,norm_weight
transformer_h_4_ln_2_bias,bias,1,0,1,0,0,0,0.0,0.0,0.0,1.0,gpt,bias
transformer_h_4_ln_2_weight,weight,1,0,1,0,0,0,0.0,0.0,0.0,1.0,gpt,norm_weight
transformer_h_4_mlp_c_fc_bias,bias,2,0,2,0,0,0,0.0,0.0,0.0,1.0,gpt,bias
transformer_h_4_mlp_c_fc_weight,weight,1152,1152,0,501,651,0,0.4348958333333333,0.5651041666666666,0.0,0.0,gpt,mlp_weight
transformer_h_4_mlp_c_proj_bias,bias,1,0,1,0,0,0,0.0,0.0,0.0,1.0,gpt,bias
transformer_h_4_mlp_c_proj_weight,weight,1152,1151,1,1149,2,0,0.998262380538662,0.0017376194613379,0.0,0.0008680555555555,gpt,mlp_weight
transformer_h_5_attn_c_attn_bias,bias,2,0,2,0,0,0,0.0,0.0,0.0,1.0,gpt,bias
transformer_h_5_attn_c_attn_weight,weight,864,863,1,861,2,0,0.9976825028968712,0.0023174971031286,0.0,0.0011574074074074,gpt,attention_weight
transformer_h_5_attn_c_proj_bias,bias,1,0,1,0,0,0,0.0,0.0,0.0,1.0,gpt,bias
transformer_h_5_attn_c_proj_weight,weight,288,288,0,288,0,0,1.0,0.0,0.0,0.0,gpt,attention_weight
transformer_h_5_ln_1_bias,bias,1,0,1,0,0,0,0.0,0.0,0.0,1.0,gpt,bias
transformer_h_5_ln_1_weight,weight,1,0,1,0,0,0,0.0,0.0,0.0,1.0,gpt,norm_weight
transformer_h_5_ln_2_bias,bias,1,0,1,0,0,0,0.0,0.0,0.0,1.0,gpt,bias
transformer_h_5_ln_2_weight,weight,1,0,1,0,0,0,0.0,0.0,0.0,1.0,gpt,norm_weight
transformer_h_5_mlp_c_fc_bias,bias,2,0,2,0,0,0,0.0,0.0,0.0,1.0,gpt,bias
transformer_h_5_mlp_c_fc_weight,weight,1152,1151,1,594,556,1,0.5160729800173762,0.4830582102519548,0.0008688097306689,0.0008680555555555,gpt,mlp_weight
transformer_h_5_mlp_c_proj_bias,bias,1,0,1,0,0,0,0.0,0.0,0.0,1.0,gpt,bias
transformer_h_5_mlp_c_proj_weight,weight,1152,1152,0,1150,2,0,0.9982638888888888,0.0017361111111111,0.0,0.0,gpt,mlp_weight
transformer_h_6_attn_c_attn_bias,bias,2,0,2,0,0,0,0.0,0.0,0.0,1.0,gpt,bias
transformer_h_6_attn_c_attn_weight,weight,864,863,1,860,3,0,0.996523754345307,0.0034762456546929,0.0,0.0011574074074074,gpt,attention_weight
transformer_h_6_attn_c_proj_bias,bias,1,0,1,0,0,0,0.0,0.0,0.0,1.0,gpt,bias
transformer_h_6_attn_c_proj_weight,weight,288,288,0,288,0,0,1.0,0.0,0.0,0.0,gpt,attention_weight
transformer_h_6_ln_1_bias,bias,1,0,1,0,0,0,0.0,0.0,0.0,1.0,gpt,bias
transformer_h_6_ln_1_weight,weight,1,0,1,0,0,0,0.0,0.0,0.0,1.0,gpt,norm_weight
transformer_h_6_ln_2_bias,bias,1,0,1,0,0,0,0.0,0.0,0.0,1.0,gpt,bias
transformer_h_6_ln_2_weight,weight,1,1,0,1,0,0,1.0,0.0,0.0,0.0,gpt,norm_weight
transformer_h_6_mlp_c_fc_bias,bias,2,0,2,0,0,0,0.0,0.0,0.0,1.0,gpt,bias
transformer_h_6_mlp_c_fc_weight,weight,1152,1152,0,647,504,1,0.5616319444444444,0.4375,0.0008680555555555,0.0,gpt,mlp_weight
transformer_h_6_mlp_c_proj_bias,bias,1,0,1,0,0,0,0.0,0.0,0.0,1.0,gpt,bias
transformer_h_6_mlp_c_proj_weight,weight,1152,1151,1,1149,2,0,0.998262380538662,0.0017376194613379,0.0,0.0008680555555555,gpt,mlp_weight
transformer_h_7_attn_c_attn_bias,bias,2,0,2,0,0,0,0.0,0.0,0.0,1.0,gpt,bias
transformer_h_7_attn_c_attn_weight,weight,864,863,1,862,1,0,0.9988412514484356,0.0011587485515643,0.0,0.0011574074074074,gpt,attention_weight
transformer_h_7_attn_c_proj_bias,bias,1,0,1,0,0,0,0.0,0.0,0.0,1.0,gpt,bias
transformer_h_7_attn_c_proj_weight,weight,288,288,0,288,0,0,1.0,0.0,0.0,0.0,gpt,attention_weight
transformer_h_7_ln_1_bias,bias,1,0,1,0,0,0,0.0,0.0,0.0,1.0,gpt,bias
transformer_h_7_ln_1_weight,weight,1,0,1,0,0,0,0.0,0.0,0.0,1.0,gpt,norm_weight
transformer_h_7_ln_2_bias,bias,1,0,1,0,0,0,0.0,0.0,0.0,1.0,gpt,bias
transformer_h_7_ln_2_weight,weight,1,0,1,0,0,0,0.0,0.0,0.0,1.0,gpt,norm_weight
transformer_h_7_mlp_c_fc_bias,bias,2,0,2,0,0,0,0.0,0.0,0.0,1.0,gpt,bias
transformer_h_7_mlp_c_fc_weight,weight,1152,1152,0,666,484,2,0.578125,0.4201388888888889,0.0017361111111111,0.0,gpt,mlp_weight
transformer_h_7_mlp_c_proj_bias,bias,1,0,1,0,0,0,0.0,0.0,0.0,1.0,gpt,bias
transformer_h_7_mlp_c_proj_weight,weight,1152,1152,0,1152,0,0,1.0,0.0,0.0,0.0,gpt,mlp_weight
transformer_h_8_attn_c_attn_bias,bias,2,0,2,0,0,0,0.0,0.0,0.0,1.0,gpt,bias
transformer_h_8_attn_c_attn_weight,weight,864,863,1,859,4,0,0.9953650057937428,0.0046349942062572,0.0,0.0011574074074074,gpt,attention_weight
transformer_h_8_attn_c_proj_bias,bias,1,0,1,0,0,0,0.0,0.0,0.0,1.0,gpt,bias
transformer_h_8_attn_c_proj_weight,weight,288,288,0,288,0,0,1.0,0.0,0.0,0.0,gpt,attention_weight
transformer_h_8_ln_1_bias,bias,1,0,1,0,0,0,0.0,0.0,0.0,1.0,gpt,bias
transformer_h_8_ln_1_weight,weight,1,0,1,0,0,0,0.0,0.0,0.0,1.0,gpt,norm_weight
transformer_h_8_ln_2_bias,bias,1,0,1,0,0,0,0.0,0.0,0.0,1.0,gpt,bias
transformer_h_8_ln_2_weight,weight,1,0,1,0,0,0,0.0,0.0,0.0,1.0,gpt,norm_weight
transformer_h_8_mlp_c_fc_bias,bias,2,0,2,0,0,0,0.0,0.0,0.0,1.0,gpt,bias
transformer_h_8_mlp_c_fc_weight,weight,1152,1152,0,683,468,1,0.5928819444444444,0.40625,0.0008680555555555,0.0,gpt,mlp_weight
transformer_h_8_mlp_c_proj_bias,bias,1,0,1,0,0,0,0.0,0.0,0.0,1.0,gpt,bias
transformer_h_8_mlp_c_proj_weight,weight,1152,1152,0,1152,0,0,1.0,0.0,0.0,0.0,gpt,mlp_weight
transformer_h_9_attn_c_attn_bias,bias,2,0,2,0,0,0,0.0,0.0,0.0,1.0,gpt,bias
transformer_h_9_attn_c_attn_weight,weight,864,863,1,861,2,0,0.9976825028968712,0.0023174971031286,0.0,0.0011574074074074,gpt,attention_weight
transformer_h_9_attn_c_proj_bias,bias,1,0,1,0,0,0,0.0,0.0,0.0,1.0,gpt,bias
transformer_h_9_attn_c_proj_weight,weight,288,288,0,288,0,0,1.0,0.0,0.0,0.0,gpt,attention_weight
transformer_h_9_ln_1_bias,bias,1,0,1,0,0,0,0.0,0.0,0.0,1.0,gpt,bias
transformer_h_9_ln_1_weight,weight,1,0,1,0,0,0,0.0,0.0,0.0,1.0,gpt,norm_weight
transformer_h_9_ln_2_bias,bias,1,0,1,0,0,0,0.0,0.0,0.0,1.0,gpt,bias
transformer_h_9_ln_2_weight,weight,1,0,1,0,0,0,0.0,0.0,0.0,1.0,gpt,norm_weight
transformer_h_9_mlp_c_fc_bias,bias,2,0,2,0,0,0,0.0,0.0,0.0,1.0,gpt,bias
transformer_h_9_mlp_c_fc_weight,weight,1152,1152,0,708,442,2,0.6145833333333334,0.3836805555555556,0.0017361111111111,0.0,gpt,mlp_weight
transformer_h_9_mlp_c_proj_bias,bias,1,0,1,0,0,0,0.0,0.0,0.0,1.0,gpt,bias
transformer_h_9_mlp_c_proj_weight,weight,1152,1152,0,1152,0,0,1.0,0.0,0.0,0.0,gpt,mlp_weight
transformer_positions_embed_weight,weight,192,192,0,82,19,91,0.4270833333333333,0.0989583333333333,0.4739583333333333,0.0,gpt,embedding_weight
transformer_tokens_embed_weight,weight,15180,2931,12249,2929,2,0,0.9993176390310474,0.0006823609689525,0.0,0.8069169960474308,gpt,embedding_weight
transformer_h_0_attn_bias,bias,512,512,0,1,0,511,0.001953125,0.0,0.998046875,0.0,gpt2,bias
transformer_h_0_attn_c_attn_bias,bias,2,1,1,1,0,0,1.0,0.0,0.0,0.5,gpt2,bias
transformer_h_0_attn_c_attn_weight,weight,864,864,0,774,2,88,0.8958333333333334,0.0023148148148148,0.1018518518518518,0.0,gpt2,attention_weight
transformer_h_0_attn_c_proj_bias,bias,1,0,1,0,0,0,0.0,0.0,0.0,1.0,gpt2,bias
transformer_h_0_attn_c_proj_weight,weight,288,288,0,287,0,1,0.9965277777777778,0.0,0.0034722222222222,0.0,gpt2,attention_weight
transformer_h_0_attn_masked_bias,bias,1,1,0,0,1,0,0.0,1.0,0.0,0.0,gpt2,bias
transformer_h_0_ln_1_bias,bias,1,0,1,0,0,0,0.0,0.0,0.0,1.0,gpt2,bias
transformer_h_0_ln_1_weight,weight,1,1,0,0,1,0,0.0,1.0,0.0,0.0,gpt2,norm_weight
transformer_h_0_ln_2_bias,bias,1,0,1,0,0,0,0.0,0.0,0.0,1.0,gpt2,bias
transformer_h_0_ln_2_weight,weight,1,1,0,0,0,1,0.0,0.0,1.0,0.0,gpt2,norm_weight
transformer_h_0_mlp_c_fc_bias,bias,2,0,2,0,0,0,0.0,0.0,0.0,1.0,gpt2,bias
transformer_h_0_mlp_c_fc_weight,weight,1152,1152,0,655,395,102,0.5685763888888888,0.3428819444444444,0.0885416666666666,0.0,gpt2,mlp_weight
transformer_h_0_mlp_c_proj_bias,bias,1,0,1,0,0,0,0.0,0.0,0.0,1.0,gpt2,bias
transformer_h_0_mlp_c_proj_weight,weight,1152,1152,0,1,0,1151,0.0008680555555555,0.0,0.9991319444444444,0.0,gpt2,mlp_weight
transformer_h_10_attn_bias,bias,512,512,0,1,0,511,0.001953125,0.0,0.998046875,0.0,gpt2,bias
transformer_h_10_attn_c_attn_bias,bias,2,0,2,0,0,0,0.0,0.0,0.0,1.0,gpt2,bias
transformer_h_10_attn_c_attn_weight,weight,864,864,0,860,3,1,0.9953703703703703,0.0034722222222222,0.0011574074074074,0.0,gpt2,attention_weight
transformer_h_10_attn_c_proj_bias,bias,1,0,1,0,0,0,0.0,0.0,0.0,1.0,gpt2,bias
transformer_h_10_attn_c_proj_weight,weight,288,288,0,265,0,23,0.9201388888888888,0.0,0.0798611111111111,0.0,gpt2,attention_weight
transformer_h_10_attn_masked_bias,bias,1,1,0,0,1,0,0.0,1.0,0.0,0.0,gpt2,bias
transformer_h_10_ln_1_bias,bias,1,1,0,0,1,0,0.0,1.0,0.0,0.0,gpt2,bias
transformer_h_10_ln_1_weight,weight,1,1,0,0,1,0,0.0,1.0,0.0,0.0,gpt2,norm_weight
transformer_h_10_ln_2_bias,bias,1,1,0,0,1,0,0.0,1.0,0.0,0.0,gpt2,bias
transformer_h_10_ln_2_weight,weight,1,1,0,0,0,1,0.0,0.0,1.0,0.0,gpt2,norm_weight
transformer_h_10_mlp_c_fc_bias,bias,2,0,2,0,0,0,0.0,0.0,0.0,1.0,gpt2,bias
transformer_h_10_mlp_c_fc_weight,weight,1152,1152,0,632,519,1,0.5486111111111112,0.4505208333333333,0.0008680555555555,0.0,gpt2,mlp_weight
transformer_h_10_mlp_c_proj_bias,bias,1,0,1,0,0,0,0.0,0.0,0.0,1.0,gpt2,bias
transformer_h_10_mlp_c_proj_weight,weight,1152,1152,0,1000,0,152,0.8680555555555556,0.0,0.1319444444444444,0.0,gpt2,mlp_weight
transformer_h_11_attn_bias,bias,512,512,0,1,0,511,0.001953125,0.0,0.998046875,0.0,gpt2,bias
transformer_h_11_attn_c_attn_bias,bias,2,0,2,0,0,0,0.0,0.0,0.0,1.0,gpt2,bias
transformer_h_11_attn_c_attn_weight,weight,864,864,0,858,2,4,0.9930555555555556,0.0023148148148148,0.0046296296296296,0.0,gpt2,attention_weight
transformer_h_11_attn_c_proj_bias,bias,1,1,0,1,0,0,1.0,0.0,0.0,0.0,gpt2,bias
transformer_h_11_attn_c_proj_weight,weight,288,288,0,35,0,253,0.1215277777777777,0.0,0.8784722222222222,0.0,gpt2,attention_weight
transformer_h_11_attn_masked_bias,bias,0,0,0,0,0,0,0.0,0.0,0.0,0.0,gpt2,bias
transformer_h_11_ln_1_bias,bias,1,1,0,0,1,0,0.0,1.0,0.0,0.0,gpt2,bias
transformer_h_11_ln_1_weight,weight,1,1,0,0,0,1,0.0,0.0,1.0,0.0,gpt2,norm_weight
transformer_h_11_ln_2_bias,bias,1,0,1,0,0,0,0.0,0.0,0.0,1.0,gpt2,bias
transformer_h_11_ln_2_weight,weight,1,1,0,0,1,0,0.0,1.0,0.0,0.0,gpt2,norm_weight
transformer_h_11_mlp_c_fc_bias,bias,2,0,2,0,0,0,0.0,0.0,0.0,1.0,gpt2,bias
transformer_h_11_mlp_c_fc_weight,weight,1152,1152,0,730,418,4,0.6336805555555556,0.3628472222222222,0.0034722222222222,0.0,gpt2,mlp_weight
transformer_h_11_mlp_c_proj_bias,bias,1,0,1,0,0,0,0.0,0.0,0.0,1.0,gpt2,bias
transformer_h_11_mlp_c_proj_weight,weight,1152,1152,0,367,0,785,0.3185763888888889,0.0,0.6814236111111112,0.0,gpt2,mlp_weight
transformer_h_1_attn_bias,bias,512,512,0,1,0,511,0.001953125,0.0,0.998046875,0.0,gpt2,bias
transformer_h_1_attn_c_attn_bias,bias,2,1,1,1,0,0,1.0,0.0,0.0,0.5,gpt2,bias
transformer_h_1_attn_c_attn_weight,weight,864,862,2,845,15,2,0.980278422273782,0.0174013921113689,0.0023201856148491,0.0023148148148148,gpt2,attention_weight
transformer_h_1_attn_c_proj_bias,bias,1,0,1,0,0,0,0.0,0.0,0.0,1.0,gpt2,bias
transformer_h_1_attn_c_proj_weight,weight,288,288,0,0,0,288,0.0,0.0,1.0,0.0,gpt2,attention_weight
transformer_h_1_attn_masked_bias,bias,1,1,0,0,1,0,0.0,1.0,0.0,0.0,gpt2,bias
transformer_h_1_ln_1_bias,bias,1,1,0,0,1,0,0.0,1.0,0.0,0.0,gpt2,bias
transformer_h_1_ln_1_weight,weight,1,1,0,0,0,1,0.0,0.0,1.0,0.0,gpt2,norm_weight
transformer_h_1_ln_2_bias,bias,1,1,0,0,1,0,0.0,1.0,0.0,0.0,gpt2,bias
transformer_h_1_ln_2_weight,weight,1,1,0,0,1,0,0.0,1.0,0.0,0.0,gpt2,norm_weight
transformer_h_1_mlp_c_fc_bias,bias,2,0,2,0,0,0,0.0,0.0,0.0,1.0,gpt2,bias
transformer_h_1_mlp_c_fc_weight,weight,1152,1152,0,767,367,18,0.6657986111111112,0.3185763888888889,0.015625,0.0,gpt2,mlp_weight
transformer_h_1_mlp_c_proj_bias,bias,1,0,1,0,0,0,0.0,0.0,0.0,1.0,gpt2,bias
transformer_h_1_mlp_c_proj_weight,weight,1152,1152,0,4,0,1148,0.0034722222222222,0.0,0.9965277777777778,0.0,gpt2,mlp_weight
transformer_h_2_attn_bias,bias,512,512,0,1,0,511,0.001953125,0.0,0.998046875,0.0,gpt2,bias
transformer_h_2_attn_c_attn_bias,bias,2,1,1,0,1,0,0.0,1.0,0.0,0.5,gpt2,bias
transformer_h_2_attn_c_attn_weight,weight,864,864,0,860,4,0,0.9953703703703703,0.0046296296296296,0.0,0.0,gpt2,attention_weight
transformer_h_2_attn_c_proj_bias,bias,1,0,1,0,0,0,0.0,0.0,0.0,1.0,gpt2,bias
transformer_h_2_attn_c_proj_weight,weight,288,288,0,282,1,5,0.9791666666666666,0.0034722222222222,0.0173611111111111,0.0,gpt2,attention_weight
transformer_h_2_attn_masked_bias,bias,1,1,0,0,1,0,0.0,1.0,0.0,0.0,gpt2,bias
transformer_h_2_ln_1_bias,bias,1,1,0,1,0,0,1.0,0.0,0.0,0.0,gpt2,bias
transformer_h_2_ln_1_weight,weight,1,1,0,0,1,0,0.0,1.0,0.0,0.0,gpt2,norm_weight
transformer_h_2_ln_2_bias,bias,1,0,1,0,0,0,0.0,0.0,0.0,1.0,gpt2,bias
transformer_h_2_ln_2_weight,weight,1,1,0,0,1,0,0.0,1.0,0.0,0.0,gpt2,norm_weight
transformer_h_2_mlp_c_fc_bias,bias,2,0,2,0,0,0,0.0,0.0,0.0,1.0,gpt2,bias
transformer_h_2_mlp_c_fc_weight,weight,1152,1152,0,1041,84,27,0.9036458333333334,0.0729166666666666,0.0234375,0.0,gpt2,mlp_weight
transformer_h_2_mlp_c_proj_bias,bias,1,0,1,0,0,0,0.0,0.0,0.0,1.0,gpt2,bias
transformer_h_2_mlp_c_proj_weight,weight,1152,1152,0,4,0,1148,0.0034722222222222,0.0,0.9965277777777778,0.0,gpt2,mlp_weight
transformer_h_3_attn_bias,bias,512,512,0,1,0,511,0.001953125,0.0,0.998046875,0.0,gpt2,bias
transformer_h_3_attn_c_attn_bias,bias,2,1,1,1,0,0,1.0,0.0,0.0,0.5,gpt2,bias
transformer_h_3_attn_c_attn_weight,weight,864,864,0,863,1,0,0.9988425925925926,0.0011574074074074,0.0,0.0,gpt2,attention_weight
transformer_h_3_attn_c_proj_bias,bias,1,0,1,0,0,0,0.0,0.0,0.0,1.0,gpt2,bias
transformer_h_3_attn_c_proj_weight,weight,288,288,0,273,0,15,0.9479166666666666,0.0,0.0520833333333333,0.0,gpt2,attention_weight
transformer_h_3_attn_masked_bias,bias,1,1,0,0,1,0,0.0,1.0,0.0,0.0,gpt2,bias
transformer_h_3_ln_1_bias,bias,1,1,0,0,1,0,0.0,1.0,0.0,0.0,gpt2,bias
transformer_h_3_ln_1_weight,weight,1,1,0,0,1,0,0.0,1.0,0.0,0.0,gpt2,norm_weight
transformer_h_3_ln_2_bias,bias,1,0,1,0,0,0,0.0,0.0,0.0,1.0,gpt2,bias
transformer_h_3_ln_2_weight,weight,1,1,0,0,0,1,0.0,0.0,1.0,0.0,gpt2,norm_weight
transformer_h_3_mlp_c_fc_bias,bias,2,0,2,0,0,0,0.0,0.0,0.0,1.0,gpt2,bias
transformer_h_3_mlp_c_fc_weight,weight,1152,1152,0,657,494,1,0.5703125,0.4288194444444444,0.0008680555555555,0.0,gpt2,mlp_weight
transformer_h_3_mlp_c_proj_bias,bias,1,0,1,0,0,0,0.0,0.0,0.0,1.0,gpt2,bias
transformer_h_3_mlp_c_proj_weight,weight,1152,1152,0,7,0,1145,0.0060763888888888,0.0,0.9939236111111112,0.0,gpt2,mlp_weight
transformer_h_4_attn_bias,bias,512,512,0,1,0,511,0.001953125,0.0,0.998046875,0.0,gpt2,bias
transformer_h_4_attn_c_attn_bias,bias,2,1,1,0,1,0,0.0,1.0,0.0,0.5,gpt2,bias
transformer_h_4_attn_c_attn_weight,weight,864,864,0,689,0,175,0.7974537037037037,0.0,0.2025462962962963,0.0,gpt2,attention_weight
transformer_h_4_attn_c_proj_bias,bias,1,0,1,0,0,0,0.0,0.0,0.0,1.0,gpt2,bias
transformer_h_4_attn_c_proj_weight,weight,288,288,0,280,0,8,0.9722222222222222,0.0,0.0277777777777777,0.0,gpt2,attention_weight
transformer_h_4_attn_masked_bias,bias,1,1,0,0,1,0,0.0,1.0,0.0,0.0,gpt2,bias
transformer_h_4_ln_1_bias,bias,1,1,0,0,1,0,0.0,1.0,0.0,0.0,gpt2,bias
transformer_h_4_ln_1_weight,weight,1,1,0,0,0,1,0.0,0.0,1.0,0.0,gpt2,norm_weight
transformer_h_4_ln_2_bias,bias,1,0,1,0,0,0,0.0,0.0,0.0,1.0,gpt2,bias
transformer_h_4_ln_2_weight,weight,1,1,0,0,0,1,0.0,0.0,1.0,0.0,gpt2,norm_weight
transformer_h_4_mlp_c_fc_bias,bias,2,0,2,0,0,0,0.0,0.0,0.0,1.0,gpt2,bias
transformer_h_4_mlp_c_fc_weight,weight,1152,1152,0,707,444,1,0.6137152777777778,0.3854166666666667,0.0008680555555555,0.0,gpt2,mlp_weight
transformer_h_4_mlp_c_proj_bias,bias,1,0,1,0,0,0,0.0,0.0,0.0,1.0,gpt2,bias
transformer_h_4_mlp_c_proj_weight,weight,1152,1152,0,895,0,257,0.7769097222222222,0.0,0.2230902777777778,0.0,gpt2,mlp_weight
transformer_h_5_attn_bias,bias,512,512,0,1,0,511,0.001953125,0.0,0.998046875,0.0,gpt2,bias
transformer_h_5_attn_c_attn_bias,bias,2,1,1,0,1,0,0.0,1.0,0.0,0.5,gpt2,bias
transformer_h_5_attn_c_attn_weight,weight,864,864,0,854,8,2,0.988425925925926,0.0092592592592592,0.0023148148148148,0.0,gpt2,attention_weight
transformer_h_5_attn_c_proj_bias,bias,1,0,1,0,0,0,0.0,0.0,0.0,1.0,gpt2,bias
transformer_h_5_attn_c_proj_weight,weight,288,288,0,279,0,9,0.96875,0.0,0.03125,0.0,gpt2,attention_weight
transformer_h_5_attn_masked_bias,bias,1,1,0,0,1,0,0.0,1.0,0.0,0.0,gpt2,bias
transformer_h_5_ln_1_bias,bias,1,1,0,0,1,0,0.0,1.0,0.0,0.0,gpt2,bias
transformer_h_5_ln_1_weight,weight,1,1,0,0,1,0,0.0,1.0,0.0,0.0,gpt2,norm_weight
transformer_h_5_ln_2_bias,bias,1,0,1,0,0,0,0.0,0.0,0.0,1.0,gpt2,bias
transformer_h_5_ln_2_weight,weight,1,1,0,0,0,1,0.0,0.0,1.0,0.0,gpt2,norm_weight
transformer_h_5_mlp_c_fc_bias,bias,2,0,2,0,0,0,0.0,0.0,0.0,1.0,gpt2,bias
transformer_h_5_mlp_c_fc_weight,weight,1152,1152,0,603,549,0,0.5234375,0.4765625,0.0,0.0,gpt2,mlp_weight
transformer_h_5_mlp_c_proj_bias,bias,1,0,1,0,0,0,0.0,0.0,0.0,1.0,gpt2,bias
transformer_h_5_mlp_c_proj_weight,weight,1152,1152,0,1063,0,89,0.9227430555555556,0.0,0.0772569444444444,0.0,gpt2,mlp_weight
transformer_h_6_attn_bias,bias,512,512,0,1,0,511,0.001953125,0.0,0.998046875,0.0,gpt2,bias
transformer_h_6_attn_c_attn_bias,bias,2,1,1,0,1,0,0.0,1.0,0.0,0.5,gpt2,bias
transformer_h_6_attn_c_attn_weight,weight,864,864,0,860,3,1,0.9953703703703703,0.0034722222222222,0.0011574074074074,0.0,gpt2,attention_weight
transformer_h_6_attn_c_proj_bias,bias,1,0,1,0,0,0,0.0,0.0,0.0,1.0,gpt2,bias
transformer_h_6_attn_c_proj_weight,weight,288,288,0,286,0,2,0.9930555555555556,0.0,0.0069444444444444,0.0,gpt2,attention_weight
transformer_h_6_attn_masked_bias,bias,1,1,0,0,1,0,0.0,1.0,0.0,0.0,gpt2,bias
transformer_h_6_ln_1_bias,bias,1,1,0,0,1,0,0.0,1.0,0.0,0.0,gpt2,bias
transformer_h_6_ln_1_weight,weight,1,1,0,0,0,1,0.0,0.0,1.0,0.0,gpt2,norm_weight
transformer_h_6_ln_2_bias,bias,1,0,1,0,0,0,0.0,0.0,0.0,1.0,gpt2,bias
transformer_h_6_ln_2_weight,weight,1,1,0,0,1,0,0.0,1.0,0.0,0.0,gpt2,norm_weight
transformer_h_6_mlp_c_fc_bias,bias,2,0,2,0,0,0,0.0,0.0,0.0,1.0,gpt2,bias
transformer_h_6_mlp_c_fc_weight,weight,1152,1152,0,569,583,0,0.4939236111111111,0.5060763888888888,0.0,0.0,gpt2,mlp_weight
transformer_h_6_mlp_c_proj_bias,bias,1,0,1,0,0,0,0.0,0.0,0.0,1.0,gpt2,bias
transformer_h_6_mlp_c_proj_weight,weight,1152,1152,0,1089,0,63,0.9453125,0.0,0.0546875,0.0,gpt2,mlp_weight
transformer_h_7_attn_bias,bias,512,512,0,1,0,511,0.001953125,0.0,0.998046875,0.0,gpt2,bias
transformer_h_7_attn_c_attn_bias,bias,2,1,1,0,1,0,0.0,1.0,0.0,0.5,gpt2,bias
transformer_h_7_attn_c_attn_weight,weight,864,864,0,860,3,1,0.9953703703703703,0.0034722222222222,0.0011574074074074,0.0,gpt2,attention_weight
transformer_h_7_attn_c_proj_bias,bias,1,0,1,0,0,0,0.0,0.0,0.0,1.0,gpt2,bias
transformer_h_7_attn_c_proj_weight,weight,288,288,0,281,0,7,0.9756944444444444,0.0,0.0243055555555555,0.0,gpt2,attention_weight
transformer_h_7_attn_masked_bias,bias,1,1,0,0,1,0,0.0,1.0,0.0,0.0,gpt2,bias
transformer_h_7_ln_1_bias,bias,1,1,0,0,1,0,0.0,1.0,0.0,0.0,gpt2,bias
transformer_h_7_ln_1_weight,weight,1,1,0,0,1,0,0.0,1.0,0.0,0.0,gpt2,norm_weight
transformer_h_7_ln_2_bias,bias,1,0,1,0,0,0,0.0,0.0,0.0,1.0,gpt2,bias
transformer_h_7_ln_2_weight,weight,1,1,0,0,1,0,0.0,1.0,0.0,0.0,gpt2,norm_weight
transformer_h_7_mlp_c_fc_bias,bias,2,0,2,0,0,0,0.0,0.0,0.0,1.0,gpt2,bias
transformer_h_7_mlp_c_fc_weight,weight,1152,19,1133,2,17,0,0.1052631578947368,0.8947368421052632,0.0,0.9835069444444444,gpt2,mlp_weight
transformer_h_7_mlp_c_proj_bias,bias,1,0,1,0,0,0,0.0,0.0,0.0,1.0,gpt2,bias
transformer_h_7_mlp_c_proj_weight,weight,1152,1152,0,1118,0,34,0.9704861111111112,0.0,0.0295138888888888,0.0,gpt2,mlp_weight
transformer_h_8_attn_bias,bias,512,512,0,1,0,511,0.001953125,0.0,0.998046875,0.0,gpt2,bias
transformer_h_8_attn_c_attn_bias,bias,2,1,1,1,0,0,1.0,0.0,0.0,0.5,gpt2,bias
transformer_h_8_attn_c_attn_weight,weight,864,864,0,858,6,0,0.9930555555555556,0.0069444444444444,0.0,0.0,gpt2,attention_weight
transformer_h_8_attn_c_proj_bias,bias,1,0,1,0,0,0,0.0,0.0,0.0,1.0,gpt2,bias
transformer_h_8_attn_c_proj_weight,weight,288,288,0,278,0,10,0.9652777777777778,0.0,0.0347222222222222,0.0,gpt2,attention_weight
transformer_h_8_attn_masked_bias,bias,1,1,0,0,1,0,0.0,1.0,0.0,0.0,gpt2,bias
transformer_h_8_ln_1_bias,bias,1,1,0,0,1,0,0.0,1.0,0.0,0.0,gpt2,bias
transformer_h_8_ln_1_weight,weight,1,1,0,0,1,0,0.0,1.0,0.0,0.0,gpt2,norm_weight
transformer_h_8_ln_2_bias,bias,1,0,1,0,0,0,0.0,0.0,0.0,1.0,gpt2,bias
transformer_h_8_ln_2_weight,weight,1,1,0,0,1,0,0.0,1.0,0.0,0.0,gpt2,norm_weight
transformer_h_8_mlp_c_fc_bias,bias,2,0,2,0,0,0,0.0,0.0,0.0,1.0,gpt2,bias
transformer_h_8_mlp_c_fc_weight,weight,1152,49,1103,3,45,1,0.0612244897959183,0.9183673469387756,0.0204081632653061,0.9574652777777778,gpt2,mlp_weight
transformer_h_8_mlp_c_proj_bias,bias,1,0,1,0,0,0,0.0,0.0,0.0,1.0,gpt2,bias
transformer_h_8_mlp_c_proj_weight,weight,1152,1152,0,1104,0,48,0.9583333333333334,0.0,0.0416666666666666,0.0,gpt2,mlp_weight
transformer_h_9_attn_bias,bias,512,512,0,1,0,511,0.001953125,0.0,0.998046875,0.0,gpt2,bias
transformer_h_9_attn_c_attn_bias,bias,2,1,1,1,0,0,1.0,0.0,0.0,0.5,gpt2,bias
transformer_h_9_attn_c_attn_weight,weight,864,864,0,855,7,2,0.9895833333333334,0.0081018518518518,0.0023148148148148,0.0,gpt2,attention_weight
transformer_h_9_attn_c_proj_bias,bias,1,0,1,0,0,0,0.0,0.0,0.0,1.0,gpt2,bias
transformer_h_9_attn_c_proj_weight,weight,288,288,0,287,0,1,0.9965277777777778,0.0,0.0034722222222222,0.0,gpt2,attention_weight
transformer_h_9_attn_masked_bias,bias,1,1,0,0,1,0,0.0,1.0,0.0,0.0,gpt2,bias
transformer_h_9_ln_1_bias,bias,1,1,0,0,0,1,0.0,0.0,1.0,0.0,gpt2,bias
transformer_h_9_ln_1_weight,weight,1,1,0,0,0,1,0.0,0.0,1.0,0.0,gpt2,norm_weight
transformer_h_9_ln_2_bias,bias,1,0,1,0,0,0,0.0,0.0,0.0,1.0,gpt2,bias
transformer_h_9_ln_2_weight,weight,1,1,0,0,1,0,0.0,1.0,0.0,0.0,gpt2,norm_weight
transformer_h_9_mlp_c_fc_bias,bias,2,0,2,0,0,0,0.0,0.0,0.0,1.0,gpt2,bias
transformer_h_9_mlp_c_fc_weight,weight,1152,1152,0,529,623,0,0.4592013888888889,0.5407986111111112,0.0,0.0,gpt2,mlp_weight
transformer_h_9_mlp_c_proj_bias,bias,1,0,1,0,0,0,0.0,0.0,0.0,1.0,gpt2,bias
transformer_h_9_mlp_c_proj_weight,weight,1152,1152,0,1116,0,36,0.96875,0.0,0.03125,0.0,gpt2,mlp_weight
transformer_ln_f_bias,bias,1,1,0,1,0,0,1.0,0.0,0.0,0.0,gpt2,bias
transformer_ln_f_weight,weight,1,1,0,0,1,0,0.0,1.0,0.0,0.0,gpt2,norm_weight
transformer_wpe_weight,weight,384,384,0,384,0,0,1.0,0.0,0.0,0.0,gpt2,embedding_weight
transformer_wte_weight,weight,18847,17614,1233,17614,0,0,1.0,0.0,0.0,0.0654215525017244,gpt2,embedding_weight
AuxLogits_conv0_bn_bias,bias,1,0,1,0,0,0,0.0,0.0,0.0,1.0,inceptionv3,bias
AuxLogits_conv0_bn_num_batches_tracked,buffer,1,1,0,1,0,0,1.0,0.0,0.0,0.0,inceptionv3,buffer
AuxLogits_conv0_bn_running_mean,buffer,1,1,0,1,0,0,1.0,0.0,0.0,0.0,inceptionv3,buffer
AuxLogits_conv0_bn_running_var,buffer,1,1,0,1,0,0,1.0,0.0,0.0,0.0,inceptionv3,buffer
AuxLogits_conv0_bn_weight,weight,1,1,0,1,0,0,1.0,0.0,0.0,0.0,inceptionv3,norm_weight
AuxLogits_conv0_conv_weight,weight,48,48,0,47,1,0,0.9791666666666666,0.0208333333333333,0.0,0.0,inceptionv3,conv_weight
AuxLogits_conv1_bn_bias,bias,1,0,1,0,0,0,0.0,0.0,0.0,1.0,inceptionv3,bias
AuxLogits_conv1_bn_num_batches_tracked,buffer,1,1,0,1,0,0,1.0,0.0,0.0,0.0,inceptionv3,buffer
AuxLogits_conv1_bn_running_mean,buffer,1,1,0,1,0,0,1.0,0.0,0.0,0.0,inceptionv3,buffer
AuxLogits_conv1_bn_running_var,buffer,1,1,0,1,0,0,1.0,0.0,0.0,0.0,inceptionv3,buffer
AuxLogits_conv1_bn_weight,weight,1,1,0,1,0,0,1.0,0.0,0.0,0.0,inceptionv3,norm_weight
AuxLogits_conv1_conv_weight,weight,1200,660,540,27,14,619,0.0409090909090909,0.0212121212121212,0.937878787878788,0.45,inceptionv3,conv_weight
AuxLogits_fc_bias,bias,1,0,1,0,0,0,0.0,0.0,0.0,1.0,inceptionv3,bias
AuxLogits_fc_weight,weight,375,375,0,375,0,0,1.0,0.0,0.0,0.0,inceptionv3,fc_weight
Conv2d_1a_3x3_bn_bias,bias,1,0,1,0,0,0,0.0,0.0,0.0,1.0,inceptionv3,bias
Conv2d_1a_3x3_bn_num_batches_tracked,buffer,1,1,0,1,0,0,1.0,0.0,0.0,0.0,inceptionv3,buffer
Conv2d_1a_3x3_bn_running_mean,buffer,1,1,0,1,0,0,1.0,0.0,0.0,0.0,inceptionv3,buffer
Conv2d_1a_3x3_bn_running_var,buffer,1,1,0,1,0,0,1.0,0.0,0.0,0.0,inceptionv3,buffer
Conv2d_1a_3x3_bn_weight,weight,1,1,0,1,0,0,1.0,0.0,0.0,0.0,inceptionv3,norm_weight
Conv2d_1a_3x3_conv_weight,weight,1,0,1,0,0,0,0.0,0.0,0.0,1.0,inceptionv3,conv_weight
Conv2d_2a_3x3_bn_bias,bias,1,0,1,0,0,0,0.0,0.0,0.0,1.0,inceptionv3,bias
Conv2d_2a_3x3_bn_num_batches_tracked,buffer,1,1,0,1,0,0,1.0,0.0,0.0,0.0,inceptionv3,buffer
Conv2d_2a_3x3_bn_running_mean,buffer,1,1,0,1,0,0,1.0,0.0,0.0,0.0,inceptionv3,buffer
Conv2d_2a_3x3_bn_running_var,buffer,1,1,0,1,0,0,1.0,0.0,0.0,0.0,inceptionv3,buffer
Conv2d_2a_3x3_bn_weight,weight,1,1,0,1,0,0,1.0,0.0,0.0,0.0,inceptionv3,norm_weight
Conv2d_2a_3x3_conv_weight,weight,5,5,0,4,0,1,0.8,0.0,0.2,0.0,inceptionv3,conv_weight
Conv2d_2b_3x3_bn_bias,bias,1,0,1,0,0,0,0.0,0.0,0.0,1.0,inceptionv3,bias
Conv2d_2b_3x3_bn_num_batches_tracked,buffer,1,1,0,1,0,0,1.0,0.0,0.0,0.0,inceptionv3,buffer
Conv2d_2b_3x3_bn_running_mean,buffer,1,1,0,1,0,0,1.0,0.0,0.0,0.0,inceptionv3,buffer
Conv2d_2b_3x3_bn_running_var,buffer,1,1,0,0,1,0,0.0,1.0,0.0,0.0,inceptionv3,buffer
Conv2d_2b_3x3_bn_weight,weight,1,1,0,1,0,0,1.0,0.0,0.0,0.0,inceptionv3,norm_weight
Conv2d_2b_3x3_conv_weight,weight,9,9,0,7,0,2,0.7777777777777778,0.0,0.2222222222222222,0.0,inceptionv3,conv_weight
Conv2d_3b_1x1_bn_bias,bias,1,0,1,0,0,0,0.0,0.0,0.0,1.0,inceptionv3,bias
Conv2d_3b_1x1_bn_num_batches_tracked,buffer,1,1,0,1,0,0,1.0,0.0,0.0,0.0,inceptionv3,buffer
Conv2d_3b_1x1_bn_running_mean,buffer,1,1,0,0,0,1,0.0,0.0,1.0,0.0,inceptionv3,buffer
Conv2d_3b_1x1_bn_running_var,buffer,1,1,0,0,0,1,0.0,0.0,1.0,0.0,inceptionv3,buffer
Conv2d_3b_1x1_bn_weight,weight,1,1,0,1,0,0,1.0,0.0,0.0,0.0,inceptionv3,norm_weight
Conv2d_3b_1x1_conv_weight,weight,3,3,0,3,0,0,1.0,0.0,0.0,0.0,inceptionv3,conv_weight
Conv2d_4a_3x3_bn_bias,bias,1,0,1,0,0,0,0.0,0.0,0.0,1.0,inceptionv3,bias
Conv2d_4a_3x3_bn_num_batches_tracked,buffer,1,1,0,1,0,0,1.0,0.0,0.0,0.0,inceptionv3,buffer
Conv2d_4a_3x3_bn_running_mean,buffer,1,1,0,1,0,0,1.0,0.0,0.0,0.0,inceptionv3,buffer
Conv2d_4a_3x3_bn_running_var,buffer,1,1,0,1,0,0,1.0,0.0,0.0,0.0,inceptionv3,buffer
Conv2d_4a_3x3_bn_weight,weight,1,1,0,1,0,0,1.0,0.0,0.0,0.0,inceptionv3,norm_weight
Conv2d_4a_3x3_conv_weight,weight,68,68,0,28,0,40,0.4117647058823529,0.0,0.5882352941176471,0.0,inceptionv3,conv_weight
Mixed_5b_branch1x1_bn_bias,bias,1,0,1,0,0,0,0.0,0.0,0.0,1.0,inceptionv3,bias
Mixed_5b_branch1x1_bn_num_batches_tracked,buffer,1,1,0,1,0,0,1.0,0.0,0.0,0.0,inceptionv3,buffer
Mixed_5b_branch1x1_bn_running_mean,buffer,1,1,0,1,0,0,1.0,0.0,0.0,0.0,inceptionv3,buffer
Mixed_5b_branch1x1_bn_running_var,buffer,1,1,0,1,0,0,1.0,0.0,0.0,0.0,inceptionv3,buffer
Mixed_5b_branch1x1_bn_weight,weight,1,1,0,1,0,0,1.0,0.0,0.0,0.0,inceptionv3,norm_weight
Mixed_5b_branch1x1_conv_weight,weight,6,6,0,6,0,0,1.0,0.0,0.0,0.0,inceptionv3,conv_weight
Mixed_5b_branch3x3dbl_1_bn_bias,bias,1,0,1,0,0,0,0.0,0.0,0.0,1.0,inceptionv3,bias
Mixed_5b_branch3x3dbl_1_bn_num_batches_tracked,buffer,1,1,0,1,0,0,1.0,0.0,0.0,0.0,inceptionv3,buffer
Mixed_5b_branch3x3dbl_1_bn_running_mean,buffer,1,1,0,1,0,0,1.0,0.0,0.0,0.0,inceptionv3,buffer
Mixed_5b_branch3x3dbl_1_bn_running_var,buffer,1,1,0,1,0,0,1.0,0.0,0.0,0.0,inceptionv3,buffer
Mixed_5b_branch3x3dbl_1_bn_weight,weight,1,1,0,1,0,0,1.0,0.0,0.0,0.0,inceptionv3,norm_weight
Mixed_5b_branch3x3dbl_1_conv_weight,weight,6,6,0,6,0,0,1.0,0.0,0.0,0.0,inceptionv3,conv_weight
Mixed_5b_branch3x3dbl_2_bn_bias,bias,1,0,1,0,0,0,0.0,0.0,0.0,1.0,inceptionv3,bias
Mixed_5b_branch3x3dbl_2_bn_num_batches_tracked,buffer,1,1,0,1,0,0,1.0,0.0,0.0,0.0,inceptionv3,buffer
Mixed_5b_branch3x3dbl_2_bn_running_mean,buffer,1,1,0,1,0,0,1.0,0.0,0.0,0.0,inceptionv3,buffer
Mixed_5b_branch3x3dbl_2_bn_running_var,buffer,1,1,0,1,0,0,1.0,0.0,0.0,0.0,inceptionv3,buffer
Mixed_5b_branch3x3dbl_2_bn_weight,weight,1,1,0,1,0,0,1.0,0.0,0.0,0.0,inceptionv3,norm_weight
Mixed_5b_branch3x3dbl_2_conv_weight,weight,27,27,0,7,0,20,0.2592592592592592,0.0,0.7407407407407407,0.0,inceptionv3,conv_weight
Mixed_5b_branch3x3dbl_3_bn_bias,bias,1,0,1,0,0,0,0.0,0.0,0.0,1.0,inceptionv3,bias
Mixed_5b_branch3x3dbl_3_bn_num_batches_tracked,buffer,1,1,0,1,0,0,1.0,0.0,0.0,0.0,inceptionv3,buffer
Mixed_5b_branch3x3dbl_3_bn_running_mean,buffer,1,1,0,1,0,0,1.0,0.0,0.0,0.0,inceptionv3,buffer
Mixed_5b_branch3x3dbl_3_bn_running_var,buffer,1,1,0,1,0,0,1.0,0.0,0.0,0.0,inceptionv3,buffer
Mixed_5b_branch3x3dbl_3_bn_weight,weight,1,1,0,1,0,0,1.0,0.0,0.0,0.0,inceptionv3,norm_weight
Mixed_5b_branch3x3dbl_3_conv_weight,weight,41,41,0,30,3,8,0.7317073170731707,0.073170731707317,0.1951219512195122,0.0,inceptionv3,conv_weight
Mixed_5b_branch5x5_1_bn_bias,bias,1,0,1,0,0,0,0.0,0.0,0.0,1.0,inceptionv3,bias
Mixed_5b_branch5x5_1_bn_num_batches_tracked,buffer,1,1,0,1,0,0,1.0,0.0,0.0,0.0,inceptionv3,buffer
Mixed_5b_branch5x5_1_bn_running_mean,buffer,1,1,0,1,0,0,1.0,0.0,0.0,0.0,inceptionv3,buffer
Mixed_5b_branch5x5_1_bn_running_var,buffer,1,1,0,1,0,0,1.0,0.0,0.0,0.0,inceptionv3,buffer
Mixed_5b_branch5x5_1_bn_weight,weight,1,1,0,1,0,0,1.0,0.0,0.0,0.0,inceptionv3,norm_weight
Mixed_5b_branch5x5_1_conv_weight,weight,5,5,0,0,0,5,0.0,0.0,1.0,0.0,inceptionv3,conv_weight
Mixed_5b_branch5x5_2_bn_bias,bias,1,0,1,0,0,0,0.0,0.0,0.0,1.0,inceptionv3,bias
Mixed_5b_branch5x5_2_bn_num_batches_tracked,buffer,1,1,0,1,0,0,1.0,0.0,0.0,0.0,inceptionv3,buffer
Mixed_5b_branch5x5_2_bn_running_mean,buffer,1,1,0,1,0,0,1.0,0.0,0.0,0.0,inceptionv3,buffer
Mixed_5b_branch5x5_2_bn_running_var,buffer,1,1,0,0,0,1,0.0,0.0,1.0,0.0,inceptionv3,buffer
Mixed_5b_branch5x5_2_bn_weight,weight,1,1,0,1,0,0,1.0,0.0,0.0,0.0,inceptionv3,norm_weight
Mixed_5b_branch5x5_2_conv_weight,weight,38,38,0,13,0,25,0.3421052631578947,0.0,0.6578947368421053,0.0,inceptionv3,conv_weight
Mixed_5b_branch_pool_bn_bias,bias,1,0,1,0,0,0,0.0,0.0,0.0,1.0,inceptionv3,bias
Mixed_5b_branch_pool_bn_num_batches_tracked,buffer,1,1,0,1,0,0,1.0,0.0,0.0,0.0,inceptionv3,buffer
Mixed_5b_branch_pool_bn_running_mean,buffer,1,1,0,1,0,0,1.0,0.0,0.0,0.0,inceptionv3,buffer
Mixed_5b_branch_pool_bn_running_var,buffer,1,1,0,1,0,0,1.0,0.0,0.0,0.0,inceptionv3,buffer
Mixed_5b_branch_pool_bn_weight,weight,1,1,0,1,0,0,1.0,0.0,0.0,0.0,inceptionv3,norm_weight
Mixed_5b_branch_pool_conv_weight,weight,3,3,0,3,0,0,1.0,0.0,0.0,0.0,inceptionv3,conv_weight
Mixed_5c_branch1x1_bn_bias,bias,1,0,1,0,0,0,0.0,0.0,0.0,1.0,inceptionv3,bias
Mixed_5c_branch1x1_bn_num_batches_tracked,buffer,1,1,0,1,0,0,1.0,0.0,0.0,0.0,inceptionv3,buffer
Mixed_5c_branch1x1_bn_running_mean,buffer,1,1,0,1,0,0,1.0,0.0,0.0,0.0,inceptionv3,buffer
Mixed_5c_branch1x1_bn_running_var,buffer,1,1,0,1,0,0,1.0,0.0,0.0,0.0,inceptionv3,buffer
Mixed_5c_branch1x1_bn_weight,weight,1,1,0,1,0,0,1.0,0.0,0.0,0.0,inceptionv3,norm_weight
Mixed_5c_branch1x1_conv_weight,weight,8,8,0,8,0,0,1.0,0.0,0.0,0.0,inceptionv3,conv_weight
Mixed_5c_branch3x3dbl_1_bn_bias,bias,1,0,1,0,0,0,0.0,0.0,0.0,1.0,inceptionv3,bias
Mixed_5c_branch3x3dbl_1_bn_num_batches_tracked,buffer,1,1,0,1,0,0,1.0,0.0,0.0,0.0,inceptionv3,buffer
Mixed_5c_branch3x3dbl_1_bn_running_mean,buffer,1,1,0,1,0,0,1.0,0.0,0.0,0.0,inceptionv3,buffer
Mixed_5c_branch3x3dbl_1_bn_running_var,buffer,1,1,0,1,0,0,1.0,0.0,0.0,0.0,inceptionv3,buffer
Mixed_5c_branch3x3dbl_1_bn_weight,weight,1,1,0,1,0,0,1.0,0.0,0.0,0.0,inceptionv3,norm_weight
Mixed_5c_branch3x3dbl_1_conv_weight,weight,8,8,0,8,0,0,1.0,0.0,0.0,0.0,inceptionv3,conv_weight
Mixed_5c_branch3x3dbl_2_bn_bias,bias,1,0,1,0,0,0,0.0,0.0,0.0,1.0,inceptionv3,bias
Mixed_5c_branch3x3dbl_2_bn_num_batches_tracked,buffer,1,1,0,1,0,0,1.0,0.0,0.0,0.0,inceptionv3,buffer
Mixed_5c_branch3x3dbl_2_bn_running_mean,buffer,1,1,0,1,0,0,1.0,0.0,0.0,0.0,inceptionv3,buffer
Mixed_5c_branch3x3dbl_2_bn_running_var,buffer,1,1,0,1,0,0,1.0,0.0,0.0,0.0,inceptionv3,buffer
Mixed_5c_branch3x3dbl_2_bn_weight,weight,1,1,0,1,0,0,1.0,0.0,0.0,0.0,inceptionv3,norm_weight
Mixed_5c_branch3x3dbl_2_conv_weight,weight,27,27,0,25,2,0,0.925925925925926,0.074074074074074,0.0,0.0,inceptionv3,conv_weight
Mixed_5c_branch3x3dbl_3_bn_bias,bias,1,0,1,0,0,0,0.0,0.0,0.0,1.0,inceptionv3,bias
Mixed_5c_branch3x3dbl_3_bn_num_batches_tracked,buffer,1,1,0,1,0,0,1.0,0.0,0.0,0.0,inceptionv3,buffer
Mixed_5c_branch3x3dbl_3_bn_running_mean,buffer,1,1,0,1,0,0,1.0,0.0,0.0,0.0,inceptionv3,buffer
Mixed_5c_branch3x3dbl_3_bn_running_var,buffer,1,1,0,1,0,0,1.0,0.0,0.0,0.0,inceptionv3,buffer
Mixed_5c_branch3x3dbl_3_bn_weight,weight,1,1,0,1,0,0,1.0,0.0,0.0,0.0,inceptionv3,norm_weight
Mixed_5c_branch3x3dbl_3_conv_weight,weight,41,41,0,39,2,0,0.951219512195122,0.048780487804878,0.0,0.0,inceptionv3,conv_weight
Mixed_5c_branch5x5_1_bn_bias,bias,1,0,1,0,0,0,0.0,0.0,0.0,1.0,inceptionv3,bias
Mixed_5c_branch5x5_1_bn_num_batches_tracked,buffer,1,1,0,1,0,0,1.0,0.0,0.0,0.0,inceptionv3,buffer
Mixed_5c_branch5x5_1_bn_running_mean,buffer,1,1,0,1,0,0,1.0,0.0,0.0,0.0,inceptionv3,buffer
Mixed_5c_branch5x5_1_bn_running_var,buffer,1,1,0,1,0,0,1.0,0.0,0.0,0.0,inceptionv3,buffer
Mixed_5c_branch5x5_1_bn_weight,weight,1,1,0,1,0,0,1.0,0.0,0.0,0.0,inceptionv3,norm_weight
Mixed_5c_branch5x5_1_conv_weight,weight,6,6,0,0,0,6,0.0,0.0,1.0,0.0,inceptionv3,conv_weight
Mixed_5c_branch5x5_2_bn_bias,bias,1,0,1,0,0,0,0.0,0.0,0.0,1.0,inceptionv3,bias
Mixed_5c_branch5x5_2_bn_num_batches_tracked,buffer,1,1,0,1,0,0,1.0,0.0,0.0,0.0,inceptionv3,buffer
Mixed_5c_branch5x5_2_bn_running_mean,buffer,1,1,0,1,0,0,1.0,0.0,0.0,0.0,inceptionv3,buffer
Mixed_5c_branch5x5_2_bn_running_var,buffer,1,1,0,1,0,0,1.0,0.0,0.0,0.0,inceptionv3,buffer
Mixed_5c_branch5x5_2_bn_weight,weight,1,1,0,1,0,0,1.0,0.0,0.0,0.0,inceptionv3,norm_weight
Mixed_5c_branch5x5_2_conv_weight,weight,38,38,0,31,0,7,0.8157894736842105,0.0,0.1842105263157894,0.0,inceptionv3,conv_weight
Mixed_5c_branch_pool_bn_bias,bias,1,0,1,0,0,0,0.0,0.0,0.0,1.0,inceptionv3,bias
Mixed_5c_branch_pool_bn_num_batches_tracked,buffer,1,1,0,1,0,0,1.0,0.0,0.0,0.0,inceptionv3,buffer
Mixed_5c_branch_pool_bn_running_mean,buffer,1,1,0,1,0,0,1.0,0.0,0.0,0.0,inceptionv3,buffer
Mixed_5c_branch_pool_bn_running_var,buffer,1,1,0,1,0,0,1.0,0.0,0.0,0.0,inceptionv3,buffer
Mixed_5c_branch_pool_bn_weight,weight,1,1,0,1,0,0,1.0,0.0,0.0,0.0,inceptionv3,norm_weight
Mixed_5c_branch_pool_conv_weight,weight,8,8,0,8,0,0,1.0,0.0,0.0,0.0,inceptionv3,conv_weight
Mixed_5d_branch1x1_bn_bias,bias,1,0,1,0,0,0,0.0,0.0,0.0,1.0,inceptionv3,bias
Mixed_5d_branch1x1_bn_num_batches_tracked,buffer,1,1,0,1,0,0,1.0,0.0,0.0,0.0,inceptionv3,buffer
Mixed_5d_branch1x1_bn_running_mean,buffer,1,1,0,1,0,0,1.0,0.0,0.0,0.0,inceptionv3,buffer
Mixed_5d_branch1x1_bn_running_var,buffer,1,1,0,1,0,0,1.0,0.0,0.0,0.0,inceptionv3,buffer
Mixed_5d_branch1x1_bn_weight,weight,1,1,0,1,0,0,1.0,0.0,0.0,0.0,inceptionv3,norm_weight
Mixed_5d_branch1x1_conv_weight,weight,9,9,0,0,0,9,0.0,0.0,1.0,0.0,inceptionv3,conv_weight
Mixed_5d_branch3x3dbl_1_bn_bias,bias,1,0,1,0,0,0,0.0,0.0,0.0,1.0,inceptionv3,bias
Mixed_5d_branch3x3dbl_1_bn_num_batches_tracked,buffer,1,1,0,1,0,0,1.0,0.0,0.0,0.0,inceptionv3,buffer
Mixed_5d_branch3x3dbl_1_bn_running_mean,buffer,1,1,0,1,0,0,1.0,0.0,0.0,0.0,inceptionv3,buffer
Mixed_5d_branch3x3dbl_1_bn_running_var,buffer,1,1,0,1,0,0,1.0,0.0,0.0,0.0,inceptionv3,buffer
Mixed_5d_branch3x3dbl_1_bn_weight,weight,1,1,0,1,0,0,1.0,0.0,0.0,0.0,inceptionv3,norm_weight
Mixed_5d_branch3x3dbl_1_conv_weight,weight,9,9,0,1,0,8,0.1111111111111111,0.0,0.8888888888888888,0.0,inceptionv3,conv_weight
Mixed_5d_branch3x3dbl_2_bn_bias,bias,1,0,1,0,0,0,0.0,0.0,0.0,1.0,inceptionv3,bias
Mixed_5d_branch3x3dbl_2_bn_num_batches_tracked,buffer,1,1,0,1,0,0,1.0,0.0,0.0,0.0,inceptionv3,buffer
Mixed_5d_branch3x3dbl_2_bn_running_mean,buffer,1,1,0,1,0,0,1.0,0.0,0.0,0.0,inceptionv3,buffer
Mixed_5d_branch3x3dbl_2_bn_running_var,buffer,1,1,0,1,0,0,1.0,0.0,0.0,0.0,inceptionv3,buffer
Mixed_5d_branch3x3dbl_2_bn_weight,weight,1,1,0,1,0,0,1.0,0.0,0.0,0.0,inceptionv3,norm_weight
Mixed_5d_branch3x3dbl_2_conv_weight,weight,27,27,0,21,1,5,0.7777777777777778,0.037037037037037,0.1851851851851851,0.0,inceptionv3,conv_weight
Mixed_5d_branch3x3dbl_3_bn_bias,bias,1,0,1,0,0,0,0.0,0.0,0.0,1.0,inceptionv3,bias
Mixed_5d_branch3x3dbl_3_bn_num_batches_tracked,buffer,1,1,0,1,0,0,1.0,0.0,0.0,0.0,inceptionv3,buffer
Mixed_5d_branch3x3dbl_3_bn_running_mean,buffer,1,1,0,1,0,0,1.0,0.0,0.0,0.0,inceptionv3,buffer
Mixed_5d_branch3x3dbl_3_bn_running_var,buffer,1,1,0,1,0,0,1.0,0.0,0.0,0.0,inceptionv3,buffer
Mixed_5d_branch3x3dbl_3_bn_weight,weight,1,1,0,1,0,0,1.0,0.0,0.0,0.0,inceptionv3,norm_weight
Mixed_5d_branch3x3dbl_3_conv_weight,weight,41,41,0,39,2,0,0.951219512195122,0.048780487804878,0.0,0.0,inceptionv3,conv_weight
Mixed_5d_branch5x5_1_bn_bias,bias,1,0,1,0,0,0,0.0,0.0,0.0,1.0,inceptionv3,bias
Mixed_5d_branch5x5_1_bn_num_batches_tracked,buffer,1,1,0,1,0,0,1.0,0.0,0.0,0.0,inceptionv3,buffer
Mixed_5d_branch5x5_1_bn_running_mean,buffer,1,1,0,1,0,0,1.0,0.0,0.0,0.0,inceptionv3,buffer
Mixed_5d_branch5x5_1_bn_running_var,buffer,1,1,0,1,0,0,1.0,0.0,0.0,0.0,inceptionv3,buffer
Mixed_5d_branch5x5_1_bn_weight,weight,1,1,0,1,0,0,1.0,0.0,0.0,0.0,inceptionv3,norm_weight
Mixed_5d_branch5x5_1_conv_weight,weight,7,7,0,7,0,0,1.0,0.0,0.0,0.0,inceptionv3,conv_weight
Mixed_5d_branch5x5_2_bn_bias,bias,1,0,1,0,0,0,0.0,0.0,0.0,1.0,inceptionv3,bias
Mixed_5d_branch5x5_2_bn_num_batches_tracked,buffer,1,1,0,1,0,0,1.0,0.0,0.0,0.0,inceptionv3,buffer
Mixed_5d_branch5x5_2_bn_running_mean,buffer,1,1,0,1,0,0,1.0,0.0,0.0,0.0,inceptionv3,buffer
Mixed_5d_branch5x5_2_bn_running_var,buffer,1,1,0,0,0,1,0.0,0.0,1.0,0.0,inceptionv3,buffer
Mixed_5d_branch5x5_2_bn_weight,weight,1,1,0,1,0,0,1.0,0.0,0.0,0.0,inceptionv3,norm_weight
Mixed_5d_branch5x5_2_conv_weight,weight,38,38,0,36,2,0,0.9473684210526316,0.0526315789473684,0.0,0.0,inceptionv3,conv_weight
Mixed_5d_branch_pool_bn_bias,bias,1,0,1,0,0,0,0.0,0.0,0.0,1.0,inceptionv3,bias
Mixed_5d_branch_pool_bn_num_batches_tracked,buffer,1,1,0,1,0,0,1.0,0.0,0.0,0.0,inceptionv3,buffer
Mixed_5d_branch_pool_bn_running_mean,buffer,1,1,0,1,0,0,1.0,0.0,0.0,0.0,inceptionv3,buffer
Mixed_5d_branch_pool_bn_running_var,buffer,1,1,0,1,0,0,1.0,0.0,0.0,0.0,inceptionv3,buffer
Mixed_5d_branch_pool_bn_weight,weight,1,1,0,1,0,0,1.0,0.0,0.0,0.0,inceptionv3,norm_weight
Mixed_5d_branch_pool_conv_weight,weight,9,9,0,0,0,9,0.0,0.0,1.0,0.0,inceptionv3,conv_weight
Mixed_6a_branch3x3_bn_bias,bias,1,0,1,0,0,0,0.0,0.0,0.0,1.0,inceptionv3,bias
Mixed_6a_branch3x3_bn_num_batches_tracked,buffer,1,1,0,1,0,0,1.0,0.0,0.0,0.0,inceptionv3,buffer
Mixed_6a_branch3x3_bn_running_mean,buffer,1,1,0,1,0,0,1.0,0.0,0.0,0.0,inceptionv3,buffer
Mixed_6a_branch3x3_bn_running_var,buffer,1,1,0,1,0,0,1.0,0.0,0.0,0.0,inceptionv3,buffer
Mixed_6a_branch3x3_bn_weight,weight,1,1,0,1,0,0,1.0,0.0,0.0,0.0,inceptionv3,norm_weight
Mixed_6a_branch3x3_conv_weight,weight,486,486,0,324,15,147,0.6666666666666666,0.0308641975308641,0.3024691358024691,0.0,inceptionv3,conv_weight
Mixed_6a_branch3x3dbl_1_bn_bias,bias,1,0,1,0,0,0,0.0,0.0,0.0,1.0,inceptionv3,bias
Mixed_6a_branch3x3dbl_1_bn_num_batches_tracked,buffer,1,1,0,1,0,0,1.0,0.0,0.0,0.0,inceptionv3,buffer
Mixed_6a_branch3x3dbl_1_bn_running_mean,buffer,1,1,0,1,0,0,1.0,0.0,0.0,0.0,inceptionv3,buffer
Mixed_6a_branch3x3dbl_1_bn_running_var,buffer,1,1,0,1,0,0,1.0,0.0,0.0,0.0,inceptionv3,buffer
Mixed_6a_branch3x3dbl_1_bn_weight,weight,1,1,0,1,0,0,1.0,0.0,0.0,0.0,inceptionv3,norm_weight
Mixed_6a_branch3x3dbl_1_conv_weight,weight,9,9,0,9,0,0,1.0,0.0,0.0,0.0,inceptionv3,conv_weight
Mixed_6a_branch3x3dbl_2_bn_bias,bias,1,0,1,0,0,0,0.0,0.0,0.0,1.0,inceptionv3,bias
Mixed_6a_branch3x3dbl_2_bn_num_batches_tracked,buffer,1,1,0,1,0,0,1.0,0.0,0.0,0.0,inceptionv3,buffer
Mixed_6a_branch3x3dbl_2_bn_running_mean,buffer,1,1,0,1,0,0,1.0,0.0,0.0,0.0,inceptionv3,buffer
Mixed_6a_branch3x3dbl_2_bn_running_var,buffer,1,1,0,1,0,0,1.0,0.0,0.0,0.0,inceptionv3,buffer
Mixed_6a_branch3x3dbl_2_bn_weight,weight,1,1,0,1,0,0,1.0,0.0,0.0,0.0,inceptionv3,norm_weight
Mixed_6a_branch3x3dbl_2_conv_weight,weight,27,27,0,20,7,0,0.7407407407407407,0.2592592592592592,0.0,0.0,inceptionv3,conv_weight
Mixed_6a_branch3x3dbl_3_bn_bias,bias,1,0,1,0,0,0,0.0,0.0,0.0,1.0,inceptionv3,bias
Mixed_6a_branch3x3dbl_3_bn_num_batches_tracked,buffer,1,1,0,1,0,0,1.0,0.0,0.0,0.0,inceptionv3,buffer
Mixed_6a_branch3x3dbl_3_bn_running_mean,buffer,1,1,0,1,0,0,1.0,0.0,0.0,0.0,inceptionv3,buffer
Mixed_6a_branch3x3dbl_3_bn_running_var,buffer,1,1,0,1,0,0,1.0,0.0,0.0,0.0,inceptionv3,buffer
Mixed_6a_branch3x3dbl_3_bn_weight,weight,1,1,0,1,0,0,1.0,0.0,0.0,0.0,inceptionv3,norm_weight
Mixed_6a_branch3x3dbl_3_conv_weight,weight,41,41,0,6,0,35,0.1463414634146341,0.0,0.8536585365853658,0.0,inceptionv3,conv_weight
Mixed_6b_branch1x1_bn_bias,bias,1,0,1,0,0,0,0.0,0.0,0.0,1.0,inceptionv3,bias
Mixed_6b_branch1x1_bn_num_batches_tracked,buffer,1,1,0,1,0,0,1.0,0.0,0.0,0.0,inceptionv3,buffer
Mixed_6b_branch1x1_bn_running_mean,buffer,1,1,0,1,0,0,1.0,0.0,0.0,0.0,inceptionv3,buffer
Mixed_6b_branch1x1_bn_running_var,buffer,1,1,0,1,0,0,1.0,0.0,0.0,0.0,inceptionv3,buffer
Mixed_6b_branch1x1_bn_weight,weight,1,1,0,1,0,0,1.0,0.0,0.0,0.0,inceptionv3,norm_weight
Mixed_6b_branch1x1_conv_weight,weight,72,72,0,21,0,51,0.2916666666666667,0.0,0.7083333333333334,0.0,inceptionv3,conv_weight
Mixed_6b_branch7x7_1_bn_bias,bias,1,0,1,0,0,0,0.0,0.0,0.0,1.0,inceptionv3,bias
Mixed_6b_branch7x7_1_bn_num_batches_tracked,buffer,1,1,0,1,0,0,1.0,0.0,0.0,0.0,inceptionv3,buffer
Mixed_6b_branch7x7_1_bn_running_mean,buffer,1,1,0,1,0,0,1.0,0.0,0.0,0.0,inceptionv3,buffer
Mixed_6b_branch7x7_1_bn_running_var,buffer,1,1,0,1,0,0,1.0,0.0,0.0,0.0,inceptionv3,buffer
Mixed_6b_branch7x7_1_bn_weight,weight,1,1,0,1,0,0,1.0,0.0,0.0,0.0,inceptionv3,norm_weight
Mixed_6b_branch7x7_1_conv_weight,weight,48,48,0,31,3,14,0.6458333333333334,0.0625,0.2916666666666667,0.0,inceptionv3,conv_weight
Mixed_6b_branch7x7_2_bn_bias,bias,1,0,1,0,0,0,0.0,0.0,0.0,1.0,inceptionv3,bias
Mixed_6b_branch7x7_2_bn_num_batches_tracked,buffer,1,1,0,1,0,0,1.0,0.0,0.0,0.0,inceptionv3,buffer
Mixed_6b_branch7x7_2_bn_running_mean,buffer,1,1,0,1,0,0,1.0,0.0,0.0,0.0,inceptionv3,buffer
Mixed_6b_branch7x7_2_bn_running_var,buffer,1,1,0,1,0,0,1.0,0.0,0.0,0.0,inceptionv3,buffer
Mixed_6b_branch7x7_2_bn_weight,weight,1,1,0,1,0,0,1.0,0.0,0.0,0.0,inceptionv3,norm_weight
Mixed_6b_branch7x7_2_conv_weight,weight,56,56,0,20,2,34,0.3571428571428571,0.0357142857142857,0.6071428571428571,0.0,inceptionv3,conv_weight
Mixed_6b_branch7x7_3_bn_bias,bias,1,0,1,0,0,0,0.0,0.0,0.0,1.0,inceptionv3,bias
Mixed_6b_branch7x7_3_bn_num_batches_tracked,buffer,1,1,0,1,0,0,1.0,0.0,0.0,0.0,inceptionv3,buffer
Mixed_6b_branch7x7_3_bn_running_mean,buffer,1,1,0,1,0,0,1.0,0.0,0.0,0.0,inceptionv3,buffer
Mixed_6b_branch7x7_3_bn_running_var,buffer,1,1,0,1,0,0,1.0,0.0,0.0,0.0,inceptionv3,buffer
Mixed_6b_branch7x7_3_bn_weight,weight,1,1,0,1,0,0,1.0,0.0,0.0,0.0,inceptionv3,norm_weight
Mixed_6b_branch7x7_3_conv_weight,weight,84,84,0,81,2,1,0.9642857142857144,0.0238095238095238,0.0119047619047619,0.0,inceptionv3,conv_weight
Mixed_6b_branch7x7dbl_1_bn_bias,bias,1,0,1,0,0,0,0.0,0.0,0.0,1.0,inceptionv3,bias
Mixed_6b_branch7x7dbl_1_bn_num_batches_tracked,buffer,1,1,0,1,0,0,1.0,0.0,0.0,0.0,inceptionv3,buffer
Mixed_6b_branch7x7dbl_1_bn_running_mean,buffer,1,1,0,1,0,0,1.0,0.0,0.0,0.0,inceptionv3,buffer
Mixed_6b_branch7x7dbl_1_bn_running_var,buffer,1,1,0,1,0,0,1.0,0.0,0.0,0.0,inceptionv3,buffer
Mixed_6b_branch7x7dbl_1_bn_weight,weight,1,1,0,1,0,0,1.0,0.0,0.0,0.0,inceptionv3,norm_weight
Mixed_6b_branch7x7dbl_1_conv_weight,weight,48,48,0,22,0,26,0.4583333333333333,0.0,0.5416666666666666,0.0,inceptionv3,conv_weight
Mixed_6b_branch7x7dbl_2_bn_bias,bias,1,0,1,0,0,0,0.0,0.0,0.0,1.0,inceptionv3,bias
Mixed_6b_branch7x7dbl_2_bn_num_batches_tracked,buffer,1,1,0,1,0,0,1.0,0.0,0.0,0.0,inceptionv3,buffer
Mixed_6b_branch7x7dbl_2_bn_running_mean,buffer,1,1,0,1,0,0,1.0,0.0,0.0,0.0,inceptionv3,buffer
Mixed_6b_branch7x7dbl_2_bn_running_var,buffer,1,1,0,1,0,0,1.0,0.0,0.0,0.0,inceptionv3,buffer
Mixed_6b_branch7x7dbl_2_bn_weight,weight,1,1,0,1,0,0,1.0,0.0,0.0,0.0,inceptionv3,norm_weight
Mixed_6b_branch7x7dbl_2_conv_weight,weight,56,56,0,48,0,8,0.8571428571428571,0.0,0.1428571428571428,0.0,inceptionv3,conv_weight
Mixed_6b_branch7x7dbl_3_bn_bias,bias,1,0,1,0,0,0,0.0,0.0,0.0,1.0,inceptionv3,bias
Mixed_6b_branch7x7dbl_3_bn_num_batches_tracked,buffer,1,1,0,1,0,0,1.0,0.0,0.0,0.0,inceptionv3,buffer
Mixed_6b_branch7x7dbl_3_bn_running_mean,buffer,1,1,0,1,0,0,1.0,0.0,0.0,0.0,inceptionv3,buffer
Mixed_6b_branch7x7dbl_3_bn_running_var,buffer,1,1,0,1,0,0,1.0,0.0,0.0,0.0,inceptionv3,buffer
Mixed_6b_branch7x7dbl_3_bn_weight,weight,1,1,0,1,0,0,1.0,0.0,0.0,0.0,inceptionv3,norm_weight
Mixed_6b_branch7x7dbl_3_conv_weight,weight,56,56,0,43,1,12,0.7678571428571429,0.0178571428571428,0.2142857142857142,0.0,inceptionv3,conv_weight
Mixed_6b_branch7x7dbl_4_bn_bias,bias,1,0,1,0,0,0,0.0,0.0,0.0,1.0,inceptionv3,bias
Mixed_6b_branch7x7dbl_4_bn_num_batches_tracked,buffer,1,1,0,1,0,0,1.0,0.0,0.0,0.0,inceptionv3,buffer
Mixed_6b_branch7x7dbl_4_bn_running_mean,buffer,1,1,0,1,0,0,1.0,0.0,0.0,0.0,inceptionv3,buffer
Mixed_6b_branch7x7dbl_4_bn_running_var,buffer,1,1,0,1,0,0,1.0,0.0,0.0,0.0,inceptionv3,buffer
Mixed_6b_branch7x7dbl_4_bn_weight,weight,1,1,0,1,0,0,1.0,0.0,0.0,0.0,inceptionv3,norm_weight
Mixed_6b_branch7x7dbl_4_conv_weight,weight,56,56,0,46,3,7,0.8214285714285714,0.0535714285714285,0.125,0.0,inceptionv3,conv_weight
Mixed_6b_branch7x7dbl_5_bn_bias,bias,1,0,1,0,0,0,0.0,0.0,0.0,1.0,inceptionv3,bias
Mixed_6b_branch7x7dbl_5_bn_num_batches_tracked,buffer,1,1,0,1,0,0,1.0,0.0,0.0,0.0,inceptionv3,buffer
Mixed_6b_branch7x7dbl_5_bn_running_mean,buffer,1,1,0,1,0,0,1.0,0.0,0.0,0.0,inceptionv3,buffer
Mixed_6b_branch7x7dbl_5_bn_running_var,buffer,1,1,0,1,0,0,1.0,0.0,0.0,0.0,inceptionv3,buffer
Mixed_6b_branch7x7dbl_5_bn_weight,weight,1,1,0,1,0,0,1.0,0.0,0.0,0.0,inceptionv3,norm_weight
Mixed_6b_branch7x7dbl_5_conv_weight,weight,84,84,0,72,4,8,0.8571428571428571,0.0476190476190476,0.0952380952380952,0.0,inceptionv3,conv_weight
Mixed_6b_branch_pool_bn_bias,bias,1,0,1,0,0,0,0.0,0.0,0.0,1.0,inceptionv3,bias
Mixed_6b_branch_pool_bn_num_batches_tracked,buffer,1,1,0,1,0,0,1.0,0.0,0.0,0.0,inceptionv3,buffer
Mixed_6b_branch_pool_bn_running_mean,buffer,1,1,0,1,0,0,1.0,0.0,0.0,0.0,inceptionv3,buffer
Mixed_6b_branch_pool_bn_running_var,buffer,1,1,0,1,0,0,1.0,0.0,0.0,0.0,inceptionv3,buffer
Mixed_6b_branch_pool_bn_weight,weight,1,1,0,1,0,0,1.0,0.0,0.0,0.0,inceptionv3,norm_weight
Mixed_6b_branch_pool_conv_weight,weight,72,72,0,24,0,48,0.3333333333333333,0.0,0.6666666666666666,0.0,inceptionv3,conv_weight
Mixed_6c_branch1x1_bn_bias,bias,1,0,1,0,0,0,0.0,0.0,0.0,1.0,inceptionv3,bias
Mixed_6c_branch1x1_bn_num_batches_tracked,buffer,1,1,0,1,0,0,1.0,0.0,0.0,0.0,inceptionv3,buffer
Mixed_6c_branch1x1_bn_running_mean,buffer,1,1,0,1,0,0,1.0,0.0,0.0,0.0,inceptionv3,buffer
Mixed_6c_branch1x1_bn_running_var,buffer,1,1,0,1,0,0,1.0,0.0,0.0,0.0,inceptionv3,buffer
Mixed_6c_branch1x1_bn_weight,weight,1,1,0,1,0,0,1.0,0.0,0.0,0.0,inceptionv3,norm_weight
Mixed_6c_branch1x1_conv_weight,weight,72,72,0,70,2,0,0.9722222222222222,0.0277777777777777,0.0,0.0,inceptionv3,conv_weight
Mixed_6c_branch7x7_1_bn_bias,bias,1,0,1,0,0,0,0.0,0.0,0.0,1.0,inceptionv3,bias
Mixed_6c_branch7x7_1_bn_num_batches_tracked,buffer,1,1,0,1,0,0,1.0,0.0,0.0,0.0,inceptionv3,buffer
Mixed_6c_branch7x7_1_bn_running_mean,buffer,1,1,0,1,0,0,1.0,0.0,0.0,0.0,inceptionv3,buffer
Mixed_6c_branch7x7_1_bn_running_var,buffer,1,1,0,1,0,0,1.0,0.0,0.0,0.0,inceptionv3,buffer
Mixed_6c_branch7x7_1_bn_weight,weight,1,1,0,1,0,0,1.0,0.0,0.0,0.0,inceptionv3,norm_weight
Mixed_6c_branch7x7_1_conv_weight,weight,60,60,0,39,0,21,0.65,0.0,0.35,0.0,inceptionv3,conv_weight
Mixed_6c_branch7x7_2_bn_bias,bias,1,0,1,0,0,0,0.0,0.0,0.0,1.0,inceptionv3,bias
Mixed_6c_branch7x7_2_bn_num_batches_tracked,buffer,1,1,0,1,0,0,1.0,0.0,0.0,0.0,inceptionv3,buffer
Mixed_6c_branch7x7_2_bn_running_mean,buffer,1,1,0,1,0,0,1.0,0.0,0.0,0.0,inceptionv3,buffer
Mixed_6c_branch7x7_2_bn_running_var,buffer,1,1,0,1,0,0,1.0,0.0,0.0,0.0,inceptionv3,buffer
Mixed_6c_branch7x7_2_bn_weight,weight,1,1,0,1,0,0,1.0,0.0,0.0,0.0,inceptionv3,norm_weight
Mixed_6c_branch7x7_2_conv_weight,weight,88,88,0,55,2,31,0.625,0.0227272727272727,0.3522727272727273,0.0,inceptionv3,conv_weight
Mixed_6c_branch7x7_3_bn_bias,bias,1,0,1,0,0,0,0.0,0.0,0.0,1.0,inceptionv3,bias
Mixed_6c_branch7x7_3_bn_num_batches_tracked,buffer,1,1,0,1,0,0,1.0,0.0,0.0,0.0,inceptionv3,buffer
Mixed_6c_branch7x7_3_bn_running_mean,buffer,1,1,0,1,0,0,1.0,0.0,0.0,0.0,inceptionv3,buffer
Mixed_6c_branch7x7_3_bn_running_var,buffer,1,1,0,1,0,0,1.0,0.0,0.0,0.0,inceptionv3,buffer
Mixed_6c_branch7x7_3_bn_weight,weight,1,1,0,1,0,0,1.0,0.0,0.0,0.0,inceptionv3,norm_weight
Mixed_6c_branch7x7_3_conv_weight,weight,105,105,0,81,2,22,0.7714285714285715,0.019047619047619,0.2095238095238095,0.0,inceptionv3,conv_weight
Mixed_6c_branch7x7dbl_1_bn_bias,bias,1,0,1,0,0,0,0.0,0.0,0.0,1.0,inceptionv3,bias
Mixed_6c_branch7x7dbl_1_bn_num_batches_tracked,buffer,1,1,0,1,0,0,1.0,0.0,0.0,0.0,inceptionv3,buffer
Mixed_6c_branch7x7dbl_1_bn_running_mean,buffer,1,1,0,1,0,0,1.0,0.0,0.0,0.0,inceptionv3,buffer
Mixed_6c_branch7x7dbl_1_bn_running_var,buffer,1,1,0,1,0,0,1.0,0.0,0.0,0.0,inceptionv3,buffer
Mixed_6c_branch7x7dbl_1_bn_weight,weight,1,1,0,1,0,0,1.0,0.0,0.0,0.0,inceptionv3,norm_weight
Mixed_6c_branch7x7dbl_1_conv_weight,weight,60,60,0,50,0,10,0.8333333333333334,0.0,0.1666666666666666,0.0,inceptionv3,conv_weight
Mixed_6c_branch7x7dbl_2_bn_bias,bias,1,0,1,0,0,0,0.0,0.0,0.0,1.0,inceptionv3,bias
Mixed_6c_branch7x7dbl_2_bn_num_batches_tracked,buffer,1,1,0,1,0,0,1.0,0.0,0.0,0.0,inceptionv3,buffer
Mixed_6c_branch7x7dbl_2_bn_running_mean,buffer,1,1,0,1,0,0,1.0,0.0,0.0,0.0,inceptionv3,buffer
Mixed_6c_branch7x7dbl_2_bn_running_var,buffer,1,1,0,1,0,0,1.0,0.0,0.0,0.0,inceptionv3,buffer
Mixed_6c_branch7x7dbl_2_bn_weight,weight,1,1,0,1,0,0,1.0,0.0,0.0,0.0,inceptionv3,norm_weight
Mixed_6c_branch7x7dbl_2_conv_weight,weight,88,88,0,66,0,22,0.75,0.0,0.25,0.0,inceptionv3,conv_weight
Mixed_6c_branch7x7dbl_3_bn_bias,bias,1,0,1,0,0,0,0.0,0.0,0.0,1.0,inceptionv3,bias
Mixed_6c_branch7x7dbl_3_bn_num_batches_tracked,buffer,1,1,0,1,0,0,1.0,0.0,0.0,0.0,inceptionv3,buffer
Mixed_6c_branch7x7dbl_3_bn_running_mean,buffer,1,1,0,1,0,0,1.0,0.0,0.0,0.0,inceptionv3,buffer
Mixed_6c_branch7x7dbl_3_bn_running_var,buffer,1,1,0,1,0,0,1.0,0.0,0.0,0.0,inceptionv3,buffer
Mixed_6c_branch7x7dbl_3_bn_weight,weight,1,1,0,1,0,0,1.0,0.0,0.0,0.0,inceptionv3,norm_weight
Mixed_6c_branch7x7dbl_3_conv_weight,weight,88,88,0,66,3,19,0.75,0.034090909090909,0.2159090909090909,0.0,inceptionv3,conv_weight
Mixed_6c_branch7x7dbl_4_bn_bias,bias,1,0,1,0,0,0,0.0,0.0,0.0,1.0,inceptionv3,bias
Mixed_6c_branch7x7dbl_4_bn_num_batches_tracked,buffer,1,1,0,1,0,0,1.0,0.0,0.0,0.0,inceptionv3,buffer
Mixed_6c_branch7x7dbl_4_bn_running_mean,buffer,1,1,0,1,0,0,1.0,0.0,0.0,0.0,inceptionv3,buffer
Mixed_6c_branch7x7dbl_4_bn_running_var,buffer,1,1,0,1,0,0,1.0,0.0,0.0,0.0,inceptionv3,buffer
Mixed_6c_branch7x7dbl_4_bn_weight,weight,1,1,0,1,0,0,1.0,0.0,0.0,0.0,inceptionv3,norm_weight
Mixed_6c_branch7x7dbl_4_conv_weight,weight,88,88,0,70,3,15,0.7954545454545454,0.034090909090909,0.1704545454545454,0.0,inceptionv3,conv_weight
Mixed_6c_branch7x7dbl_5_bn_bias,bias,1,0,1,0,0,0,0.0,0.0,0.0,1.0,inceptionv3,bias
Mixed_6c_branch7x7dbl_5_bn_num_batches_tracked,buffer,1,1,0,1,0,0,1.0,0.0,0.0,0.0,inceptionv3,buffer
Mixed_6c_branch7x7dbl_5_bn_running_mean,buffer,1,1,0,1,0,0,1.0,0.0,0.0,0.0,inceptionv3,buffer
Mixed_6c_branch7x7dbl_5_bn_running_var,buffer,1,1,0,1,0,0,1.0,0.0,0.0,0.0,inceptionv3,buffer
Mixed_6c_branch7x7dbl_5_bn_weight,weight,1,1,0,1,0,0,1.0,0.0,0.0,0.0,inceptionv3,norm_weight
Mixed_6c_branch7x7dbl_5_conv_weight,weight,105,105,0,93,6,6,0.8857142857142857,0.0571428571428571,0.0571428571428571,0.0,inceptionv3,conv_weight
Mixed_6c_branch_pool_bn_bias,bias,1,0,1,0,0,0,0.0,0.0,0.0,1.0,inceptionv3,bias
Mixed_6c_branch_pool_bn_num_batches_tracked,buffer,1,1,0,1,0,0,1.0,0.0,0.0,0.0,inceptionv3,buffer
Mixed_6c_branch_pool_bn_running_mean,buffer,1,1,0,1,0,0,1.0,0.0,0.0,0.0,inceptionv3,buffer
Mixed_6c_branch_pool_bn_running_var,buffer,1,1,0,1,0,0,1.0,0.0,0.0,0.0,inceptionv3,buffer
Mixed_6c_branch_pool_bn_weight,weight,1,1,0,1,0,0,1.0,0.0,0.0,0.0,inceptionv3,norm_weight
Mixed_6c_branch_pool_conv_weight,weight,72,72,0,68,2,2,0.9444444444444444,0.0277777777777777,0.0277777777777777,0.0,inceptionv3,conv_weight
Mixed_6d_branch1x1_bn_bias,bias,1,0,1,0,0,0,0.0,0.0,0.0,1.0,inceptionv3,bias
Mixed_6d_branch1x1_bn_num_batches_tracked,buffer,1,1,0,1,0,0,1.0,0.0,0.0,0.0,inceptionv3,buffer
Mixed_6d_branch1x1_bn_running_mean,buffer,1,1,0,1,0,0,1.0,0.0,0.0,0.0,inceptionv3,buffer
Mixed_6d_branch1x1_bn_running_var,buffer,1,1,0,1,0,0,1.0,0.0,0.0,0.0,inceptionv3,buffer
Mixed_6d_branch1x1_bn_weight,weight,1,1,0,1,0,0,1.0,0.0,0.0,0.0,inceptionv3,norm_weight
Mixed_6d_branch1x1_conv_weight,weight,72,72,0,45,0,27,0.625,0.0,0.375,0.0,inceptionv3,conv_weight
Mixed_6d_branch7x7_1_bn_bias,bias,1,0,1,0,0,0,0.0,0.0,0.0,1.0,inceptionv3,bias
Mixed_6d_branch7x7_1_bn_num_batches_tracked,buffer,1,1,0,1,0,0,1.0,0.0,0.0,0.0,inceptionv3,buffer
Mixed_6d_branch7x7_1_bn_running_mean,buffer,1,1,0,1,0,0,1.0,0.0,0.0,0.0,inceptionv3,buffer
Mixed_6d_branch7x7_1_bn_running_var,buffer,1,1,0,1,0,0,1.0,0.0,0.0,0.0,inceptionv3,buffer
Mixed_6d_branch7x7_1_bn_weight,weight,1,1,0,1,0,0,1.0,0.0,0.0,0.0,inceptionv3,norm_weight
Mixed_6d_branch7x7_1_conv_weight,weight,60,60,0,56,4,0,0.9333333333333332,0.0666666666666666,0.0,0.0,inceptionv3,conv_weight
Mixed_6d_branch7x7_2_bn_bias,bias,1,0,1,0,0,0,0.0,0.0,0.0,1.0,inceptionv3,bias
Mixed_6d_branch7x7_2_bn_num_batches_tracked,buffer,1,1,0,1,0,0,1.0,0.0,0.0,0.0,inceptionv3,buffer
Mixed_6d_branch7x7_2_bn_running_mean,buffer,1,1,0,1,0,0,1.0,0.0,0.0,0.0,inceptionv3,buffer
Mixed_6d_branch7x7_2_bn_running_var,buffer,1,1,0,1,0,0,1.0,0.0,0.0,0.0,inceptionv3,buffer
Mixed_6d_branch7x7_2_bn_weight,weight,1,1,0,1,0,0,1.0,0.0,0.0,0.0,inceptionv3,norm_weight
Mixed_6d_branch7x7_2_conv_weight,weight,88,88,0,60,0,28,0.6818181818181818,0.0,0.3181818181818182,0.0,inceptionv3,conv_weight
Mixed_6d_branch7x7_3_bn_bias,bias,1,0,1,0,0,0,0.0,0.0,0.0,1.0,inceptionv3,bias
Mixed_6d_branch7x7_3_bn_num_batches_tracked,buffer,1,1,0,1,0,0,1.0,0.0,0.0,0.0,inceptionv3,buffer
Mixed_6d_branch7x7_3_bn_running_mean,buffer,1,1,0,1,0,0,1.0,0.0,0.0,0.0,inceptionv3,buffer
Mixed_6d_branch7x7_3_bn_running_var,buffer,1,1,0,1,0,0,1.0,0.0,0.0,0.0,inceptionv3,buffer
Mixed_6d_branch7x7_3_bn_weight,weight,1,1,0,1,0,0,1.0,0.0,0.0,0.0,inceptionv3,norm_weight
Mixed_6d_branch7x7_3_conv_weight,weight,105,105,0,97,3,5,0.923809523809524,0.0285714285714285,0.0476190476190476,0.0,inceptionv3,conv_weight
Mixed_6d_branch7x7dbl_1_bn_bias,bias,1,0,1,0,0,0,0.0,0.0,0.0,1.0,inceptionv3,bias
Mixed_6d_branch7x7dbl_1_bn_num_batches_tracked,buffer,1,1,0,1,0,0,1.0,0.0,0.0,0.0,inceptionv3,buffer
Mixed_6d_branch7x7dbl_1_bn_running_mean,buffer,1,1,0,1,0,0,1.0,0.0,0.0,0.0,inceptionv3,buffer
Mixed_6d_branch7x7dbl_1_bn_running_var,buffer,1,1,0,1,0,0,1.0,0.0,0.0,0.0,inceptionv3,buffer
Mixed_6d_branch7x7dbl_1_bn_weight,weight,1,1,0,1,0,0,1.0,0.0,0.0,0.0,inceptionv3,norm_weight
Mixed_6d_branch7x7dbl_1_conv_weight,weight,60,60,0,41,0,19,0.6833333333333333,0.0,0.3166666666666666,0.0,inceptionv3,conv_weight
Mixed_6d_branch7x7dbl_2_bn_bias,bias,1,0,1,0,0,0,0.0,0.0,0.0,1.0,inceptionv3,bias
Mixed_6d_branch7x7dbl_2_bn_num_batches_tracked,buffer,1,1,0,1,0,0,1.0,0.0,0.0,0.0,inceptionv3,buffer
Mixed_6d_branch7x7dbl_2_bn_running_mean,buffer,1,1,0,1,0,0,1.0,0.0,0.0,0.0,inceptionv3,buffer
Mixed_6d_branch7x7dbl_2_bn_running_var,buffer,1,1,0,1,0,0,1.0,0.0,0.0,0.0,inceptionv3,buffer
Mixed_6d_branch7x7dbl_2_bn_weight,weight,1,1,0,1,0,0,1.0,0.0,0.0,0.0,inceptionv3,norm_weight
Mixed_6d_branch7x7dbl_2_conv_weight,weight,88,88,0,47,6,35,0.5340909090909091,0.0681818181818181,0.3977272727272727,0.0,inceptionv3,conv_weight
Mixed_6d_branch7x7dbl_3_bn_bias,bias,1,0,1,0,0,0,0.0,0.0,0.0,1.0,inceptionv3,bias
Mixed_6d_branch7x7dbl_3_bn_num_batches_tracked,buffer,1,1,0,1,0,0,1.0,0.0,0.0,0.0,inceptionv3,buffer
Mixed_6d_branch7x7dbl_3_bn_running_mean,buffer,1,1,0,1,0,0,1.0,0.0,0.0,0.0,inceptionv3,buffer
Mixed_6d_branch7x7dbl_3_bn_running_var,buffer,1,1,0,1,0,0,1.0,0.0,0.0,0.0,inceptionv3,buffer
Mixed_6d_branch7x7dbl_3_bn_weight,weight,1,1,0,1,0,0,1.0,0.0,0.0,0.0,inceptionv3,norm_weight
Mixed_6d_branch7x7dbl_3_conv_weight,weight,88,88,0,74,4,10,0.8409090909090909,0.0454545454545454,0.1136363636363636,0.0,inceptionv3,conv_weight
Mixed_6d_branch7x7dbl_4_bn_bias,bias,1,0,1,0,0,0,0.0,0.0,0.0,1.0,inceptionv3,bias
Mixed_6d_branch7x7dbl_4_bn_num_batches_tracked,buffer,1,1,0,1,0,0,1.0,0.0,0.0,0.0,inceptionv3,buffer
Mixed_6d_branch7x7dbl_4_bn_running_mean,buffer,1,1,0,1,0,0,1.0,0.0,0.0,0.0,inceptionv3,buffer
Mixed_6d_branch7x7dbl_4_bn_running_var,buffer,1,1,0,1,0,0,1.0,0.0,0.0,0.0,inceptionv3,buffer
Mixed_6d_branch7x7dbl_4_bn_weight,weight,1,1,0,1,0,0,1.0,0.0,0.0,0.0,inceptionv3,norm_weight
Mixed_6d_branch7x7dbl_4_conv_weight,weight,88,88,0,82,1,5,0.9318181818181818,0.0113636363636363,0.0568181818181818,0.0,inceptionv3,conv_weight
Mixed_6d_branch7x7dbl_5_bn_bias,bias,1,0,1,0,0,0,0.0,0.0,0.0,1.0,inceptionv3,bias
Mixed_6d_branch7x7dbl_5_bn_num_batches_tracked,buffer,1,1,0,1,0,0,1.0,0.0,0.0,0.0,inceptionv3,buffer
Mixed_6d_branch7x7dbl_5_bn_running_mean,buffer,1,1,0,1,0,0,1.0,0.0,0.0,0.0,inceptionv3,buffer
Mixed_6d_branch7x7dbl_5_bn_running_var,buffer,1,1,0,1,0,0,1.0,0.0,0.0,0.0,inceptionv3,buffer
Mixed_6d_branch7x7dbl_5_bn_weight,weight,1,1,0,1,0,0,1.0,0.0,0.0,0.0,inceptionv3,norm_weight
Mixed_6d_branch7x7dbl_5_conv_weight,weight,105,105,0,76,9,20,0.7238095238095238,0.0857142857142857,0.1904761904761904,0.0,inceptionv3,conv_weight
Mixed_6d_branch_pool_bn_bias,bias,1,0,1,0,0,0,0.0,0.0,0.0,1.0,inceptionv3,bias
Mixed_6d_branch_pool_bn_num_batches_tracked,buffer,1,1,0,1,0,0,1.0,0.0,0.0,0.0,inceptionv3,buffer
Mixed_6d_branch_pool_bn_running_mean,buffer,1,1,0,1,0,0,1.0,0.0,0.0,0.0,inceptionv3,buffer
Mixed_6d_branch_pool_bn_running_var,buffer,1,1,0,1,0,0,1.0,0.0,0.0,0.0,inceptionv3,buffer
Mixed_6d_branch_pool_bn_weight,weight,1,1,0,1,0,0,1.0,0.0,0.0,0.0,inceptionv3,norm_weight
Mixed_6d_branch_pool_conv_weight,weight,72,72,0,69,3,0,0.9583333333333334,0.0416666666666666,0.0,0.0,inceptionv3,conv_weight
Mixed_6e_branch1x1_bn_bias,bias,1,0,1,0,0,0,0.0,0.0,0.0,1.0,inceptionv3,bias
Mixed_6e_branch1x1_bn_num_batches_tracked,buffer,1,1,0,1,0,0,1.0,0.0,0.0,0.0,inceptionv3,buffer
Mixed_6e_branch1x1_bn_running_mean,buffer,1,1,0,1,0,0,1.0,0.0,0.0,0.0,inceptionv3,buffer
Mixed_6e_branch1x1_bn_running_var,buffer,1,1,0,1,0,0,1.0,0.0,0.0,0.0,inceptionv3,buffer
Mixed_6e_branch1x1_bn_weight,weight,1,1,0,1,0,0,1.0,0.0,0.0,0.0,inceptionv3,norm_weight
Mixed_6e_branch1x1_conv_weight,weight,72,72,0,62,1,9,0.8611111111111112,0.0138888888888888,0.125,0.0,inceptionv3,conv_weight
Mixed_6e_branch7x7_1_bn_bias,bias,1,0,1,0,0,0,0.0,0.0,0.0,1.0,inceptionv3,bias
Mixed_6e_branch7x7_1_bn_num_batches_tracked,buffer,1,1,0,1,0,0,1.0,0.0,0.0,0.0,inceptionv3,buffer
Mixed_6e_branch7x7_1_bn_running_mean,buffer,1,1,0,1,0,0,1.0,0.0,0.0,0.0,inceptionv3,buffer
Mixed_6e_branch7x7_1_bn_running_var,buffer,1,1,0,1,0,0,1.0,0.0,0.0,0.0,inceptionv3,buffer
Mixed_6e_branch7x7_1_bn_weight,weight,1,1,0,1,0,0,1.0,0.0,0.0,0.0,inceptionv3,norm_weight
Mixed_6e_branch7x7_1_conv_weight,weight,72,72,0,66,0,6,0.9166666666666666,0.0,0.0833333333333333,0.0,inceptionv3,conv_weight
Mixed_6e_branch7x7_2_bn_bias,bias,1,0,1,0,0,0,0.0,0.0,0.0,1.0,inceptionv3,bias
Mixed_6e_branch7x7_2_bn_num_batches_tracked,buffer,1,1,0,1,0,0,1.0,0.0,0.0,0.0,inceptionv3,buffer
Mixed_6e_branch7x7_2_bn_running_mean,buffer,1,1,0,1,0,0,1.0,0.0,0.0,0.0,inceptionv3,buffer
Mixed_6e_branch7x7_2_bn_running_var,buffer,1,1,0,1,0,0,1.0,0.0,0.0,0.0,inceptionv3,buffer
Mixed_6e_branch7x7_2_bn_weight,weight,1,1,0,1,0,0,1.0,0.0,0.0,0.0,inceptionv3,norm_weight
Mixed_6e_branch7x7_2_conv_weight,weight,126,126,0,113,1,12,0.8968253968253969,0.0079365079365079,0.0952380952380952,0.0,inceptionv3,conv_weight
Mixed_6e_branch7x7_3_bn_bias,bias,1,0,1,0,0,0,0.0,0.0,0.0,1.0,inceptionv3,bias
Mixed_6e_branch7x7_3_bn_num_batches_tracked,buffer,1,1,0,1,0,0,1.0,0.0,0.0,0.0,inceptionv3,buffer
Mixed_6e_branch7x7_3_bn_running_mean,buffer,1,1,0,1,0,0,1.0,0.0,0.0,0.0,inceptionv3,buffer
Mixed_6e_branch7x7_3_bn_running_var,buffer,1,1,0,1,0,0,1.0,0.0,0.0,0.0,inceptionv3,buffer
Mixed_6e_branch7x7_3_bn_weight,weight,1,1,0,1,0,0,1.0,0.0,0.0,0.0,inceptionv3,norm_weight
Mixed_6e_branch7x7_3_conv_weight,weight,126,126,0,91,12,23,0.7222222222222222,0.0952380952380952,0.1825396825396825,0.0,inceptionv3,conv_weight
Mixed_6e_branch7x7dbl_1_bn_bias,bias,1,0,1,0,0,0,0.0,0.0,0.0,1.0,inceptionv3,bias
Mixed_6e_branch7x7dbl_1_bn_num_batches_tracked,buffer,1,1,0,1,0,0,1.0,0.0,0.0,0.0,inceptionv3,buffer
Mixed_6e_branch7x7dbl_1_bn_running_mean,buffer,1,1,0,1,0,0,1.0,0.0,0.0,0.0,inceptionv3,buffer
Mixed_6e_branch7x7dbl_1_bn_running_var,buffer,1,1,0,1,0,0,1.0,0.0,0.0,0.0,inceptionv3,buffer
Mixed_6e_branch7x7dbl_1_bn_weight,weight,1,1,0,1,0,0,1.0,0.0,0.0,0.0,inceptionv3,norm_weight
Mixed_6e_branch7x7dbl_1_conv_weight,weight,72,72,0,68,4,0,0.9444444444444444,0.0555555555555555,0.0,0.0,inceptionv3,conv_weight
Mixed_6e_branch7x7dbl_2_bn_bias,bias,1,0,1,0,0,0,0.0,0.0,0.0,1.0,inceptionv3,bias
Mixed_6e_branch7x7dbl_2_bn_num_batches_tracked,buffer,1,1,0,1,0,0,1.0,0.0,0.0,0.0,inceptionv3,buffer
Mixed_6e_branch7x7dbl_2_bn_running_mean,buffer,1,1,0,1,0,0,1.0,0.0,0.0,0.0,inceptionv3,buffer
Mixed_6e_branch7x7dbl_2_bn_running_var,buffer,1,1,0,1,0,0,1.0,0.0,0.0,0.0,inceptionv3,buffer
Mixed_6e_branch7x7dbl_2_bn_weight,weight,1,1,0,1,0,0,1.0,0.0,0.0,0.0,inceptionv3,norm_weight
Mixed_6e_branch7x7dbl_2_conv_weight,weight,126,126,0,102,24,0,0.8095238095238095,0.1904761904761904,0.0,0.0,inceptionv3,conv_weight
Mixed_6e_branch7x7dbl_3_bn_bias,bias,1,0,1,0,0,0,0.0,0.0,0.0,1.0,inceptionv3,bias
Mixed_6e_branch7x7dbl_3_bn_num_batches_tracked,buffer,1,1,0,1,0,0,1.0,0.0,0.0,0.0,inceptionv3,buffer
Mixed_6e_branch7x7dbl_3_bn_running_mean,buffer,1,1,0,1,0,0,1.0,0.0,0.0,0.0,inceptionv3,buffer
Mixed_6e_branch7x7dbl_3_bn_running_var,buffer,1,1,0,1,0,0,1.0,0.0,0.0,0.0,inceptionv3,buffer
Mixed_6e_branch7x7dbl_3_bn_weight,weight,1,1,0,1,0,0,1.0,0.0,0.0,0.0,inceptionv3,norm_weight
Mixed_6e_branch7x7dbl_3_conv_weight,weight,126,126,0,61,13,52,0.4841269841269841,0.1031746031746031,0.4126984126984127,0.0,inceptionv3,conv_weight
Mixed_6e_branch7x7dbl_4_bn_bias,bias,1,0,1,0,0,0,0.0,0.0,0.0,1.0,inceptionv3,bias
Mixed_6e_branch7x7dbl_4_bn_num_batches_tracked,buffer,1,1,0,1,0,0,1.0,0.0,0.0,0.0,inceptionv3,buffer
Mixed_6e_branch7x7dbl_4_bn_running_mean,buffer,1,1,0,1,0,0,1.0,0.0,0.0,0.0,inceptionv3,buffer
Mixed_6e_branch7x7dbl_4_bn_running_var,buffer,1,1,0,1,0,0,1.0,0.0,0.0,0.0,inceptionv3,buffer
Mixed_6e_branch7x7dbl_4_bn_weight,weight,1,1,0,1,0,0,1.0,0.0,0.0,0.0,inceptionv3,norm_weight
Mixed_6e_branch7x7dbl_4_conv_weight,weight,126,126,0,12,12,102,0.0952380952380952,0.0952380952380952,0.8095238095238095,0.0,inceptionv3,conv_weight
Mixed_6e_branch7x7dbl_5_bn_bias,bias,1,0,1,0,0,0,0.0,0.0,0.0,1.0,inceptionv3,bias
Mixed_6e_branch7x7dbl_5_bn_num_batches_tracked,buffer,1,1,0,1,0,0,1.0,0.0,0.0,0.0,inceptionv3,buffer
Mixed_6e_branch7x7dbl_5_bn_running_mean,buffer,1,1,0,1,0,0,1.0,0.0,0.0,0.0,inceptionv3,buffer
Mixed_6e_branch7x7dbl_5_bn_running_var,buffer,1,1,0,1,0,0,1.0,0.0,0.0,0.0,inceptionv3,buffer
Mixed_6e_branch7x7dbl_5_bn_weight,weight,1,1,0,1,0,0,1.0,0.0,0.0,0.0,inceptionv3,norm_weight
Mixed_6e_branch7x7dbl_5_conv_weight,weight,126,126,0,28,50,48,0.2222222222222222,0.3968253968253968,0.3809523809523809,0.0,inceptionv3,conv_weight
Mixed_6e_branch_pool_bn_bias,bias,1,0,1,0,0,0,0.0,0.0,0.0,1.0,inceptionv3,bias
Mixed_6e_branch_pool_bn_num_batches_tracked,buffer,1,1,0,1,0,0,1.0,0.0,0.0,0.0,inceptionv3,buffer
Mixed_6e_branch_pool_bn_running_mean,buffer,1,1,0,1,0,0,1.0,0.0,0.0,0.0,inceptionv3,buffer
Mixed_6e_branch_pool_bn_running_var,buffer,1,1,0,1,0,0,1.0,0.0,0.0,0.0,inceptionv3,buffer
Mixed_6e_branch_pool_bn_weight,weight,1,1,0,1,0,0,1.0,0.0,0.0,0.0,inceptionv3,norm_weight
Mixed_6e_branch_pool_conv_weight,weight,72,72,0,45,27,0,0.625,0.375,0.0,0.0,inceptionv3,conv_weight
Mixed_7a_branch3x3_1_bn_bias,bias,1,0,1,0,0,0,0.0,0.0,0.0,1.0,inceptionv3,bias
Mixed_7a_branch3x3_1_bn_num_batches_tracked,buffer,1,1,0,1,0,0,1.0,0.0,0.0,0.0,inceptionv3,buffer
Mixed_7a_branch3x3_1_bn_running_mean,buffer,1,1,0,1,0,0,1.0,0.0,0.0,0.0,inceptionv3,buffer
Mixed_7a_branch3x3_1_bn_running_var,buffer,1,1,0,1,0,0,1.0,0.0,0.0,0.0,inceptionv3,buffer
Mixed_7a_branch3x3_1_bn_weight,weight,1,1,0,1,0,0,1.0,0.0,0.0,0.0,inceptionv3,norm_weight
Mixed_7a_branch3x3_1_conv_weight,weight,72,72,0,12,60,0,0.1666666666666666,0.8333333333333334,0.0,0.0,inceptionv3,conv_weight
Mixed_7a_branch3x3_2_bn_bias,bias,1,0,1,0,0,0,0.0,0.0,0.0,1.0,inceptionv3,bias
Mixed_7a_branch3x3_2_bn_num_batches_tracked,buffer,1,1,0,1,0,0,1.0,0.0,0.0,0.0,inceptionv3,buffer
Mixed_7a_branch3x3_2_bn_running_mean,buffer,1,1,0,1,0,0,1.0,0.0,0.0,0.0,inceptionv3,buffer
Mixed_7a_branch3x3_2_bn_running_var,buffer,1,1,0,1,0,0,1.0,0.0,0.0,0.0,inceptionv3,buffer
Mixed_7a_branch3x3_2_bn_weight,weight,1,1,0,1,0,0,1.0,0.0,0.0,0.0,inceptionv3,norm_weight
Mixed_7a_branch3x3_2_conv_weight,weight,270,270,0,50,55,165,0.1851851851851851,0.2037037037037037,0.6111111111111112,0.0,inceptionv3,conv_weight
Mixed_7a_branch7x7x3_1_bn_bias,bias,1,0,1,0,0,0,0.0,0.0,0.0,1.0,inceptionv3,bias
Mixed_7a_branch7x7x3_1_bn_num_batches_tracked,buffer,1,1,0,1,0,0,1.0,0.0,0.0,0.0,inceptionv3,buffer
Mixed_7a_branch7x7x3_1_bn_running_mean,buffer,1,1,0,1,0,0,1.0,0.0,0.0,0.0,inceptionv3,buffer
Mixed_7a_branch7x7x3_1_bn_running_var,buffer,1,1,0,1,0,0,1.0,0.0,0.0,0.0,inceptionv3,buffer
Mixed_7a_branch7x7x3_1_bn_weight,weight,1,1,0,1,0,0,1.0,0.0,0.0,0.0,inceptionv3,norm_weight
Mixed_7a_branch7x7x3_1_conv_weight,weight,72,72,0,63,9,0,0.875,0.125,0.0,0.0,inceptionv3,conv_weight
Mixed_7a_branch7x7x3_2_bn_bias,bias,1,0,1,0,0,0,0.0,0.0,0.0,1.0,inceptionv3,bias
Mixed_7a_branch7x7x3_2_bn_num_batches_tracked,buffer,1,1,0,1,0,0,1.0,0.0,0.0,0.0,inceptionv3,buffer
Mixed_7a_branch7x7x3_2_bn_running_mean,buffer,1,1,0,1,0,0,1.0,0.0,0.0,0.0,inceptionv3,buffer
Mixed_7a_branch7x7x3_2_bn_running_var,buffer,1,1,0,1,0,0,1.0,0.0,0.0,0.0,inceptionv3,buffer
Mixed_7a_branch7x7x3_2_bn_weight,weight,1,1,0,1,0,0,1.0,0.0,0.0,0.0,inceptionv3,norm_weight
Mixed_7a_branch7x7x3_2_conv_weight,weight,126,126,0,104,14,8,0.8253968253968254,0.1111111111111111,0.0634920634920634,0.0,inceptionv3,conv_weight
Mixed_7a_branch7x7x3_3_bn_bias,bias,1,0,1,0,0,0,0.0,0.0,0.0,1.0,inceptionv3,bias
Mixed_7a_branch7x7x3_3_bn_num_batches_tracked,buffer,1,1,0,1,0,0,1.0,0.0,0.0,0.0,inceptionv3,buffer
Mixed_7a_branch7x7x3_3_bn_running_mean,buffer,1,1,0,1,0,0,1.0,0.0,0.0,0.0,inceptionv3,buffer
Mixed_7a_branch7x7x3_3_bn_running_var,buffer,1,1,0,1,0,0,1.0,0.0,0.0,0.0,inceptionv3,buffer
Mixed_7a_branch7x7x3_3_bn_weight,weight,1,1,0,1,0,0,1.0,0.0,0.0,0.0,inceptionv3,norm_weight
Mixed_7a_branch7x7x3_3_conv_weight,weight,126,126,0,105,11,10,0.8333333333333334,0.0873015873015873,0.0793650793650793,0.0,inceptionv3,conv_weight
Mixed_7a_branch7x7x3_4_bn_bias,bias,1,0,1,0,0,0,0.0,0.0,0.0,1.0,inceptionv3,bias
Mixed_7a_branch7x7x3_4_bn_num_batches_tracked,buffer,1,1,0,1,0,0,1.0,0.0,0.0,0.0,inceptionv3,buffer
Mixed_7a_branch7x7x3_4_bn_running_mean,buffer,1,1,0,1,0,0,1.0,0.0,0.0,0.0,inceptionv3,buffer
Mixed_7a_branch7x7x3_4_bn_running_var,buffer,1,1,0,1,0,0,1.0,0.0,0.0,0.0,inceptionv3,buffer
Mixed_7a_branch7x7x3_4_bn_weight,weight,1,1,0,1,0,0,1.0,0.0,0.0,0.0,inceptionv3,norm_weight
Mixed_7a_branch7x7x3_4_conv_weight,weight,162,162,0,107,0,55,0.6604938271604939,0.0,0.3395061728395062,0.0,inceptionv3,conv_weight
Mixed_7b_branch1x1_bn_bias,bias,1,0,1,0,0,0,0.0,0.0,0.0,1.0,inceptionv3,bias
Mixed_7b_branch1x1_bn_num_batches_tracked,buffer,1,1,0,1,0,0,1.0,0.0,0.0,0.0,inceptionv3,buffer
Mixed_7b_branch1x1_bn_running_mean,buffer,1,1,0,1,0,0,1.0,0.0,0.0,0.0,inceptionv3,buffer
Mixed_7b_branch1x1_bn_running_var,buffer,1,1,0,1,0,0,1.0,0.0,0.0,0.0,inceptionv3,buffer
Mixed_7b_branch1x1_bn_weight,weight,1,1,0,1,0,0,1.0,0.0,0.0,0.0,inceptionv3,norm_weight
Mixed_7b_branch1x1_conv_weight,weight,200,200,0,199,1,0,0.995,0.005,0.0,0.0,inceptionv3,conv_weight
Mixed_7b_branch3x3_1_bn_bias,bias,1,0,1,0,0,0,0.0,0.0,0.0,1.0,inceptionv3,bias
Mixed_7b_branch3x3_1_bn_num_batches_tracked,buffer,1,1,0,1,0,0,1.0,0.0,0.0,0.0,inceptionv3,buffer
Mixed_7b_branch3x3_1_bn_running_mean,buffer,1,1,0,1,0,0,1.0,0.0,0.0,0.0,inceptionv3,buffer
Mixed_7b_branch3x3_1_bn_running_var,buffer,1,1,0,1,0,0,1.0,0.0,0.0,0.0,inceptionv3,buffer
Mixed_7b_branch3x3_1_bn_weight,weight,1,1,0,1,0,0,1.0,0.0,0.0,0.0,inceptionv3,norm_weight
Mixed_7b_branch3x3_1_conv_weight,weight,240,240,0,217,23,0,0.9041666666666668,0.0958333333333333,0.0,0.0,inceptionv3,conv_weight
Mixed_7b_branch3x3_2a_bn_bias,bias,1,0,1,0,0,0,0.0,0.0,0.0,1.0,inceptionv3,bias
Mixed_7b_branch3x3_2a_bn_num_batches_tracked,buffer,1,1,0,1,0,0,1.0,0.0,0.0,0.0,inceptionv3,buffer
Mixed_7b_branch3x3_2a_bn_running_mean,buffer,1,1,0,1,0,0,1.0,0.0,0.0,0.0,inceptionv3,buffer
Mixed_7b_branch3x3_2a_bn_running_var,buffer,1,1,0,1,0,0,1.0,0.0,0.0,0.0,inceptionv3,buffer
Mixed_7b_branch3x3_2a_bn_weight,weight,1,1,0,1,0,0,1.0,0.0,0.0,0.0,inceptionv3,norm_weight
Mixed_7b_branch3x3_2a_conv_weight,weight,216,216,0,4,4,208,0.0185185185185185,0.0185185185185185,0.9629629629629628,0.0,inceptionv3,conv_weight
Mixed_7b_branch3x3_2b_bn_bias,bias,1,0,1,0,0,0,0.0,0.0,0.0,1.0,inceptionv3,bias
Mixed_7b_branch3x3_2b_bn_num_batches_tracked,buffer,1,1,0,1,0,0,1.0,0.0,0.0,0.0,inceptionv3,buffer
Mixed_7b_branch3x3_2b_bn_running_mean,buffer,1,1,0,1,0,0,1.0,0.0,0.0,0.0,inceptionv3,buffer
Mixed_7b_branch3x3_2b_bn_running_var,buffer,1,1,0,1,0,0,1.0,0.0,0.0,0.0,inceptionv3,buffer
Mixed_7b_branch3x3_2b_bn_weight,weight,1,1,0,1,0,0,1.0,0.0,0.0,0.0,inceptionv3,norm_weight
Mixed_7b_branch3x3_2b_conv_weight,weight,216,216,0,91,120,5,0.4212962962962963,0.5555555555555556,0.0231481481481481,0.0,inceptionv3,conv_weight
Mixed_7b_branch3x3dbl_1_bn_bias,bias,1,0,1,0,0,0,0.0,0.0,0.0,1.0,inceptionv3,bias
Mixed_7b_branch3x3dbl_1_bn_num_batches_tracked,buffer,1,1,0,1,0,0,1.0,0.0,0.0,0.0,inceptionv3,buffer
Mixed_7b_branch3x3dbl_1_bn_running_mean,buffer,1,1,0,1,0,0,1.0,0.0,0.0,0.0,inceptionv3,buffer
Mixed_7b_branch3x3dbl_1_bn_running_var,buffer,1,1,0,1,0,0,1.0,0.0,0.0,0.0,inceptionv3,buffer
Mixed_7b_branch3x3dbl_1_bn_weight,weight,1,1,0,1,0,0,1.0,0.0,0.0,0.0,inceptionv3,norm_weight
Mixed_7b_branch3x3dbl_1_conv_weight,weight,280,280,0,262,0,18,0.9357142857142856,0.0,0.0642857142857142,0.0,inceptionv3,conv_weight
Mixed_7b_branch3x3dbl_2_bn_bias,bias,1,0,1,0,0,0,0.0,0.0,0.0,1.0,inceptionv3,bias
Mixed_7b_branch3x3dbl_2_bn_num_batches_tracked,buffer,1,1,0,1,0,0,1.0,0.0,0.0,0.0,inceptionv3,buffer
Mixed_7b_branch3x3dbl_2_bn_running_mean,buffer,1,1,0,1,0,0,1.0,0.0,0.0,0.0,inceptionv3,buffer
Mixed_7b_branch3x3dbl_2_bn_running_var,buffer,1,1,0,1,0,0,1.0,0.0,0.0,0.0,inceptionv3,buffer
Mixed_7b_branch3x3dbl_2_bn_weight,weight,1,1,0,1,0,0,1.0,0.0,0.0,0.0,inceptionv3,norm_weight
Mixed_7b_branch3x3dbl_2_conv_weight,weight,756,756,0,575,12,169,0.7605820105820106,0.0158730158730158,0.2235449735449735,0.0,inceptionv3,conv_weight
Mixed_7b_branch3x3dbl_3a_bn_bias,bias,1,0,1,0,0,0,0.0,0.0,0.0,1.0,inceptionv3,bias
Mixed_7b_branch3x3dbl_3a_bn_num_batches_tracked,buffer,1,1,0,1,0,0,1.0,0.0,0.0,0.0,inceptionv3,buffer
Mixed_7b_branch3x3dbl_3a_bn_running_mean,buffer,1,1,0,1,0,0,1.0,0.0,0.0,0.0,inceptionv3,buffer
Mixed_7b_branch3x3dbl_3a_bn_running_var,buffer,1,1,0,1,0,0,1.0,0.0,0.0,0.0,inceptionv3,buffer
Mixed_7b_branch3x3dbl_3a_bn_weight,weight,1,1,0,1,0,0,1.0,0.0,0.0,0.0,inceptionv3,norm_weight
Mixed_7b_branch3x3dbl_3a_conv_weight,weight,216,216,0,213,0,3,0.9861111111111112,0.0,0.0138888888888888,0.0,inceptionv3,conv_weight
Mixed_7b_branch3x3dbl_3b_bn_bias,bias,1,0,1,0,0,0,0.0,0.0,0.0,1.0,inceptionv3,bias
Mixed_7b_branch3x3dbl_3b_bn_num_batches_tracked,buffer,1,1,0,1,0,0,1.0,0.0,0.0,0.0,inceptionv3,buffer
Mixed_7b_branch3x3dbl_3b_bn_running_mean,buffer,1,1,0,1,0,0,1.0,0.0,0.0,0.0,inceptionv3,buffer
Mixed_7b_branch3x3dbl_3b_bn_running_var,buffer,1,1,0,1,0,0,1.0,0.0,0.0,0.0,inceptionv3,buffer
Mixed_7b_branch3x3dbl_3b_bn_weight,weight,1,1,0,1,0,0,1.0,0.0,0.0,0.0,inceptionv3,norm_weight
Mixed_7b_branch3x3dbl_3b_conv_weight,weight,216,216,0,66,21,129,0.3055555555555556,0.0972222222222222,0.5972222222222222,0.0,inceptionv3,conv_weight
Mixed_7b_branch_pool_bn_bias,bias,1,0,1,0,0,0,0.0,0.0,0.0,1.0,inceptionv3,bias
Mixed_7b_branch_pool_bn_num_batches_tracked,buffer,1,1,0,1,0,0,1.0,0.0,0.0,0.0,inceptionv3,buffer
Mixed_7b_branch_pool_bn_running_mean,buffer,1,1,0,1,0,0,1.0,0.0,0.0,0.0,inceptionv3,buffer
Mixed_7b_branch_pool_bn_running_var,buffer,1,1,0,1,0,0,1.0,0.0,0.0,0.0,inceptionv3,buffer
Mixed_7b_branch_pool_bn_weight,weight,1,1,0,1,0,0,1.0,0.0,0.0,0.0,inceptionv3,norm_weight
Mixed_7b_branch_pool_conv_weight,weight,120,120,0,116,4,0,0.9666666666666668,0.0333333333333333,0.0,0.0,inceptionv3,conv_weight
Mixed_7c_branch1x1_bn_bias,bias,1,0,1,0,0,0,0.0,0.0,0.0,1.0,inceptionv3,bias
Mixed_7c_branch1x1_bn_num_batches_tracked,buffer,1,1,0,1,0,0,1.0,0.0,0.0,0.0,inceptionv3,buffer
Mixed_7c_branch1x1_bn_running_mean,buffer,1,1,0,1,0,0,1.0,0.0,0.0,0.0,inceptionv3,buffer
Mixed_7c_branch1x1_bn_running_var,buffer,1,1,0,1,0,0,1.0,0.0,0.0,0.0,inceptionv3,buffer
Mixed_7c_branch1x1_bn_weight,weight,1,1,0,1,0,0,1.0,0.0,0.0,0.0,inceptionv3,norm_weight
Mixed_7c_branch1x1_conv_weight,weight,320,320,0,295,0,25,0.921875,0.0,0.078125,0.0,inceptionv3,conv_weight
Mixed_7c_branch3x3_1_bn_bias,bias,1,0,1,0,0,0,0.0,0.0,0.0,1.0,inceptionv3,bias
Mixed_7c_branch3x3_1_bn_num_batches_tracked,buffer,1,1,0,1,0,0,1.0,0.0,0.0,0.0,inceptionv3,buffer
Mixed_7c_branch3x3_1_bn_running_mean,buffer,1,1,0,1,0,0,1.0,0.0,0.0,0.0,inceptionv3,buffer
Mixed_7c_branch3x3_1_bn_running_var,buffer,1,1,0,1,0,0,1.0,0.0,0.0,0.0,inceptionv3,buffer
Mixed_7c_branch3x3_1_bn_weight,weight,1,1,0,1,0,0,1.0,0.0,0.0,0.0,inceptionv3,norm_weight
Mixed_7c_branch3x3_1_conv_weight,weight,384,384,0,280,104,0,0.7291666666666666,0.2708333333333333,0.0,0.0,inceptionv3,conv_weight
Mixed_7c_branch3x3_2a_bn_bias,bias,1,0,1,0,0,0,0.0,0.0,0.0,1.0,inceptionv3,bias
Mixed_7c_branch3x3_2a_bn_num_batches_tracked,buffer,1,1,0,1,0,0,1.0,0.0,0.0,0.0,inceptionv3,buffer
Mixed_7c_branch3x3_2a_bn_running_mean,buffer,1,1,0,1,0,0,1.0,0.0,0.0,0.0,inceptionv3,buffer
Mixed_7c_branch3x3_2a_bn_running_var,buffer,1,1,0,1,0,0,1.0,0.0,0.0,0.0,inceptionv3,buffer
Mixed_7c_branch3x3_2a_bn_weight,weight,1,1,0,1,0,0,1.0,0.0,0.0,0.0,inceptionv3,norm_weight
Mixed_7c_branch3x3_2a_conv_weight,weight,216,216,0,216,0,0,1.0,0.0,0.0,0.0,inceptionv3,conv_weight
Mixed_7c_branch3x3_2b_bn_bias,bias,1,0,1,0,0,0,0.0,0.0,0.0,1.0,inceptionv3,bias
Mixed_7c_branch3x3_2b_bn_num_batches_tracked,buffer,1,1,0,1,0,0,1.0,0.0,0.0,0.0,inceptionv3,buffer
Mixed_7c_branch3x3_2b_bn_running_mean,buffer,1,1,0,1,0,0,1.0,0.0,0.0,0.0,inceptionv3,buffer
Mixed_7c_branch3x3_2b_bn_running_var,buffer,1,1,0,1,0,0,1.0,0.0,0.0,0.0,inceptionv3,buffer
Mixed_7c_branch3x3_2b_bn_weight,weight,1,1,0,1,0,0,1.0,0.0,0.0,0.0,inceptionv3,norm_weight
Mixed_7c_branch3x3_2b_conv_weight,weight,216,216,0,216,0,0,1.0,0.0,0.0,0.0,inceptionv3,conv_weight
Mixed_7c_branch3x3dbl_1_bn_bias,bias,1,0,1,0,0,0,0.0,0.0,0.0,1.0,inceptionv3,bias
Mixed_7c_branch3x3dbl_1_bn_num_batches_tracked,buffer,1,1,0,1,0,0,1.0,0.0,0.0,0.0,inceptionv3,buffer
Mixed_7c_branch3x3dbl_1_bn_running_mean,buffer,1,1,0,1,0,0,1.0,0.0,0.0,0.0,inceptionv3,buffer
Mixed_7c_branch3x3dbl_1_bn_running_var,buffer,1,1,0,1,0,0,1.0,0.0,0.0,0.0,inceptionv3,buffer
Mixed_7c_branch3x3dbl_1_bn_weight,weight,1,1,0,1,0,0,1.0,0.0,0.0,0.0,inceptionv3,norm_weight
Mixed_7c_branch3x3dbl_1_conv_weight,weight,448,448,0,440,4,4,0.9821428571428572,0.0089285714285714,0.0089285714285714,0.0,inceptionv3,conv_weight
Mixed_7c_branch3x3dbl_2_bn_bias,bias,1,0,1,0,0,0,0.0,0.0,0.0,1.0,inceptionv3,bias
Mixed_7c_branch3x3dbl_2_bn_num_batches_tracked,buffer,1,1,0,1,0,0,1.0,0.0,0.0,0.0,inceptionv3,buffer
Mixed_7c_branch3x3dbl_2_bn_running_mean,buffer,1,1,0,1,0,0,1.0,0.0,0.0,0.0,inceptionv3,buffer
Mixed_7c_branch3x3dbl_2_bn_running_var,buffer,1,1,0,1,0,0,1.0,0.0,0.0,0.0,inceptionv3,buffer
Mixed_7c_branch3x3dbl_2_bn_weight,weight,1,1,0,1,0,0,1.0,0.0,0.0,0.0,inceptionv3,norm_weight
Mixed_7c_branch3x3dbl_2_conv_weight,weight,756,756,0,688,47,21,0.91005291005291,0.0621693121693121,0.0277777777777777,0.0,inceptionv3,conv_weight
Mixed_7c_branch3x3dbl_3a_bn_bias,bias,1,0,1,0,0,0,0.0,0.0,0.0,1.0,inceptionv3,bias
Mixed_7c_branch3x3dbl_3a_bn_num_batches_tracked,buffer,1,1,0,1,0,0,1.0,0.0,0.0,0.0,inceptionv3,buffer
Mixed_7c_branch3x3dbl_3a_bn_running_mean,buffer,1,1,0,1,0,0,1.0,0.0,0.0,0.0,inceptionv3,buffer
Mixed_7c_branch3x3dbl_3a_bn_running_var,buffer,1,1,0,1,0,0,1.0,0.0,0.0,0.0,inceptionv3,buffer
Mixed_7c_branch3x3dbl_3a_bn_weight,weight,1,1,0,1,0,0,1.0,0.0,0.0,0.0,inceptionv3,norm_weight
Mixed_7c_branch3x3dbl_3a_conv_weight,weight,216,216,0,139,77,0,0.6435185185185185,0.3564814814814814,0.0,0.0,inceptionv3,conv_weight
Mixed_7c_branch3x3dbl_3b_bn_bias,bias,1,0,1,0,0,0,0.0,0.0,0.0,1.0,inceptionv3,bias
Mixed_7c_branch3x3dbl_3b_bn_num_batches_tracked,buffer,1,1,0,1,0,0,1.0,0.0,0.0,0.0,inceptionv3,buffer
Mixed_7c_branch3x3dbl_3b_bn_running_mean,buffer,1,1,0,1,0,0,1.0,0.0,0.0,0.0,inceptionv3,buffer
Mixed_7c_branch3x3dbl_3b_bn_running_var,buffer,1,1,0,1,0,0,1.0,0.0,0.0,0.0,inceptionv3,buffer
Mixed_7c_branch3x3dbl_3b_bn_weight,weight,1,1,0,1,0,0,1.0,0.0,0.0,0.0,inceptionv3,norm_weight
Mixed_7c_branch3x3dbl_3b_conv_weight,weight,216,216,0,0,3,213,0.0,0.0138888888888888,0.9861111111111112,0.0,inceptionv3,conv_weight
Mixed_7c_branch_pool_bn_bias,bias,1,0,1,0,0,0,0.0,0.0,0.0,1.0,inceptionv3,bias
Mixed_7c_branch_pool_bn_num_batches_tracked,buffer,0,0,0,0,0,0,0.0,0.0,0.0,0.0,inceptionv3,buffer
Mixed_7c_branch_pool_bn_running_mean,buffer,1,1,0,1,0,0,1.0,0.0,0.0,0.0,inceptionv3,buffer
Mixed_7c_branch_pool_bn_running_var,buffer,1,1,0,1,0,0,1.0,0.0,0.0,0.0,inceptionv3,buffer
Mixed_7c_branch_pool_bn_weight,weight,1,1,0,1,0,0,1.0,0.0,0.0,0.0,inceptionv3,norm_weight
Mixed_7c_branch_pool_conv_weight,weight,192,192,0,192,0,0,1.0,0.0,0.0,0.0,inceptionv3,conv_weight
fc_bias,bias,1,0,1,0,0,0,0.0,0.0,0.0,1.0,inceptionv3,bias
fc_weight,weight,1000,510,490,503,7,0,0.9862745098039216,0.0137254901960784,0.0,0.49,inceptionv3,fc_weight
classifier_0_bias,bias,1,0,1,0,0,0,0.0,0.0,0.0,1.0,mobilenet_v3,bias
classifier_0_weight,weight,600,600,0,600,0,0,1.0,0.0,0.0,0.0,mobilenet_v3,fc_weight
classifier_3_bias,bias,1,0,1,0,0,0,0.0,0.0,0.0,1.0,mobilenet_v3,bias
classifier_3_weight,weight,625,65,560,23,42,0,0.3538461538461538,0.6461538461538462,0.0,0.896,mobilenet_v3,fc_weight
features_0_0_weight,weight,1,1,0,1,0,0,1.0,0.0,0.0,0.0,mobilenet_v3,conv_weight
features_0_1_bias,bias,1,0,1,0,0,0,0.0,0.0,0.0,1.0,mobilenet_v3,bias
features_0_1_num_batches_tracked,buffer,1,1,0,0,1,0,0.0,1.0,0.0,0.0,mobilenet_v3,buffer
features_0_1_running_mean,buffer,1,1,0,1,0,0,1.0,0.0,0.0,0.0,mobilenet_v3,buffer
features_0_1_running_var,buffer,1,1,0,0,1,0,0.0,1.0,0.0,0.0,mobilenet_v3,buffer
features_0_1_weight,weight,1,0,1,0,0,0,0.0,0.0,0.0,1.0,mobilenet_v3,conv_weight
features_10_block_0_0_weight,weight,8,8,0,4,0,4,0.5,0.0,0.5,0.0,mobilenet_v3,conv_weight
features_10_block_0_1_bias,bias,1,0,1,0,0,0,0.0,0.0,0.0,1.0,mobilenet_v3,bias
features_10_block_0_1_num_batches_tracked,buffer,1,1,0,0,1,0,0.0,1.0,0.0,0.0,mobilenet_v3,buffer
features_10_block_0_1_running_mean,buffer,1,1,0,1,0,0,1.0,0.0,0.0,0.0,mobilenet_v3,buffer
features_10_block_0_1_running_var,buffer,1,1,0,0,0,1,0.0,0.0,1.0,0.0,mobilenet_v3,buffer
features_10_block_0_1_weight,weight,1,0,1,0,0,0,0.0,0.0,0.0,1.0,mobilenet_v3,conv_weight
features_10_block_1_0_weight,weight,1,0,1,0,0,0,0.0,0.0,0.0,1.0,mobilenet_v3,conv_weight
features_10_block_1_1_bias,bias,1,0,1,0,0,0,0.0,0.0,0.0,1.0,mobilenet_v3,bias
features_10_block_1_1_num_batches_tracked,buffer,1,1,0,0,1,0,0.0,1.0,0.0,0.0,mobilenet_v3,buffer
features_10_block_1_1_running_mean,buffer,1,1,0,1,0,0,1.0,0.0,0.0,0.0,mobilenet_v3,buffer
features_10_block_1_1_running_var,buffer,1,1,0,1,0,0,1.0,0.0,0.0,0.0,mobilenet_v3,buffer
features_10_block_1_1_weight,weight,1,0,1,0,0,0,0.0,0.0,0.0,1.0,mobilenet_v3,conv_weight
features_10_block_2_0_weight,weight,8,8,0,8,0,0,1.0,0.0,0.0,0.0,mobilenet_v3,conv_weight
features_10_block_2_1_bias,bias,1,0,1,0,0,0,0.0,0.0,0.0,1.0,mobilenet_v3,bias
features_10_block_2_1_num_batches_tracked,buffer,1,1,0,0,1,0,0.0,1.0,0.0,0.0,mobilenet_v3,buffer
features_10_block_2_1_running_mean,buffer,1,1,0,1,0,0,1.0,0.0,0.0,0.0,mobilenet_v3,buffer
features_10_block_2_1_running_var,buffer,1,1,0,1,0,0,1.0,0.0,0.0,0.0,mobilenet_v3,buffer
features_10_block_2_1_weight,weight,1,0,1,0,0,0,0.0,0.0,0.0,1.0,mobilenet_v3,conv_weight
features_11_block_0_0_weight,weight,19,19,0,19,0,0,1.0,0.0,0.0,0.0,mobilenet_v3,conv_weight
features_11_block_0_1_bias,bias,1,0,1,0,0,0,0.0,0.0,0.0,1.0,mobilenet_v3,bias
features_11_block_0_1_num_batches_tracked,buffer,1,1,0,0,1,0,0.0,1.0,0.0,0.0,mobilenet_v3,buffer
features_11_block_0_1_running_mean,buffer,1,1,0,1,0,0,1.0,0.0,0.0,0.0,mobilenet_v3,buffer
features_11_block_0_1_running_var,buffer,1,1,0,0,1,0,0.0,1.0,0.0,0.0,mobilenet_v3,buffer
features_11_block_0_1_weight,weight,1,0,1,0,0,0,0.0,0.0,0.0,1.0,mobilenet_v3,conv_weight
features_11_block_1_0_weight,weight,3,3,0,3,0,0,1.0,0.0,0.0,0.0,mobilenet_v3,conv_weight
features_11_block_1_1_bias,bias,1,0,1,0,0,0,0.0,0.0,0.0,1.0,mobilenet_v3,bias
features_11_block_1_1_num_batches_tracked,buffer,1,1,0,0,1,0,0.0,1.0,0.0,0.0,mobilenet_v3,buffer
features_11_block_1_1_running_mean,buffer,1,1,0,1,0,0,1.0,0.0,0.0,0.0,mobilenet_v3,buffer
features_11_block_1_1_running_var,buffer,1,1,0,1,0,0,1.0,0.0,0.0,0.0,mobilenet_v3,buffer
features_11_block_1_1_weight,weight,1,1,0,0,1,0,0.0,1.0,0.0,0.0,mobilenet_v3,conv_weight
features_11_block_2_fc1_bias,bias,1,0,1,0,0,0,0.0,0.0,0.0,1.0,mobilenet_v3,bias
features_11_block_2_fc1_weight,weight,29,29,0,27,0,2,0.9310344827586208,0.0,0.0689655172413793,0.0,mobilenet_v3,mlp_weight
features_11_block_2_fc2_bias,bias,1,0,1,0,0,0,0.0,0.0,0.0,1.0,mobilenet_v3,bias
features_11_block_2_fc2_weight,weight,29,29,0,24,0,5,0.8275862068965517,0.0,0.1724137931034483,0.0,mobilenet_v3,mlp_weight
features_11_block_3_0_weight,weight,27,27,0,27,0,0,1.0,0.0,0.0,0.0,mobilenet_v3,conv_weight
features_11_block_3_1_bias,bias,1,0,1,0,0,0,0.0,0.0,0.0,1.0,mobilenet_v3,bias
features_11_block_3_1_num_batches_tracked,buffer,1,1,0,0,1,0,0.0,1.0,0.0,0.0,mobilenet_v3,buffer
features_11_block_3_1_running_mean,buffer,1,1,0,1,0,0,1.0,0.0,0.0,0.0,mobilenet_v3,buffer
features_11_block_3_1_running_var,buffer,1,1,0,1,0,0,1.0,0.0,0.0,0.0,mobilenet_v3,buffer
features_11_block_3_1_weight,weight,1,1,0,0,1,0,0.0,1.0,0.0,0.0,mobilenet_v3,conv_weight
features_12_block_0_0_weight,weight,37,37,0,37,0,0,1.0,0.0,0.0,0.0,mobilenet_v3,conv_weight
features_12_block_0_1_bias,bias,1,0,1,0,0,0,0.0,0.0,0.0,1.0,mobilenet_v3,bias
features_12_block_0_1_num_batches_tracked,buffer,1,1,0,0,1,0,0.0,1.0,0.0,0.0,mobilenet_v3,buffer
features_12_block_0_1_running_mean,buffer,1,1,0,1,0,0,1.0,0.0,0.0,0.0,mobilenet_v3,buffer
features_12_block_0_1_running_var,buffer,1,1,0,1,0,0,1.0,0.0,0.0,0.0,mobilenet_v3,buffer
features_12_block_0_1_weight,weight,1,0,1,0,0,0,0.0,0.0,0.0,1.0,mobilenet_v3,conv_weight
features_12_block_1_0_weight,weight,3,3,0,3,0,0,1.0,0.0,0.0,0.0,mobilenet_v3,conv_weight
features_12_block_1_1_bias,bias,1,0,1,0,0,0,0.0,0.0,0.0,1.0,mobilenet_v3,bias
features_12_block_1_1_num_batches_tracked,buffer,1,1,0,0,1,0,0.0,1.0,0.0,0.0,mobilenet_v3,buffer
features_12_block_1_1_running_mean,buffer,1,1,0,1,0,0,1.0,0.0,0.0,0.0,mobilenet_v3,buffer
features_12_block_1_1_running_var,buffer,1,1,0,1,0,0,1.0,0.0,0.0,0.0,mobilenet_v3,buffer
features_12_block_1_1_weight,weight,1,0,1,0,0,0,0.0,0.0,0.0,1.0,mobilenet_v3,conv_weight
features_12_block_2_fc1_bias,bias,1,0,1,0,0,0,0.0,0.0,0.0,1.0,mobilenet_v3,bias
features_12_block_2_fc1_weight,weight,56,56,0,41,0,15,0.7321428571428571,0.0,0.2678571428571428,0.0,mobilenet_v3,mlp_weight
features_12_block_2_fc2_bias,bias,1,0,1,0,0,0,0.0,0.0,0.0,1.0,mobilenet_v3,bias
features_12_block_2_fc2_weight,weight,56,56,0,31,1,24,0.5535714285714286,0.0178571428571428,0.4285714285714285,0.0,mobilenet_v3,mlp_weight
features_12_block_3_0_weight,weight,37,35,2,35,0,0,1.0,0.0,0.0,0.054054054054054,mobilenet_v3,conv_weight
features_12_block_3_1_bias,bias,1,0,1,0,0,0,0.0,0.0,0.0,1.0,mobilenet_v3,bias
features_12_block_3_1_num_batches_tracked,buffer,1,1,0,0,1,0,0.0,1.0,0.0,0.0,mobilenet_v3,buffer
features_12_block_3_1_running_mean,buffer,1,1,0,1,0,0,1.0,0.0,0.0,0.0,mobilenet_v3,buffer
features_12_block_3_1_running_var,buffer,1,1,0,1,0,0,1.0,0.0,0.0,0.0,mobilenet_v3,buffer
features_12_block_3_1_weight,weight,1,1,0,0,1,0,0.0,1.0,0.0,0.0,mobilenet_v3,conv_weight
features_13_block_0_0_weight,weight,37,37,0,35,2,0,0.945945945945946,0.054054054054054,0.0,0.0,mobilenet_v3,conv_weight
features_13_block_0_1_bias,bias,1,0,1,0,0,0,0.0,0.0,0.0,1.0,mobilenet_v3,bias
features_13_block_0_1_num_batches_tracked,buffer,1,1,0,0,1,0,0.0,1.0,0.0,0.0,mobilenet_v3,buffer
features_13_block_0_1_running_mean,buffer,1,1,0,1,0,0,1.0,0.0,0.0,0.0,mobilenet_v3,buffer
features_13_block_0_1_running_var,buffer,1,1,0,0,1,0,0.0,1.0,0.0,0.0,mobilenet_v3,buffer
features_13_block_0_1_weight,weight,1,0,1,0,0,0,0.0,0.0,0.0,1.0,mobilenet_v3,conv_weight
features_13_block_1_0_weight,weight,9,9,0,0,0,9,0.0,0.0,1.0,0.0,mobilenet_v3,conv_weight
features_13_block_1_1_bias,bias,1,0,1,0,0,0,0.0,0.0,0.0,1.0,mobilenet_v3,bias
features_13_block_1_1_num_batches_tracked,buffer,1,1,0,0,1,0,0.0,1.0,0.0,0.0,mobilenet_v3,buffer
features_13_block_1_1_running_mean,buffer,1,1,0,1,0,0,1.0,0.0,0.0,0.0,mobilenet_v3,buffer
features_13_block_1_1_running_var,buffer,1,1,0,1,0,0,1.0,0.0,0.0,0.0,mobilenet_v3,buffer
features_13_block_1_1_weight,weight,1,0,1,0,0,0,0.0,0.0,0.0,1.0,mobilenet_v3,conv_weight
features_13_block_2_fc1_bias,bias,1,0,1,0,0,0,0.0,0.0,0.0,1.0,mobilenet_v3,bias
features_13_block_2_fc1_weight,weight,56,56,0,21,0,35,0.375,0.0,0.625,0.0,mobilenet_v3,mlp_weight
features_13_block_2_fc2_bias,bias,1,0,1,0,0,0,0.0,0.0,0.0,1.0,mobilenet_v3,bias
features_13_block_2_fc2_weight,weight,56,56,0,17,21,18,0.3035714285714285,0.375,0.3214285714285714,0.0,mobilenet_v3,mlp_weight
features_13_block_3_0_weight,weight,53,53,0,51,2,0,0.9622641509433962,0.0377358490566037,0.0,0.0,mobilenet_v3,conv_weight
features_13_block_3_1_bias,bias,1,0,1,0,0,0,0.0,0.0,0.0,1.0,mobilenet_v3,bias
features_13_block_3_1_num_batches_tracked,buffer,1,1,0,0,1,0,0.0,1.0,0.0,0.0,mobilenet_v3,buffer
features_13_block_3_1_running_mean,buffer,1,1,0,1,0,0,1.0,0.0,0.0,0.0,mobilenet_v3,buffer
features_13_block_3_1_running_var,buffer,1,1,0,1,0,0,1.0,0.0,0.0,0.0,mobilenet_v3,buffer
features_13_block_3_1_weight,weight,1,1,0,0,1,0,0.0,1.0,0.0,0.0,mobilenet_v3,conv_weight
features_14_block_0_0_weight,weight,75,75,0,72,3,0,0.96,0.04,0.0,0.0,mobilenet_v3,conv_weight
features_14_block_0_1_bias,bias,1,0,1,0,0,0,0.0,0.0,0.0,1.0,mobilenet_v3,bias
features_14_block_0_1_num_batches_tracked,buffer,1,1,0,0,1,0,0.0,1.0,0.0,0.0,mobilenet_v3,buffer
features_14_block_0_1_running_mean,buffer,1,1,0,1,0,0,1.0,0.0,0.0,0.0,mobilenet_v3,buffer
features_14_block_0_1_running_var,buffer,1,1,0,1,0,0,1.0,0.0,0.0,0.0,mobilenet_v3,buffer
features_14_block_0_1_weight,weight,1,1,0,0,1,0,0.0,1.0,0.0,0.0,mobilenet_v3,conv_weight
features_14_block_1_0_weight,weight,12,12,0,10,2,0,0.8333333333333334,0.1666666666666666,0.0,0.0,mobilenet_v3,conv_weight
features_14_block_1_1_bias,bias,1,0,1,0,0,0,0.0,0.0,0.0,1.0,mobilenet_v3,bias
features_14_block_1_1_num_batches_tracked,buffer,1,1,0,0,1,0,0.0,1.0,0.0,0.0,mobilenet_v3,buffer
features_14_block_1_1_running_mean,buffer,1,1,0,1,0,0,1.0,0.0,0.0,0.0,mobilenet_v3,buffer
features_14_block_1_1_running_var,buffer,1,1,0,1,0,0,1.0,0.0,0.0,0.0,mobilenet_v3,buffer
features_14_block_1_1_weight,weight,1,1,0,0,1,0,0.0,1.0,0.0,0.0,mobilenet_v3,conv_weight
features_14_block_2_fc1_bias,bias,1,0,1,0,0,0,0.0,0.0,0.0,1.0,mobilenet_v3,bias
features_14_block_2_fc1_weight,weight,113,113,0,99,0,14,0.8761061946902655,0.0,0.1238938053097345,0.0,mobilenet_v3,mlp_weight
features_14_block_2_fc2_bias,bias,1,0,1,0,0,0,0.0,0.0,0.0,1.0,mobilenet_v3,bias
features_14_block_2_fc2_weight,weight,113,113,0,70,38,5,0.6194690265486725,0.336283185840708,0.0442477876106194,0.0,mobilenet_v3,mlp_weight
features_14_block_3_0_weight,weight,75,75,0,72,3,0,0.96,0.04,0.0,0.0,mobilenet_v3,conv_weight
features_14_block_3_1_bias,bias,1,0,1,0,0,0,0.0,0.0,0.0,1.0,mobilenet_v3,bias
features_14_block_3_1_num_batches_tracked,buffer,1,1,0,0,1,0,0.0,1.0,0.0,0.0,mobilenet_v3,buffer
features_14_block_3_1_running_mean,buffer,1,1,0,1,0,0,1.0,0.0,0.0,0.0,mobilenet_v3,buffer
features_14_block_3_1_running_var,buffer,1,1,0,1,0,0,1.0,0.0,0.0,0.0,mobilenet_v3,buffer
features_14_block_3_1_weight,weight,1,1,0,0,1,0,0.0,1.0,0.0,0.0,mobilenet_v3,conv_weight
features_15_block_0_0_weight,weight,75,58,17,56,2,0,0.9655172413793104,0.0344827586206896,0.0,0.2266666666666666,mobilenet_v3,conv_weight
features_15_block_0_1_bias,bias,1,0,1,0,0,0,0.0,0.0,0.0,1.0,mobilenet_v3,bias
features_15_block_0_1_num_batches_tracked,buffer,1,1,0,0,1,0,0.0,1.0,0.0,0.0,mobilenet_v3,buffer
features_15_block_0_1_running_mean,buffer,1,1,0,1,0,0,1.0,0.0,0.0,0.0,mobilenet_v3,buffer
features_15_block_0_1_running_var,buffer,1,1,0,1,0,0,1.0,0.0,0.0,0.0,mobilenet_v3,buffer
features_15_block_0_1_weight,weight,1,1,0,0,1,0,0.0,1.0,0.0,0.0,mobilenet_v3,conv_weight
features_15_block_1_0_weight,weight,12,12,0,0,12,0,0.0,1.0,0.0,0.0,mobilenet_v3,conv_weight
features_15_block_1_1_bias,bias,1,0,1,0,0,0,0.0,0.0,0.0,1.0,mobilenet_v3,bias
features_15_block_1_1_num_batches_tracked,buffer,1,1,0,0,1,0,0.0,1.0,0.0,0.0,mobilenet_v3,buffer
features_15_block_1_1_running_mean,buffer,1,1,0,1,0,0,1.0,0.0,0.0,0.0,mobilenet_v3,buffer
features_15_block_1_1_running_var,buffer,1,1,0,1,0,0,1.0,0.0,0.0,0.0,mobilenet_v3,buffer
features_15_block_1_1_weight,weight,1,1,0,0,0,1,0.0,0.0,1.0,0.0,mobilenet_v3,conv_weight
features_15_block_2_fc1_bias,bias,1,0,1,0,0,0,0.0,0.0,0.0,1.0,mobilenet_v3,bias
features_15_block_2_fc1_weight,weight,113,113,0,112,1,0,0.991150442477876,0.0088495575221238,0.0,0.0,mobilenet_v3,mlp_weight
features_15_block_2_fc2_bias,bias,1,0,1,0,0,0,0.0,0.0,0.0,1.0,mobilenet_v3,bias
features_15_block_2_fc2_weight,weight,113,113,0,88,23,2,0.7787610619469026,0.2035398230088495,0.0176991150442477,0.0,mobilenet_v3,mlp_weight
features_15_block_3_0_weight,weight,75,0,75,0,0,0,0.0,0.0,0.0,1.0,mobilenet_v3,conv_weight
features_15_block_3_1_bias,bias,1,0,1,0,0,0,0.0,0.0,0.0,1.0,mobilenet_v3,bias
features_15_block_3_1_num_batches_tracked,buffer,1,1,0,0,1,0,0.0,1.0,0.0,0.0,mobilenet_v3,buffer
features_15_block_3_1_running_mean,buffer,1,1,0,1,0,0,1.0,0.0,0.0,0.0,mobilenet_v3,buffer
features_15_block_3_1_running_var,buffer,1,1,0,1,0,0,1.0,0.0,0.0,0.0,mobilenet_v3,buffer
features_15_block_3_1_weight,weight,1,1,0,0,1,0,0.0,1.0,0.0,0.0,mobilenet_v3,conv_weight
features_16_0_weight,weight,75,75,0,75,0,0,1.0,0.0,0.0,0.0,mobilenet_v3,conv_weight
features_16_1_bias,bias,1,0,1,0,0,0,0.0,0.0,0.0,1.0,mobilenet_v3,bias
features_16_1_num_batches_tracked,buffer,0,0,0,0,0,0,0.0,0.0,0.0,0.0,mobilenet_v3,buffer
features_16_1_running_mean,buffer,1,1,0,1,0,0,1.0,0.0,0.0,0.0,mobilenet_v3,buffer
features_16_1_running_var,buffer,1,1,0,0,0,1,0.0,0.0,1.0,0.0,mobilenet_v3,buffer
features_16_1_weight,weight,1,1,0,0,1,0,0.0,1.0,0.0,0.0,mobilenet_v3,conv_weight
features_1_block_0_0_weight,weight,1,1,0,1,0,0,1.0,0.0,0.0,0.0,mobilenet_v3,conv_weight
features_1_block_0_1_bias,bias,1,1,0,1,0,0,1.0,0.0,0.0,0.0,mobilenet_v3,bias
features_1_block_0_1_num_batches_tracked,buffer,1,1,0,0,1,0,0.0,1.0,0.0,0.0,mobilenet_v3,buffer
features_1_block_0_1_running_mean,buffer,1,1,0,1,0,0,1.0,0.0,0.0,0.0,mobilenet_v3,buffer
features_1_block_0_1_running_var,buffer,1,1,0,0,1,0,0.0,1.0,0.0,0.0,mobilenet_v3,buffer
features_1_block_0_1_weight,weight,1,0,1,0,0,0,0.0,0.0,0.0,1.0,mobilenet_v3,conv_weight
features_1_block_1_0_weight,weight,1,1,0,1,0,0,1.0,0.0,0.0,0.0,mobilenet_v3,conv_weight
features_1_block_1_1_bias,bias,1,0,1,0,0,0,0.0,0.0,0.0,1.0,mobilenet_v3,bias
features_1_block_1_1_num_batches_tracked,buffer,1,1,0,0,1,0,0.0,1.0,0.0,0.0,mobilenet_v3,buffer
features_1_block_1_1_running_mean,buffer,1,1,0,1,0,0,1.0,0.0,0.0,0.0,mobilenet_v3,buffer
features_1_block_1_1_running_var,buffer,1,1,0,1,0,0,1.0,0.0,0.0,0.0,mobilenet_v3,buffer
features_1_block_1_1_weight,weight,1,0,1,0,0,0,0.0,0.0,0.0,1.0,mobilenet_v3,conv_weight
features_2_block_0_0_weight,weight,1,1,0,1,0,0,1.0,0.0,0.0,0.0,mobilenet_v3,conv_weight
features_2_block_0_1_bias,bias,1,0,1,0,0,0,0.0,0.0,0.0,1.0,mobilenet_v3,bias
features_2_block_0_1_num_batches_tracked,buffer,1,1,0,0,1,0,0.0,1.0,0.0,0.0,mobilenet_v3,buffer
features_2_block_0_1_running_mean,buffer,1,1,0,1,0,0,1.0,0.0,0.0,0.0,mobilenet_v3,buffer
features_2_block_0_1_running_var,buffer,1,1,0,1,0,0,1.0,0.0,0.0,0.0,mobilenet_v3,buffer
features_2_block_0_1_weight,weight,1,0,1,0,0,0,0.0,0.0,0.0,1.0,mobilenet_v3,conv_weight
features_2_block_1_0_weight,weight,1,1,0,1,0,0,1.0,0.0,0.0,0.0,mobilenet_v3,conv_weight
features_2_block_1_1_bias,bias,1,1,0,1,0,0,1.0,0.0,0.0,0.0,mobilenet_v3,bias
features_2_block_1_1_num_batches_tracked,buffer,1,1,0,0,1,0,0.0,1.0,0.0,0.0,mobilenet_v3,buffer
features_2_block_1_1_running_mean,buffer,1,1,0,1,0,0,1.0,0.0,0.0,0.0,mobilenet_v3,buffer
features_2_block_1_1_running_var,buffer,1,1,0,1,0,0,1.0,0.0,0.0,0.0,mobilenet_v3,buffer
features_2_block_1_1_weight,weight,1,0,1,0,0,0,0.0,0.0,0.0,1.0,mobilenet_v3,conv_weight
features_2_block_2_0_weight,weight,1,1,0,1,0,0,1.0,0.0,0.0,0.0,mobilenet_v3,conv_weight
features_2_block_2_1_bias,bias,1,0,1,0,0,0,0.0,0.0,0.0,1.0,mobilenet_v3,bias
features_2_block_2_1_num_batches_tracked,buffer,1,1,0,0,1,0,0.0,1.0,0.0,0.0,mobilenet_v3,buffer
features_2_block_2_1_running_mean,buffer,1,1,0,1,0,0,1.0,0.0,0.0,0.0,mobilenet_v3,buffer
features_2_block_2_1_running_var,buffer,1,1,0,0,1,0,0.0,1.0,0.0,0.0,mobilenet_v3,buffer
features_2_block_2_1_weight,weight,1,0,1,0,0,0,0.0,0.0,0.0,1.0,mobilenet_v3,conv_weight
features_3_block_0_0_weight,weight,1,1,0,1,0,0,1.0,0.0,0.0,0.0,mobilenet_v3,conv_weight
features_3_block_0_1_bias,bias,1,0,1,0,0,0,0.0,0.0,0.0,1.0,mobilenet_v3,bias
features_3_block_0_1_num_batches_tracked,buffer,1,1,0,0,1,0,0.0,1.0,0.0,0.0,mobilenet_v3,buffer
features_3_block_0_1_running_mean,buffer,1,1,0,1,0,0,1.0,0.0,0.0,0.0,mobilenet_v3,buffer
features_3_block_0_1_running_var,buffer,1,1,0,1,0,0,1.0,0.0,0.0,0.0,mobilenet_v3,buffer
features_3_block_0_1_weight,weight,1,0,1,0,0,0,0.0,0.0,0.0,1.0,mobilenet_v3,conv_weight
features_3_block_1_0_weight,weight,1,1,0,1,0,0,1.0,0.0,0.0,0.0,mobilenet_v3,conv_weight
features_3_block_1_1_bias,bias,1,1,0,1,0,0,1.0,0.0,0.0,0.0,mobilenet_v3,bias
features_3_block_1_1_num_batches_tracked,buffer,1,1,0,0,1,0,0.0,1.0,0.0,0.0,mobilenet_v3,buffer
features_3_block_1_1_running_mean,buffer,1,1,0,1,0,0,1.0,0.0,0.0,0.0,mobilenet_v3,buffer
features_3_block_1_1_running_var,buffer,1,1,0,1,0,0,1.0,0.0,0.0,0.0,mobilenet_v3,buffer
features_3_block_1_1_weight,weight,1,0,1,0,0,0,0.0,0.0,0.0,1.0,mobilenet_v3,conv_weight
features_3_block_2_0_weight,weight,1,1,0,1,0,0,1.0,0.0,0.0,0.0,mobilenet_v3,conv_weight
features_3_block_2_1_bias,bias,1,0,1,0,0,0,0.0,0.0,0.0,1.0,mobilenet_v3,bias
features_3_block_2_1_num_batches_tracked,buffer,1,1,0,0,1,0,0.0,1.0,0.0,0.0,mobilenet_v3,buffer
features_3_block_2_1_running_mean,buffer,1,1,0,1,0,0,1.0,0.0,0.0,0.0,mobilenet_v3,buffer
features_3_block_2_1_running_var,buffer,1,1,0,1,0,0,1.0,0.0,0.0,0.0,mobilenet_v3,buffer
features_3_block_2_1_weight,weight,1,0,1,0,0,0,0.0,0.0,0.0,1.0,mobilenet_v3,conv_weight
features_4_block_0_0_weight,weight,1,1,0,0,0,1,0.0,0.0,1.0,0.0,mobilenet_v3,conv_weight
features_4_block_0_1_bias,bias,1,0,1,0,0,0,0.0,0.0,0.0,1.0,mobilenet_v3,bias
features_4_block_0_1_num_batches_tracked,buffer,1,1,0,0,1,0,0.0,1.0,0.0,0.0,mobilenet_v3,buffer
features_4_block_0_1_running_mean,buffer,1,1,0,1,0,0,1.0,0.0,0.0,0.0,mobilenet_v3,buffer
features_4_block_0_1_running_var,buffer,1,1,0,0,1,0,0.0,1.0,0.0,0.0,mobilenet_v3,buffer
features_4_block_0_1_weight,weight,1,0,1,0,0,0,0.0,0.0,0.0,1.0,mobilenet_v3,conv_weight
features_4_block_1_0_weight,weight,1,1,0,0,0,1,0.0,0.0,1.0,0.0,mobilenet_v3,conv_weight
features_4_block_1_1_bias,bias,1,0,1,0,0,0,0.0,0.0,0.0,1.0,mobilenet_v3,bias
features_4_block_1_1_num_batches_tracked,buffer,1,1,0,0,1,0,0.0,1.0,0.0,0.0,mobilenet_v3,buffer
features_4_block_1_1_running_mean,buffer,1,1,0,1,0,0,1.0,0.0,0.0,0.0,mobilenet_v3,buffer
features_4_block_1_1_running_var,buffer,1,1,0,1,0,0,1.0,0.0,0.0,0.0,mobilenet_v3,buffer
features_4_block_1_1_weight,weight,1,1,0,0,0,1,0.0,0.0,1.0,0.0,mobilenet_v3,conv_weight
features_4_block_2_fc1_bias,bias,1,1,0,1,0,0,1.0,0.0,0.0,0.0,mobilenet_v3,bias
features_4_block_2_fc1_weight,weight,1,1,0,1,0,0,1.0,0.0,0.0,0.0,mobilenet_v3,mlp_weight
features_4_block_2_fc2_bias,bias,1,0,1,0,0,0,0.0,0.0,0.0,1.0,mobilenet_v3,bias
features_4_block_2_fc2_weight,weight,1,1,0,1,0,0,1.0,0.0,0.0,0.0,mobilenet_v3,mlp_weight
features_4_block_3_0_weight,weight,2,2,0,2,0,0,1.0,0.0,0.0,0.0,mobilenet_v3,conv_weight
features_4_block_3_1_bias,bias,1,0,1,0,0,0,0.0,0.0,0.0,1.0,mobilenet_v3,bias
features_4_block_3_1_num_batches_tracked,buffer,1,1,0,0,1,0,0.0,1.0,0.0,0.0,mobilenet_v3,buffer
features_4_block_3_1_running_mean,buffer,1,1,0,1,0,0,1.0,0.0,0.0,0.0,mobilenet_v3,buffer
features_4_block_3_1_running_var,buffer,1,1,0,1,0,0,1.0,0.0,0.0,0.0,mobilenet_v3,buffer
features_4_block_3_1_weight,weight,1,0,1,0,0,0,0.0,0.0,0.0,1.0,mobilenet_v3,conv_weight
features_5_block_0_0_weight,weight,3,3,0,3,0,0,1.0,0.0,0.0,0.0,mobilenet_v3,conv_weight
features_5_block_0_1_bias,bias,1,0,1,0,0,0,0.0,0.0,0.0,1.0,mobilenet_v3,bias
features_5_block_0_1_num_batches_tracked,buffer,1,1,0,0,1,0,0.0,1.0,0.0,0.0,mobilenet_v3,buffer
features_5_block_0_1_running_mean,buffer,1,1,0,1,0,0,1.0,0.0,0.0,0.0,mobilenet_v3,buffer
features_5_block_0_1_running_var,buffer,1,1,0,1,0,0,1.0,0.0,0.0,0.0,mobilenet_v3,buffer
features_5_block_0_1_weight,weight,1,0,1,0,0,0,0.0,0.0,0.0,1.0,mobilenet_v3,conv_weight
features_5_block_1_0_weight,weight,2,2,0,0,0,2,0.0,0.0,1.0,0.0,mobilenet_v3,conv_weight
features_5_block_1_1_bias,bias,1,0,1,0,0,0,0.0,0.0,0.0,1.0,mobilenet_v3,bias
features_5_block_1_1_num_batches_tracked,buffer,1,1,0,0,1,0,0.0,1.0,0.0,0.0,mobilenet_v3,buffer
features_5_block_1_1_running_mean,buffer,1,1,0,1,0,0,1.0,0.0,0.0,0.0,mobilenet_v3,buffer
features_5_block_1_1_running_var,buffer,1,1,0,1,0,0,1.0,0.0,0.0,0.0,mobilenet_v3,buffer
features_5_block_1_1_weight,weight,1,0,1,0,0,0,0.0,0.0,0.0,1.0,mobilenet_v3,conv_weight
features_5_block_2_fc1_bias,bias,1,1,0,1,0,0,1.0,0.0,0.0,0.0,mobilenet_v3,bias
features_5_block_2_fc1_weight,weight,2,2,0,0,0,2,0.0,0.0,1.0,0.0,mobilenet_v3,mlp_weight
features_5_block_2_fc2_bias,bias,1,0,1,0,0,0,0.0,0.0,0.0,1.0,mobilenet_v3,bias
features_5_block_2_fc2_weight,weight,2,2,0,2,0,0,1.0,0.0,0.0,0.0,mobilenet_v3,mlp_weight
features_5_block_3_0_weight,weight,3,3,0,3,0,0,1.0,0.0,0.0,0.0,mobilenet_v3,conv_weight
features_5_block_3_1_bias,bias,1,0,1,0,0,0,0.0,0.0,0.0,1.0,mobilenet_v3,bias
features_5_block_3_1_num_batches_tracked,buffer,1,1,0,0,1,0,0.0,1.0,0.0,0.0,mobilenet_v3,buffer
features_5_block_3_1_running_mean,buffer,1,1,0,1,0,0,1.0,0.0,0.0,0.0,mobilenet_v3,buffer
features_5_block_3_1_running_var,buffer,1,1,0,1,0,0,1.0,0.0,0.0,0.0,mobilenet_v3,buffer
features_5_block_3_1_weight,weight,1,0,1,0,0,0,0.0,0.0,0.0,1.0,mobilenet_v3,conv_weight
features_6_block_0_0_weight,weight,3,3,0,3,0,0,1.0,0.0,0.0,0.0,mobilenet_v3,conv_weight
features_6_block_0_1_bias,bias,1,0,1,0,0,0,0.0,0.0,0.0,1.0,mobilenet_v3,bias
features_6_block_0_1_num_batches_tracked,buffer,1,1,0,0,1,0,0.0,1.0,0.0,0.0,mobilenet_v3,buffer
features_6_block_0_1_running_mean,buffer,1,1,0,1,0,0,1.0,0.0,0.0,0.0,mobilenet_v3,buffer
features_6_block_0_1_running_var,buffer,1,1,0,0,1,0,0.0,1.0,0.0,0.0,mobilenet_v3,buffer
features_6_block_0_1_weight,weight,1,0,1,0,0,0,0.0,0.0,0.0,1.0,mobilenet_v3,conv_weight
features_6_block_1_0_weight,weight,2,2,0,1,0,1,0.5,0.0,0.5,0.0,mobilenet_v3,conv_weight
features_6_block_1_1_bias,bias,1,0,1,0,0,0,0.0,0.0,0.0,1.0,mobilenet_v3,bias
features_6_block_1_1_num_batches_tracked,buffer,1,1,0,0,1,0,0.0,1.0,0.0,0.0,mobilenet_v3,buffer
features_6_block_1_1_running_mean,buffer,1,1,0,1,0,0,1.0,0.0,0.0,0.0,mobilenet_v3,buffer
features_6_block_1_1_running_var,buffer,1,1,0,1,0,0,1.0,0.0,0.0,0.0,mobilenet_v3,buffer
features_6_block_1_1_weight,weight,1,0,1,0,0,0,0.0,0.0,0.0,1.0,mobilenet_v3,conv_weight
features_6_block_2_fc1_bias,bias,1,1,0,1,0,0,1.0,0.0,0.0,0.0,mobilenet_v3,bias
features_6_block_2_fc1_weight,weight,2,2,0,2,0,0,1.0,0.0,0.0,0.0,mobilenet_v3,mlp_weight
features_6_block_2_fc2_bias,bias,1,0,1,0,0,0,0.0,0.0,0.0,1.0,mobilenet_v3,bias
features_6_block_2_fc2_weight,weight,2,2,0,2,0,0,1.0,0.0,0.0,0.0,mobilenet_v3,mlp_weight
features_6_block_3_0_weight,weight,3,3,0,3,0,0,1.0,0.0,0.0,0.0,mobilenet_v3,conv_weight
features_6_block_3_1_bias,bias,1,0,1,0,0,0,0.0,0.0,0.0,1.0,mobilenet_v3,bias
features_6_block_3_1_num_batches_tracked,buffer,1,1,0,0,1,0,0.0,1.0,0.0,0.0,mobilenet_v3,buffer
features_6_block_3_1_running_mean,buffer,1,1,0,1,0,0,1.0,0.0,0.0,0.0,mobilenet_v3,buffer
features_6_block_3_1_running_var,buffer,1,1,0,1,0,0,1.0,0.0,0.0,0.0,mobilenet_v3,buffer
features_6_block_3_1_weight,weight,1,0,1,0,0,0,0.0,0.0,0.0,1.0,mobilenet_v3,conv_weight
features_7_block_0_0_weight,weight,5,5,0,5,0,0,1.0,0.0,0.0,0.0,mobilenet_v3,conv_weight
features_7_block_0_1_bias,bias,1,0,1,0,0,0,0.0,0.0,0.0,1.0,mobilenet_v3,bias
features_7_block_0_1_num_batches_tracked,buffer,1,1,0,0,1,0,0.0,1.0,0.0,0.0,mobilenet_v3,buffer
features_7_block_0_1_running_mean,buffer,1,1,0,1,0,0,1.0,0.0,0.0,0.0,mobilenet_v3,buffer
features_7_block_0_1_running_var,buffer,1,1,0,0,1,0,0.0,1.0,0.0,0.0,mobilenet_v3,buffer
features_7_block_0_1_weight,weight,1,0,1,0,0,0,0.0,0.0,0.0,1.0,mobilenet_v3,conv_weight
features_7_block_1_0_weight,weight,2,0,2,0,0,0,0.0,0.0,0.0,1.0,mobilenet_v3,conv_weight
features_7_block_1_1_bias,bias,1,0,1,0,0,0,0.0,0.0,0.0,1.0,mobilenet_v3,bias
features_7_block_1_1_num_batches_tracked,buffer,1,1,0,0,1,0,0.0,1.0,0.0,0.0,mobilenet_v3,buffer
features_7_block_1_1_running_mean,buffer,1,1,0,1,0,0,1.0,0.0,0.0,0.0,mobilenet_v3,buffer
features_7_block_1_1_running_var,buffer,1,1,0,1,0,0,1.0,0.0,0.0,0.0,mobilenet_v3,buffer
features_7_block_1_1_weight,weight,1,1,0,0,1,0,0.0,1.0,0.0,0.0,mobilenet_v3,conv_weight
features_7_block_2_0_weight,weight,10,10,0,10,0,0,1.0,0.0,0.0,0.0,mobilenet_v3,conv_weight
features_7_block_2_1_bias,bias,1,0,1,0,0,0,0.0,0.0,0.0,1.0,mobilenet_v3,bias
features_7_block_2_1_num_batches_tracked,buffer,1,1,0,0,1,0,0.0,1.0,0.0,0.0,mobilenet_v3,buffer
features_7_block_2_1_running_mean,buffer,1,1,0,1,0,0,1.0,0.0,0.0,0.0,mobilenet_v3,buffer
features_7_block_2_1_running_var,buffer,1,1,0,1,0,0,1.0,0.0,0.0,0.0,mobilenet_v3,buffer
features_7_block_2_1_weight,weight,1,1,0,0,1,0,0.0,1.0,0.0,0.0,mobilenet_v3,conv_weight
features_8_block_0_0_weight,weight,8,8,0,8,0,0,1.0,0.0,0.0,0.0,mobilenet_v3,conv_weight
features_8_block_0_1_bias,bias,1,0,1,0,0,0,0.0,0.0,0.0,1.0,mobilenet_v3,bias
features_8_block_0_1_num_batches_tracked,buffer,1,1,0,0,1,0,0.0,1.0,0.0,0.0,mobilenet_v3,buffer
features_8_block_0_1_running_mean,buffer,1,1,0,1,0,0,1.0,0.0,0.0,0.0,mobilenet_v3,buffer
features_8_block_0_1_running_var,buffer,1,1,0,1,0,0,1.0,0.0,0.0,0.0,mobilenet_v3,buffer
features_8_block_0_1_weight,weight,1,0,1,0,0,0,0.0,0.0,0.0,1.0,mobilenet_v3,conv_weight
features_8_block_1_0_weight,weight,1,1,0,1,0,0,1.0,0.0,0.0,0.0,mobilenet_v3,conv_weight
features_8_block_1_1_bias,bias,1,0,1,0,0,0,0.0,0.0,0.0,1.0,mobilenet_v3,bias
features_8_block_1_1_num_batches_tracked,buffer,1,1,0,0,1,0,0.0,1.0,0.0,0.0,mobilenet_v3,buffer
features_8_block_1_1_running_mean,buffer,1,1,0,1,0,0,1.0,0.0,0.0,0.0,mobilenet_v3,buffer
features_8_block_1_1_running_var,buffer,1,1,0,1,0,0,1.0,0.0,0.0,0.0,mobilenet_v3,buffer
features_8_block_1_1_weight,weight,1,0,1,0,0,0,0.0,0.0,0.0,1.0,mobilenet_v3,conv_weight
features_8_block_2_0_weight,weight,8,8,0,8,0,0,1.0,0.0,0.0,0.0,mobilenet_v3,conv_weight
features_8_block_2_1_bias,bias,1,0,1,0,0,0,0.0,0.0,0.0,1.0,mobilenet_v3,bias
features_8_block_2_1_num_batches_tracked,buffer,1,1,0,0,1,0,0.0,1.0,0.0,0.0,mobilenet_v3,buffer
features_8_block_2_1_running_mean,buffer,1,1,0,1,0,0,1.0,0.0,0.0,0.0,mobilenet_v3,buffer
features_8_block_2_1_running_var,buffer,1,1,0,1,0,0,1.0,0.0,0.0,0.0,mobilenet_v3,buffer
features_8_block_2_1_weight,weight,1,0,1,0,0,0,0.0,0.0,0.0,1.0,mobilenet_v3,conv_weight
features_9_block_0_0_weight,weight,8,8,0,8,0,0,1.0,0.0,0.0,0.0,mobilenet_v3,conv_weight
features_9_block_0_1_bias,bias,1,0,1,0,0,0,0.0,0.0,0.0,1.0,mobilenet_v3,bias
features_9_block_0_1_num_batches_tracked,buffer,1,1,0,0,1,0,0.0,1.0,0.0,0.0,mobilenet_v3,buffer
features_9_block_0_1_running_mean,buffer,1,1,0,1,0,0,1.0,0.0,0.0,0.0,mobilenet_v3,buffer
features_9_block_0_1_running_var,buffer,1,1,0,1,0,0,1.0,0.0,0.0,0.0,mobilenet_v3,buffer
features_9_block_0_1_weight,weight,1,0,1,0,0,0,0.0,0.0,0.0,1.0,mobilenet_v3,conv_weight
features_9_block_1_0_weight,weight,1,0,1,0,0,0,0.0,0.0,0.0,1.0,mobilenet_v3,conv_weight
features_9_block_1_1_bias,bias,1,1,0,0,0,1,0.0,0.0,1.0,0.0,mobilenet_v3,bias
features_9_block_1_1_num_batches_tracked,buffer,1,1,0,0,1,0,0.0,1.0,0.0,0.0,mobilenet_v3,buffer
features_9_block_1_1_running_mean,buffer,1,1,0,1,0,0,1.0,0.0,0.0,0.0,mobilenet_v3,buffer
features_9_block_1_1_running_var,buffer,1,1,0,1,0,0,1.0,0.0,0.0,0.0,mobilenet_v3,buffer
features_9_block_1_1_weight,weight,1,0,1,0,0,0,0.0,0.0,0.0,1.0,mobilenet_v3,conv_weight
features_9_block_2_0_weight,weight,8,8,0,8,0,0,1.0,0.0,0.0,0.0,mobilenet_v3,conv_weight
features_9_block_2_1_bias,bias,1,0,1,0,0,0,0.0,0.0,0.0,1.0,mobilenet_v3,bias
features_9_block_2_1_num_batches_tracked,buffer,1,1,0,0,1,0,0.0,1.0,0.0,0.0,mobilenet_v3,buffer
features_9_block_2_1_running_mean,buffer,1,1,0,1,0,0,1.0,0.0,0.0,0.0,mobilenet_v3,buffer
features_9_block_2_1_running_var,buffer,1,1,0,1,0,0,1.0,0.0,0.0,0.0,mobilenet_v3,buffer
features_9_block_2_1_weight,weight,1,0,1,0,0,0,0.0,0.0,0.0,1.0,mobilenet_v3,conv_weight
bn1_bias,bias,1,0,1,0,0,0,0.0,0.0,0.0,1.0,resnet50,bias
bn1_weight,weight,1,1,0,0,1,0,0.0,1.0,0.0,0.0,resnet50,norm_weight
conv1_weight,weight,5,5,0,3,0,2,0.6,0.0,0.4,0.0,resnet50,conv_weight
fc_bias,bias,0,0,0,0,0,0,0.0,0.0,0.0,0.0,resnet50,bias
fc_weight,weight,1000,1000,0,999,0,1,0.999,0.0,0.001,0.0,resnet50,fc_weight
layer1_0_bn1_bias,bias,1,0,1,0,0,0,0.0,0.0,0.0,1.0,resnet50,bias
layer1_0_bn1_weight,weight,1,0,1,0,0,0,0.0,0.0,0.0,1.0,resnet50,norm_weight
layer1_0_bn2_bias,bias,1,0,1,0,0,0,0.0,0.0,0.0,1.0,resnet50,bias
layer1_0_bn2_weight,weight,1,1,0,0,1,0,0.0,1.0,0.0,0.0,resnet50,norm_weight
layer1_0_bn3_bias,bias,1,0,1,0,0,0,0.0,0.0,0.0,1.0,resnet50,bias
layer1_0_bn3_weight,weight,1,0,1,0,0,0,0.0,0.0,0.0,1.0,resnet50,norm_weight
layer1_0_conv1_weight,weight,2,2,0,2,0,0,1.0,0.0,0.0,0.0,resnet50,conv_weight
layer1_0_conv2_weight,weight,18,18,0,14,0,4,0.7777777777777778,0.0,0.2222222222222222,0.0,resnet50,conv_weight
layer1_0_conv3_weight,weight,8,8,0,8,0,0,1.0,0.0,0.0,0.0,resnet50,conv_weight
layer1_0_downsample_0_weight,weight,8,8,0,7,0,1,0.875,0.0,0.125,0.0,resnet50,conv_weight
layer1_0_downsample_1_bias,bias,1,0,1,0,0,0,0.0,0.0,0.0,1.0,resnet50,bias
layer1_0_downsample_1_weight,weight,1,0,1,0,0,0,0.0,0.0,0.0,1.0,resnet50,norm_weight
layer1_1_bn1_bias,bias,1,0,1,0,0,0,0.0,0.0,0.0,1.0,resnet50,bias
layer1_1_bn1_weight,weight,1,0,1,0,0,0,0.0,0.0,0.0,1.0,resnet50,norm_weight
layer1_1_bn2_bias,bias,1,0,1,0,0,0,0.0,0.0,0.0,1.0,resnet50,bias
layer1_1_bn2_weight,weight,1,1,0,0,1,0,0.0,1.0,0.0,0.0,resnet50,norm_weight
layer1_1_bn3_bias,bias,1,0,1,0,0,0,0.0,0.0,0.0,1.0,resnet50,bias
layer1_1_bn3_weight,weight,1,0,1,0,0,0,0.0,0.0,0.0,1.0,resnet50,norm_weight
layer1_1_conv1_weight,weight,8,8,0,8,0,0,1.0,0.0,0.0,0.0,resnet50,conv_weight
layer1_1_conv2_weight,weight,18,18,0,18,0,0,1.0,0.0,0.0,0.0,resnet50,conv_weight
layer1_1_conv3_weight,weight,8,8,0,8,0,0,1.0,0.0,0.0,0.0,resnet50,conv_weight
layer1_2_bn1_bias,bias,1,0,1,0,0,0,0.0,0.0,0.0,1.0,resnet50,bias
layer1_2_bn1_weight,weight,1,1,0,0,1,0,0.0,1.0,0.0,0.0,resnet50,norm_weight
layer1_2_bn2_bias,bias,1,1,0,0,1,0,0.0,1.0,0.0,0.0,resnet50,bias
layer1_2_bn2_weight,weight,1,1,0,0,1,0,0.0,1.0,0.0,0.0,resnet50,norm_weight
layer1_2_bn3_bias,bias,1,0,1,0,0,0,0.0,0.0,0.0,1.0,resnet50,bias
layer1_2_bn3_weight,weight,1,0,1,0,0,0,0.0,0.0,0.0,1.0,resnet50,norm_weight
layer1_2_conv1_weight,weight,8,8,0,8,0,0,1.0,0.0,0.0,0.0,resnet50,conv_weight
layer1_2_conv2_weight,weight,18,18,0,18,0,0,1.0,0.0,0.0,0.0,resnet50,conv_weight
layer1_2_conv3_weight,weight,8,8,0,8,0,0,1.0,0.0,0.0,0.0,resnet50,conv_weight
layer2_0_bn1_bias,bias,1,0,1,0,0,0,0.0,0.0,0.0,1.0,resnet50,bias
layer2_0_bn1_weight,weight,1,1,0,0,1,0,0.0,1.0,0.0,0.0,resnet50,norm_weight
layer2_0_bn2_bias,bias,1,0,1,0,0,0,0.0,0.0,0.0,1.0,resnet50,bias
layer2_0_bn2_weight,weight,1,1,0,0,1,0,0.0,1.0,0.0,0.0,resnet50,norm_weight
layer2_0_bn3_bias,bias,1,0,1,0,0,0,0.0,0.0,0.0,1.0,resnet50,bias
layer2_0_bn3_weight,weight,1,0,1,0,0,0,0.0,0.0,0.0,1.0,resnet50,norm_weight
layer2_0_conv1_weight,weight,16,16,0,16,0,0,1.0,0.0,0.0,0.0,resnet50,conv_weight
layer2_0_conv2_weight,weight,72,72,0,47,0,25,0.6527777777777778,0.0,0.3472222222222222,0.0,resnet50,conv_weight
layer2_0_conv3_weight,weight,32,32,0,32,0,0,1.0,0.0,0.0,0.0,resnet50,conv_weight
layer2_0_downsample_0_weight,weight,64,64,0,63,1,0,0.984375,0.015625,0.0,0.0,resnet50,conv_weight
layer2_0_downsample_1_bias,bias,1,0,1,0,0,0,0.0,0.0,0.0,1.0,resnet50,bias
layer2_0_downsample_1_weight,weight,1,0,1,0,0,0,0.0,0.0,0.0,1.0,resnet50,norm_weight
layer2_1_bn1_bias,bias,1,0,1,0,0,0,0.0,0.0,0.0,1.0,resnet50,bias
layer2_1_bn1_weight,weight,1,1,0,0,1,0,0.0,1.0,0.0,0.0,resnet50,norm_weight
layer2_1_bn2_bias,bias,1,0,1,0,0,0,0.0,0.0,0.0,1.0,resnet50,bias
layer2_1_bn2_weight,weight,1,1,0,0,1,0,0.0,1.0,0.0,0.0,resnet50,norm_weight
layer2_1_bn3_bias,bias,1,0,1,0,0,0,0.0,0.0,0.0,1.0,resnet50,bias
layer2_1_bn3_weight,weight,1,0,1,0,0,0,0.0,0.0,0.0,1.0,resnet50,norm_weight
layer2_1_conv1_weight,weight,32,32,0,32,0,0,1.0,0.0,0.0,0.0,resnet50,conv_weight
layer2_1_conv2_weight,weight,72,72,0,38,0,34,0.5277777777777778,0.0,0.4722222222222222,0.0,resnet50,conv_weight
layer2_1_conv3_weight,weight,32,32,0,32,0,0,1.0,0.0,0.0,0.0,resnet50,conv_weight
layer2_2_bn1_bias,bias,1,0,1,0,0,0,0.0,0.0,0.0,1.0,resnet50,bias
layer2_2_bn1_weight,weight,1,1,0,0,1,0,0.0,1.0,0.0,0.0,resnet50,norm_weight
layer2_2_bn2_bias,bias,1,0,1,0,0,0,0.0,0.0,0.0,1.0,resnet50,bias
layer2_2_bn2_weight,weight,1,1,0,0,1,0,0.0,1.0,0.0,0.0,resnet50,norm_weight
layer2_2_bn3_bias,bias,1,0,1,0,0,0,0.0,0.0,0.0,1.0,resnet50,bias
layer2_2_bn3_weight,weight,1,1,0,0,1,0,0.0,1.0,0.0,0.0,resnet50,norm_weight
layer2_2_conv1_weight,weight,32,32,0,32,0,0,1.0,0.0,0.0,0.0,resnet50,conv_weight
layer2_2_conv2_weight,weight,72,72,0,55,0,17,0.7638888888888888,0.0,0.2361111111111111,0.0,resnet50,conv_weight
layer2_2_conv3_weight,weight,32,32,0,32,0,0,1.0,0.0,0.0,0.0,resnet50,conv_weight
layer2_3_bn1_bias,bias,1,0,1,0,0,0,0.0,0.0,0.0,1.0,resnet50,bias
layer2_3_bn1_weight,weight,1,1,0,0,1,0,0.0,1.0,0.0,0.0,resnet50,norm_weight
layer2_3_bn2_bias,bias,1,0,1,0,0,0,0.0,0.0,0.0,1.0,resnet50,bias
layer2_3_bn2_weight,weight,1,1,0,0,1,0,0.0,1.0,0.0,0.0,resnet50,norm_weight
layer2_3_bn3_bias,bias,1,0,1,0,0,0,0.0,0.0,0.0,1.0,resnet50,bias
layer2_3_bn3_weight,weight,1,0,1,0,0,0,0.0,0.0,0.0,1.0,resnet50,norm_weight
layer2_3_conv1_weight,weight,32,32,0,32,0,0,1.0,0.0,0.0,0.0,resnet50,conv_weight
layer2_3_conv2_weight,weight,72,72,0,71,0,1,0.9861111111111112,0.0,0.0138888888888888,0.0,resnet50,conv_weight
layer2_3_conv3_weight,weight,32,32,0,31,1,0,0.96875,0.03125,0.0,0.0,resnet50,conv_weight
layer3_0_bn1_bias,bias,1,0,1,0,0,0,0.0,0.0,0.0,1.0,resnet50,bias
layer3_0_bn1_weight,weight,1,1,0,0,1,0,0.0,1.0,0.0,0.0,resnet50,norm_weight
layer3_0_bn2_bias,bias,1,0,1,0,0,0,0.0,0.0,0.0,1.0,resnet50,bias
layer3_0_bn2_weight,weight,1,1,0,0,1,0,0.0,1.0,0.0,0.0,resnet50,norm_weight
layer3_0_bn3_bias,bias,1,0,1,0,0,0,0.0,0.0,0.0,1.0,resnet50,bias
layer3_0_bn3_weight,weight,1,0,1,0,0,0,0.0,0.0,0.0,1.0,resnet50,norm_weight
layer3_0_conv1_weight,weight,64,64,0,62,0,2,0.96875,0.0,0.03125,0.0,resnet50,conv_weight
layer3_0_conv2_weight,weight,288,288,0,177,1,110,0.6145833333333334,0.0034722222222222,0.3819444444444444,0.0,resnet50,conv_weight
layer3_0_conv3_weight,weight,128,128,0,128,0,0,1.0,0.0,0.0,0.0,resnet50,conv_weight
layer3_0_downsample_0_weight,weight,256,256,0,115,0,141,0.44921875,0.0,0.55078125,0.0,resnet50,conv_weight
layer3_0_downsample_1_bias,bias,1,0,1,0,0,0,0.0,0.0,0.0,1.0,resnet50,bias
layer3_0_downsample_1_weight,weight,1,0,1,0,0,0,0.0,0.0,0.0,1.0,resnet50,norm_weight
layer3_1_bn1_bias,bias,1,0,1,0,0,0,0.0,0.0,0.0,1.0,resnet50,bias
layer3_1_bn1_weight,weight,1,1,0,0,1,0,0.0,1.0,0.0,0.0,resnet50,norm_weight
layer3_1_bn2_bias,bias,1,1,0,0,1,0,0.0,1.0,0.0,0.0,resnet50,bias
layer3_1_bn2_weight,weight,1,1,0,0,1,0,0.0,1.0,0.0,0.0,resnet50,norm_weight
layer3_1_bn3_bias,bias,1,0,1,0,0,0,0.0,0.0,0.0,1.0,resnet50,bias
layer3_1_bn3_weight,weight,1,1,0,0,1,0,0.0,1.0,0.0,0.0,resnet50,norm_weight
layer3_1_conv1_weight,weight,128,128,0,112,0,16,0.875,0.0,0.125,0.0,resnet50,conv_weight
layer3_1_conv2_weight,weight,288,288,0,108,0,180,0.375,0.0,0.625,0.0,resnet50,conv_weight
layer3_1_conv3_weight,weight,128,128,0,121,0,7,0.9453125,0.0,0.0546875,0.0,resnet50,conv_weight
layer3_2_bn1_bias,bias,1,0,1,0,0,0,0.0,0.0,0.0,1.0,resnet50,bias
layer3_2_bn1_weight,weight,1,1,0,0,1,0,0.0,1.0,0.0,0.0,resnet50,norm_weight
layer3_2_bn2_bias,bias,1,0,1,0,0,0,0.0,0.0,0.0,1.0,resnet50,bias
layer3_2_bn2_weight,weight,1,1,0,0,1,0,0.0,1.0,0.0,0.0,resnet50,norm_weight
layer3_2_bn3_bias,bias,1,1,0,0,1,0,0.0,1.0,0.0,0.0,resnet50,bias
layer3_2_bn3_weight,weight,1,1,0,0,1,0,0.0,1.0,0.0,0.0,resnet50,norm_weight
layer3_2_conv1_weight,weight,128,128,0,25,0,103,0.1953125,0.0,0.8046875,0.0,resnet50,conv_weight
layer3_2_conv2_weight,weight,288,288,0,52,0,236,0.1805555555555555,0.0,0.8194444444444444,0.0,resnet50,conv_weight
layer3_2_conv3_weight,weight,128,128,0,100,0,28,0.78125,0.0,0.21875,0.0,resnet50,conv_weight
layer3_3_bn1_bias,bias,1,0,1,0,0,0,0.0,0.0,0.0,1.0,resnet50,bias
layer3_3_bn1_weight,weight,1,1,0,0,1,0,0.0,1.0,0.0,0.0,resnet50,norm_weight
layer3_3_bn2_bias,bias,1,0,1,0,0,0,0.0,0.0,0.0,1.0,resnet50,bias
layer3_3_bn2_weight,weight,1,1,0,0,1,0,0.0,1.0,0.0,0.0,resnet50,norm_weight
layer3_3_bn3_bias,bias,1,0,1,0,0,0,0.0,0.0,0.0,1.0,resnet50,bias
layer3_3_bn3_weight,weight,1,1,0,0,1,0,0.0,1.0,0.0,0.0,resnet50,norm_weight
layer3_3_conv1_weight,weight,128,128,0,45,0,83,0.3515625,0.0,0.6484375,0.0,resnet50,conv_weight
layer3_3_conv2_weight,weight,288,288,0,58,0,230,0.2013888888888889,0.0,0.7986111111111112,0.0,resnet50,conv_weight
layer3_3_conv3_weight,weight,128,128,0,103,0,25,0.8046875,0.0,0.1953125,0.0,resnet50,conv_weight
layer3_4_bn1_bias,bias,1,0,1,0,0,0,0.0,0.0,0.0,1.0,resnet50,bias
layer3_4_bn1_weight,weight,1,1,0,0,1,0,0.0,1.0,0.0,0.0,resnet50,norm_weight
layer3_4_bn2_bias,bias,1,0,1,0,0,0,0.0,0.0,0.0,1.0,resnet50,bias
layer3_4_bn2_weight,weight,1,1,0,0,1,0,0.0,1.0,0.0,0.0,resnet50,norm_weight
layer3_4_bn3_bias,bias,1,1,0,0,1,0,0.0,1.0,0.0,0.0,resnet50,bias
layer3_4_bn3_weight,weight,1,0,1,0,0,0,0.0,0.0,0.0,1.0,resnet50,norm_weight
layer3_4_conv1_weight,weight,128,128,0,78,0,50,0.609375,0.0,0.390625,0.0,resnet50,conv_weight
layer3_4_conv2_weight,weight,288,288,0,72,0,216,0.25,0.0,0.75,0.0,resnet50,conv_weight
layer3_4_conv3_weight,weight,128,128,0,91,0,37,0.7109375,0.0,0.2890625,0.0,resnet50,conv_weight
layer3_5_bn1_bias,bias,1,0,1,0,0,0,0.0,0.0,0.0,1.0,resnet50,bias
layer3_5_bn1_weight,weight,1,1,0,0,1,0,0.0,1.0,0.0,0.0,resnet50,norm_weight
layer3_5_bn2_bias,bias,1,1,0,0,1,0,0.0,1.0,0.0,0.0,resnet50,bias
layer3_5_bn2_weight,weight,1,1,0,0,1,0,0.0,1.0,0.0,0.0,resnet50,norm_weight
layer3_5_bn3_bias,bias,1,1,0,0,1,0,0.0,1.0,0.0,0.0,resnet50,bias
layer3_5_bn3_weight,weight,1,1,0,0,1,0,0.0,1.0,0.0,0.0,resnet50,norm_weight
layer3_5_conv1_weight,weight,128,128,0,123,0,5,0.9609375,0.0,0.0390625,0.0,resnet50,conv_weight
layer3_5_conv2_weight,weight,288,288,0,132,0,156,0.4583333333333333,0.0,0.5416666666666666,0.0,resnet50,conv_weight
layer3_5_conv3_weight,weight,128,128,0,108,1,19,0.84375,0.0078125,0.1484375,0.0,resnet50,conv_weight
layer4_0_bn1_bias,bias,1,1,0,0,1,0,0.0,1.0,0.0,0.0,resnet50,bias
layer4_0_bn1_weight,weight,1,1,0,0,1,0,0.0,1.0,0.0,0.0,resnet50,norm_weight
layer4_0_bn2_bias,bias,1,0,1,0,0,0,0.0,0.0,0.0,1.0,resnet50,bias
layer4_0_bn2_weight,weight,1,1,0,0,1,0,0.0,1.0,0.0,0.0,resnet50,norm_weight
layer4_0_bn3_bias,bias,1,1,0,0,1,0,0.0,1.0,0.0,0.0,resnet50,bias
layer4_0_bn3_weight,weight,1,1,0,0,1,0,0.0,1.0,0.0,0.0,resnet50,norm_weight
layer4_0_conv1_weight,weight,256,256,0,256,0,0,1.0,0.0,0.0,0.0,resnet50,conv_weight
layer4_0_conv2_weight,weight,1152,1152,0,851,0,301,0.7387152777777778,0.0,0.2612847222222222,0.0,resnet50,conv_weight
layer4_0_conv3_weight,weight,512,512,0,31,0,481,0.060546875,0.0,0.939453125,0.0,resnet50,conv_weight
layer4_0_downsample_0_weight,weight,1024,1024,0,89,0,935,0.0869140625,0.0,0.9130859375,0.0,resnet50,conv_weight
layer4_0_downsample_1_bias,bias,1,1,0,0,1,0,0.0,1.0,0.0,0.0,resnet50,bias
layer4_0_downsample_1_weight,weight,1,1,0,0,1,0,0.0,1.0,0.0,0.0,resnet50,norm_weight
layer4_1_bn1_bias,bias,1,1,0,0,1,0,0.0,1.0,0.0,0.0,resnet50,bias
layer4_1_bn1_weight,weight,1,1,0,0,1,0,0.0,1.0,0.0,0.0,resnet50,norm_weight
layer4_1_bn2_bias,bias,1,1,0,0,1,0,0.0,1.0,0.0,0.0,resnet50,bias
layer4_1_bn2_weight,weight,1,1,0,0,1,0,0.0,1.0,0.0,0.0,resnet50,norm_weight
layer4_1_bn3_bias,bias,1,1,0,0,1,0,0.0,1.0,0.0,0.0,resnet50,bias
layer4_1_bn3_weight,weight,1,1,0,0,1,0,0.0,1.0,0.0,0.0,resnet50,norm_weight
layer4_1_conv1_weight,weight,512,512,0,7,0,505,0.013671875,0.0,0.986328125,0.0,resnet50,conv_weight
layer4_1_conv2_weight,weight,1152,1152,0,534,0,618,0.4635416666666667,0.0,0.5364583333333334,0.0,resnet50,conv_weight
layer4_1_conv3_weight,weight,512,512,0,31,0,481,0.060546875,0.0,0.939453125,0.0,resnet50,conv_weight
layer4_2_bn1_bias,bias,1,1,0,0,1,0,0.0,1.0,0.0,0.0,resnet50,bias
layer4_2_bn1_weight,weight,1,1,0,0,1,0,0.0,1.0,0.0,0.0,resnet50,norm_weight
layer4_2_bn2_bias,bias,1,1,0,0,1,0,0.0,1.0,0.0,0.0,resnet50,bias
layer4_2_bn2_weight,weight,1,1,0,0,1,0,0.0,1.0,0.0,0.0,resnet50,norm_weight
layer4_2_bn3_bias,bias,1,1,0,0,1,0,0.0,1.0,0.0,0.0,resnet50,bias
layer4_2_bn3_weight,weight,1,1,0,0,1,0,0.0,1.0,0.0,0.0,resnet50,norm_weight
layer4_2_conv1_weight,weight,512,512,0,394,0,118,0.76953125,0.0,0.23046875,0.0,resnet50,conv_weight
layer4_2_conv2_weight,weight,1152,1152,0,0,0,1152,0.0,0.0,1.0,0.0,resnet50,conv_weight
layer4_2_conv3_weight,weight,512,512,0,15,0,497,0.029296875,0.0,0.970703125,0.0,resnet50,conv_weight
classification_head_dense_bias,bias,1,1,0,1,0,0,1.0,0.0,0.0,0.0,t5,bias
classification_head_dense_weight,weight,288,0,288,0,0,0,0.0,0.0,0.0,1.0,t5,fc_weight
classification_head_out_proj_bias,bias,0,0,0,0,0,0,0.0,0.0,0.0,0.0,t5,bias
classification_head_out_proj_weight,weight,1,0,1,0,0,0,0.0,0.0,0.0,1.0,t5,fc_weight
transformer_decoder_block_0_layer_0_SelfAttention_k_weight,weight,288,288,0,285,3,0,0.9895833333333334,0.0104166666666666,0.0,0.0,t5,attention_weight
transformer_decoder_block_0_layer_0_SelfAttention_o_weight,weight,288,288,0,263,0,25,0.9131944444444444,0.0,0.0868055555555555,0.0,t5,attention_weight
transformer_decoder_block_0_layer_0_SelfAttention_q_weight,weight,288,262,26,258,4,0,0.9847328244274808,0.015267175572519,0.0,0.0902777777777777,t5,attention_weight
transformer_decoder_block_0_layer_0_SelfAttention_relative_attention_bias_weight,weight,1,1,0,0,0,1,0.0,0.0,1.0,0.0,t5,attention_weight
transformer_decoder_block_0_layer_0_SelfAttention_v_weight,weight,288,8,280,8,0,0,1.0,0.0,0.0,0.9722222222222222,t5,attention_weight
transformer_decoder_block_0_layer_0_layer_norm_weight,weight,1,1,0,0,1,0,0.0,1.0,0.0,0.0,t5,norm_weight
transformer_decoder_block_0_layer_1_EncDecAttention_k_weight,weight,288,288,0,284,4,0,0.9861111111111112,0.0138888888888888,0.0,0.0,t5,attention_weight
transformer_decoder_block_0_layer_1_EncDecAttention_o_weight,weight,288,288,0,260,0,28,0.9027777777777778,0.0,0.0972222222222222,0.0,t5,attention_weight
transformer_decoder_block_0_layer_1_EncDecAttention_q_weight,weight,288,0,288,0,0,0,0.0,0.0,0.0,1.0,t5,attention_weight
transformer_decoder_block_0_layer_1_EncDecAttention_v_weight,weight,288,0,288,0,0,0,0.0,0.0,0.0,1.0,t5,attention_weight
transformer_decoder_block_0_layer_1_layer_norm_weight,weight,1,1,0,0,0,1,0.0,0.0,1.0,0.0,t5,norm_weight
transformer_decoder_block_0_layer_2_DenseReluDense_wi_weight,weight,1152,1152,0,1080,0,72,0.9375,0.0,0.0625,0.0,t5,mlp_weight
transformer_decoder_block_0_layer_2_DenseReluDense_wo_weight,weight,1152,1152,0,1084,17,51,0.9409722222222222,0.0147569444444444,0.0442708333333333,0.0,t5,mlp_weight
transformer_decoder_block_0_layer_2_layer_norm_weight,weight,1,1,0,0,1,0,0.0,1.0,0.0,0.0,t5,norm_weight
transformer_decoder_block_10_layer_0_SelfAttention_k_weight,weight,288,23,265,23,0,0,1.0,0.0,0.0,0.9201388888888888,t5,attention_weight
transformer_decoder_block_10_layer_0_SelfAttention_o_weight,weight,288,288,0,248,1,39,0.8611111111111112,0.0034722222222222,0.1354166666666666,0.0,t5,attention_weight
transformer_decoder_block_10_layer_0_SelfAttention_q_weight,weight,288,288,0,286,2,0,0.9930555555555556,0.0069444444444444,0.0,0.0,t5,attention_weight
transformer_decoder_block_10_layer_0_SelfAttention_v_weight,weight,288,15,273,15,0,0,1.0,0.0,0.0,0.9479166666666666,t5,attention_weight
transformer_decoder_block_10_layer_0_layer_norm_weight,weight,1,1,0,0,0,1,0.0,0.0,1.0,0.0,t5,norm_weight
transformer_decoder_block_10_layer_1_EncDecAttention_k_weight,weight,288,288,0,288,0,0,1.0,0.0,0.0,0.0,t5,attention_weight
transformer_decoder_block_10_layer_1_EncDecAttention_o_weight,weight,288,288,0,257,0,31,0.8923611111111112,0.0,0.1076388888888889,0.0,t5,attention_weight
transformer_decoder_block_10_layer_1_EncDecAttention_q_weight,weight,288,0,288,0,0,0,0.0,0.0,0.0,1.0,t5,attention_weight
transformer_decoder_block_10_layer_1_EncDecAttention_v_weight,weight,288,25,263,24,1,0,0.96,0.04,0.0,0.9131944444444444,t5,attention_weight
transformer_decoder_block_10_layer_1_layer_norm_weight,weight,1,1,0,0,0,1,0.0,0.0,1.0,0.0,t5,norm_weight
transformer_decoder_block_10_layer_2_DenseReluDense_wi_weight,weight,1152,1152,0,1146,6,0,0.9947916666666666,0.0052083333333333,0.0,0.0,t5,mlp_weight
transformer_decoder_block_10_layer_2_DenseReluDense_wo_weight,weight,1152,1152,0,1065,13,74,0.9244791666666666,0.0112847222222222,0.0642361111111111,0.0,t5,mlp_weight
transformer_decoder_block_10_layer_2_layer_norm_weight,weight,1,1,0,0,1,0,0.0,1.0,0.0,0.0,t5,norm_weight
transformer_decoder_block_11_layer_0_SelfAttention_k_weight,weight,288,27,261,27,0,0,1.0,0.0,0.0,0.90625,t5,attention_weight
transformer_decoder_block_11_layer_0_SelfAttention_o_weight,weight,288,288,0,282,0,6,0.9791666666666666,0.0,0.0208333333333333,0.0,t5,attention_weight
transformer_decoder_block_11_layer_0_SelfAttention_q_weight,weight,288,288,0,288,0,0,1.0,0.0,0.0,0.0,t5,attention_weight
transformer_decoder_block_11_layer_0_SelfAttention_v_weight,weight,288,3,285,3,0,0,1.0,0.0,0.0,0.9895833333333334,t5,attention_weight
transformer_decoder_block_11_layer_0_layer_norm_weight,weight,1,1,0,0,1,0,0.0,1.0,0.0,0.0,t5,norm_weight
transformer_decoder_block_11_layer_1_EncDecAttention_k_weight,weight,288,288,0,288,0,0,1.0,0.0,0.0,0.0,t5,attention_weight
transformer_decoder_block_11_layer_1_EncDecAttention_o_weight,weight,288,288,0,265,0,23,0.9201388888888888,0.0,0.0798611111111111,0.0,t5,attention_weight
transformer_decoder_block_11_layer_1_EncDecAttention_q_weight,weight,288,0,288,0,0,0,0.0,0.0,0.0,1.0,t5,attention_weight
transformer_decoder_block_11_layer_1_EncDecAttention_v_weight,weight,288,55,233,54,1,0,0.9818181818181818,0.0181818181818181,0.0,0.8090277777777778,t5,attention_weight
transformer_decoder_block_11_layer_1_layer_norm_weight,weight,1,1,0,0,0,1,0.0,0.0,1.0,0.0,t5,norm_weight
transformer_decoder_block_11_layer_2_DenseReluDense_wi_weight,weight,1152,1151,1,1148,3,0,0.9973935708079932,0.0026064291920069,0.0,0.0008680555555555,t5,mlp_weight
transformer_decoder_block_11_layer_2_DenseReluDense_wo_weight,weight,1152,1152,0,1076,9,67,0.9340277777777778,0.0078125,0.0581597222222222,0.0,t5,mlp_weight
transformer_decoder_block_11_layer_2_layer_norm_weight,weight,1,1,0,0,1,0,0.0,1.0,0.0,0.0,t5,norm_weight
transformer_decoder_block_1_layer_0_SelfAttention_k_weight,weight,288,73,215,72,1,0,0.9863013698630136,0.0136986301369863,0.0,0.7465277777777778,t5,attention_weight
transformer_decoder_block_1_layer_0_SelfAttention_o_weight,weight,288,288,0,232,0,56,0.8055555555555556,0.0,0.1944444444444444,0.0,t5,attention_weight
transformer_decoder_block_1_layer_0_SelfAttention_q_weight,weight,288,259,29,256,3,0,0.9884169884169884,0.0115830115830115,0.0,0.1006944444444444,t5,attention_weight
transformer_decoder_block_1_layer_0_SelfAttention_v_weight,weight,288,23,265,22,1,0,0.9565217391304348,0.0434782608695652,0.0,0.9201388888888888,t5,attention_weight
transformer_decoder_block_1_layer_0_layer_norm_weight,weight,1,1,0,0,1,0,0.0,1.0,0.0,0.0,t5,norm_weight
transformer_decoder_block_1_layer_1_EncDecAttention_k_weight,weight,288,288,0,287,1,0,0.9965277777777778,0.0034722222222222,0.0,0.0,t5,attention_weight
transformer_decoder_block_1_layer_1_EncDecAttention_o_weight,weight,288,287,1,287,0,0,1.0,0.0,0.0,0.0034722222222222,t5,attention_weight
transformer_decoder_block_1_layer_1_EncDecAttention_q_weight,weight,288,0,288,0,0,0,0.0,0.0,0.0,1.0,t5,attention_weight
transformer_decoder_block_1_layer_1_EncDecAttention_v_weight,weight,288,0,288,0,0,0,0.0,0.0,0.0,1.0,t5,attention_weight
transformer_decoder_block_1_layer_1_layer_norm_weight,weight,1,1,0,0,0,1,0.0,0.0,1.0,0.0,t5,norm_weight
transformer_decoder_block_1_layer_2_DenseReluDense_wi_weight,weight,1152,1152,0,1094,0,58,0.9496527777777778,0.0,0.0503472222222222,0.0,t5,mlp_weight
transformer_decoder_block_1_layer_2_DenseReluDense_wo_weight,weight,1152,1152,0,1016,11,125,0.8819444444444444,0.0095486111111111,0.1085069444444444,0.0,t5,mlp_weight
transformer_decoder_block_1_layer_2_layer_norm_weight,weight,1,1,0,0,0,1,0.0,0.0,1.0,0.0,t5,norm_weight
transformer_decoder_block_2_layer_0_SelfAttention_k_weight,weight,288,166,122,164,2,0,0.9879518072289156,0.0120481927710843,0.0,0.4236111111111111,t5,attention_weight
transformer_decoder_block_2_layer_0_SelfAttention_o_weight,weight,288,288,0,288,0,0,1.0,0.0,0.0,0.0,t5,attention_weight
transformer_decoder_block_2_layer_0_SelfAttention_q_weight,weight,288,271,17,270,1,0,0.996309963099631,0.003690036900369,0.0,0.0590277777777777,t5,attention_weight
transformer_decoder_block_2_layer_0_SelfAttention_v_weight,weight,288,0,288,0,0,0,0.0,0.0,0.0,1.0,t5,attention_weight
transformer_decoder_block_2_layer_0_layer_norm_weight,weight,1,1,0,0,1,0,0.0,1.0,0.0,0.0,t5,norm_weight
transformer_decoder_block_2_layer_1_EncDecAttention_k_weight,weight,288,288,0,285,0,3,0.9895833333333334,0.0,0.0104166666666666,0.0,t5,attention_weight
transformer_decoder_block_2_layer_1_EncDecAttention_o_weight,weight,288,288,0,288,0,0,1.0,0.0,0.0,0.0,t5,attention_weight
transformer_decoder_block_2_layer_1_EncDecAttention_q_weight,weight,288,0,288,0,0,0,0.0,0.0,0.0,1.0,t5,attention_weight
transformer_decoder_block_2_layer_1_EncDecAttention_v_weight,weight,288,19,269,19,0,0,1.0,0.0,0.0,0.9340277777777778,t5,attention_weight
transformer_decoder_block_2_layer_1_layer_norm_weight,weight,1,1,0,0,1,0,0.0,1.0,0.0,0.0,t5,norm_weight
transformer_decoder_block_2_layer_2_DenseReluDense_wi_weight,weight,1152,1152,0,1041,0,111,0.9036458333333334,0.0,0.0963541666666666,0.0,t5,mlp_weight
transformer_decoder_block_2_layer_2_DenseReluDense_wo_weight,weight,1152,1152,0,1082,23,47,0.9392361111111112,0.0199652777777777,0.0407986111111111,0.0,t5,mlp_weight
transformer_decoder_block_2_layer_2_layer_norm_weight,weight,1,1,0,0,0,1,0.0,0.0,1.0,0.0,t5,norm_weight
transformer_decoder_block_3_layer_0_SelfAttention_k_weight,weight,288,284,4,279,5,0,0.9823943661971832,0.0176056338028169,0.0,0.0138888888888888,t5,attention_weight
transformer_decoder_block_3_layer_0_SelfAttention_o_weight,weight,288,288,0,288,0,0,1.0,0.0,0.0,0.0,t5,attention_weight
transformer_decoder_block_3_layer_0_SelfAttention_q_weight,weight,288,288,0,283,5,0,0.9826388888888888,0.0173611111111111,0.0,0.0,t5,attention_weight
transformer_decoder_block_3_layer_0_SelfAttention_v_weight,weight,288,0,288,0,0,0,0.0,0.0,0.0,1.0,t5,attention_weight
transformer_decoder_block_3_layer_0_layer_norm_weight,weight,1,1,0,0,1,0,0.0,1.0,0.0,0.0,t5,norm_weight
transformer_decoder_block_3_layer_1_EncDecAttention_k_weight,weight,288,288,0,288,0,0,1.0,0.0,0.0,0.0,t5,attention_weight
transformer_decoder_block_3_layer_1_EncDecAttention_o_weight,weight,288,287,1,287,0,0,1.0,0.0,0.0,0.0034722222222222,t5,attention_weight
transformer_decoder_block_3_layer_1_EncDecAttention_q_weight,weight,288,0,288,0,0,0,0.0,0.0,0.0,1.0,t5,attention_weight
transformer_decoder_block_3_layer_1_EncDecAttention_v_weight,weight,288,19,269,18,1,0,0.9473684210526316,0.0526315789473684,0.0,0.9340277777777778,t5,attention_weight
transformer_decoder_block_3_layer_1_layer_norm_weight,weight,1,1,0,0,0,1,0.0,0.0,1.0,0.0,t5,norm_weight
transformer_decoder_block_3_layer_2_DenseReluDense_wi_weight,weight,1152,1152,0,1111,0,41,0.9644097222222222,0.0,0.0355902777777777,0.0,t5,mlp_weight
transformer_decoder_block_3_layer_2_DenseReluDense_wo_weight,weight,1152,1152,0,1078,16,58,0.9357638888888888,0.0138888888888888,0.0503472222222222,0.0,t5,mlp_weight
transformer_decoder_block_3_layer_2_layer_norm_weight,weight,1,1,0,0,0,1,0.0,0.0,1.0,0.0,t5,norm_weight
transformer_decoder_block_4_layer_0_SelfAttention_k_weight,weight,288,288,0,287,1,0,0.9965277777777778,0.0034722222222222,0.0,0.0,t5,attention_weight
transformer_decoder_block_4_layer_0_SelfAttention_o_weight,weight,288,288,0,285,0,3,0.9895833333333334,0.0,0.0104166666666666,0.0,t5,attention_weight
transformer_decoder_block_4_layer_0_SelfAttention_q_weight,weight,288,284,4,282,2,0,0.9929577464788732,0.0070422535211267,0.0,0.0138888888888888,t5,attention_weight
transformer_decoder_block_4_layer_0_SelfAttention_v_weight,weight,288,0,288,0,0,0,0.0,0.0,0.0,1.0,t5,attention_weight
transformer_decoder_block_4_layer_0_layer_norm_weight,weight,1,1,0,0,1,0,0.0,1.0,0.0,0.0,t5,norm_weight
transformer_decoder_block_4_layer_1_EncDecAttention_k_weight,weight,288,288,0,287,1,0,0.9965277777777778,0.0034722222222222,0.0,0.0,t5,attention_weight
transformer_decoder_block_4_layer_1_EncDecAttention_o_weight,weight,288,288,0,287,1,0,0.9965277777777778,0.0034722222222222,0.0,0.0,t5,attention_weight
transformer_decoder_block_4_layer_1_EncDecAttention_q_weight,weight,288,5,283,5,0,0,1.0,0.0,0.0,0.9826388888888888,t5,attention_weight
transformer_decoder_block_4_layer_1_EncDecAttention_v_weight,weight,288,27,261,27,0,0,1.0,0.0,0.0,0.90625,t5,attention_weight
transformer_decoder_block_4_layer_1_layer_norm_weight,weight,1,1,0,0,1,0,0.0,1.0,0.0,0.0,t5,norm_weight
transformer_decoder_block_4_layer_2_DenseReluDense_wi_weight,weight,1152,1152,0,1086,0,66,0.9427083333333334,0.0,0.0572916666666666,0.0,t5,mlp_weight
transformer_decoder_block_4_layer_2_DenseReluDense_wo_weight,weight,1152,1151,1,1001,35,115,0.8696785403996524,0.0304083405734144,0.0999131190269331,0.0008680555555555,t5,mlp_weight
transformer_decoder_block_4_layer_2_layer_norm_weight,weight,1,1,0,0,0,1,0.0,0.0,1.0,0.0,t5,norm_weight
transformer_decoder_block_5_layer_0_SelfAttention_k_weight,weight,288,288,0,283,5,0,0.9826388888888888,0.0173611111111111,0.0,0.0,t5,attention_weight
transformer_decoder_block_5_layer_0_SelfAttention_o_weight,weight,288,288,0,281,0,7,0.9756944444444444,0.0,0.0243055555555555,0.0,t5,attention_weight
transformer_decoder_block_5_layer_0_SelfAttention_q_weight,weight,288,109,179,107,2,0,0.981651376146789,0.018348623853211,0.0,0.6215277777777778,t5,attention_weight
transformer_decoder_block_5_layer_0_SelfAttention_v_weight,weight,288,0,288,0,0,0,0.0,0.0,0.0,1.0,t5,attention_weight
transformer_decoder_block_5_layer_0_layer_norm_weight,weight,1,1,0,0,1,0,0.0,1.0,0.0,0.0,t5,norm_weight
transformer_decoder_block_5_layer_1_EncDecAttention_k_weight,weight,288,288,0,288,0,0,1.0,0.0,0.0,0.0,t5,attention_weight
transformer_decoder_block_5_layer_1_EncDecAttention_o_weight,weight,288,283,5,281,2,0,0.9929328621908128,0.0070671378091872,0.0,0.0173611111111111,t5,attention_weight
transformer_decoder_block_5_layer_1_EncDecAttention_q_weight,weight,288,0,288,0,0,0,0.0,0.0,0.0,1.0,t5,attention_weight
transformer_decoder_block_5_layer_1_EncDecAttention_v_weight,weight,288,44,244,44,0,0,1.0,0.0,0.0,0.8472222222222222,t5,attention_weight
transformer_decoder_block_5_layer_1_layer_norm_weight,weight,1,1,0,0,0,1,0.0,0.0,1.0,0.0,t5,norm_weight
transformer_decoder_block_5_layer_2_DenseReluDense_wi_weight,weight,1152,732,420,717,15,0,0.9795081967213116,0.0204918032786885,0.0,0.3645833333333333,t5,mlp_weight
transformer_decoder_block_5_layer_2_DenseReluDense_wo_weight,weight,1152,1151,1,961,54,136,0.8349261511728931,0.0469157254561251,0.1181581233709817,0.0008680555555555,t5,mlp_weight
transformer_decoder_block_5_layer_2_layer_norm_weight,weight,1,1,0,0,0,1,0.0,0.0,1.0,0.0,t5,norm_weight
transformer_decoder_block_6_layer_0_SelfAttention_k_weight,weight,288,264,24,256,8,0,0.9696969696969696,0.0303030303030303,0.0,0.0833333333333333,t5,attention_weight
transformer_decoder_block_6_layer_0_SelfAttention_o_weight,weight,288,288,0,281,0,7,0.9756944444444444,0.0,0.0243055555555555,0.0,t5,attention_weight
transformer_decoder_block_6_layer_0_SelfAttention_q_weight,weight,288,169,119,165,4,0,0.9763313609467456,0.0236686390532544,0.0,0.4131944444444444,t5,attention_weight
transformer_decoder_block_6_layer_0_SelfAttention_v_weight,weight,288,0,288,0,0,0,0.0,0.0,0.0,1.0,t5,attention_weight
transformer_decoder_block_6_layer_0_layer_norm_weight,weight,1,1,0,0,0,1,0.0,0.0,1.0,0.0,t5,norm_weight
transformer_decoder_block_6_layer_1_EncDecAttention_k_weight,weight,288,288,0,287,1,0,0.9965277777777778,0.0034722222222222,0.0,0.0,t5,attention_weight
transformer_decoder_block_6_layer_1_EncDecAttention_o_weight,weight,288,288,0,286,2,0,0.9930555555555556,0.0069444444444444,0.0,0.0,t5,attention_weight
transformer_decoder_block_6_layer_1_EncDecAttention_q_weight,weight,288,0,288,0,0,0,0.0,0.0,0.0,1.0,t5,attention_weight
transformer_decoder_block_6_layer_1_EncDecAttention_v_weight,weight,288,16,272,15,1,0,0.9375,0.0625,0.0,0.9444444444444444,t5,attention_weight
transformer_decoder_block_6_layer_1_layer_norm_weight,weight,1,1,0,0,0,1,0.0,0.0,1.0,0.0,t5,norm_weight
transformer_decoder_block_6_layer_2_DenseReluDense_wi_weight,weight,1152,1089,63,1065,24,0,0.977961432506887,0.0220385674931129,0.0,0.0546875,t5,mlp_weight
transformer_decoder_block_6_layer_2_DenseReluDense_wo_weight,weight,1152,1149,3,1039,37,73,0.9042645778938208,0.0322019147084421,0.0635335073977371,0.0026041666666666,t5,mlp_weight
transformer_decoder_block_6_layer_2_layer_norm_weight,weight,1,1,0,0,0,1,0.0,0.0,1.0,0.0,t5,norm_weight
transformer_decoder_block_7_layer_0_SelfAttention_k_weight,weight,288,15,273,15,0,0,1.0,0.0,0.0,0.9479166666666666,t5,attention_weight
transformer_decoder_block_7_layer_0_SelfAttention_o_weight,weight,288,288,0,234,0,54,0.8125,0.0,0.1875,0.0,t5,attention_weight
transformer_decoder_block_7_layer_0_SelfAttention_q_weight,weight,288,171,117,165,6,0,0.9649122807017544,0.0350877192982456,0.0,0.40625,t5,attention_weight
transformer_decoder_block_7_layer_0_SelfAttention_v_weight,weight,288,95,193,93,2,0,0.9789473684210528,0.0210526315789473,0.0,0.6701388888888888,t5,attention_weight
transformer_decoder_block_7_layer_0_layer_norm_weight,weight,1,1,0,0,1,0,0.0,1.0,0.0,0.0,t5,norm_weight
transformer_decoder_block_7_layer_1_EncDecAttention_k_weight,weight,288,288,0,288,0,0,1.0,0.0,0.0,0.0,t5,attention_weight
transformer_decoder_block_7_layer_1_EncDecAttention_o_weight,weight,288,288,0,288,0,0,1.0,0.0,0.0,0.0,t5,attention_weight
transformer_decoder_block_7_layer_1_EncDecAttention_q_weight,weight,288,0,288,0,0,0,0.0,0.0,0.0,1.0,t5,attention_weight
transformer_decoder_block_7_layer_1_EncDecAttention_v_weight,weight,288,32,256,30,2,0,0.9375,0.0625,0.0,0.8888888888888888,t5,attention_weight
transformer_decoder_block_7_layer_1_layer_norm_weight,weight,1,1,0,0,0,1,0.0,0.0,1.0,0.0,t5,norm_weight
transformer_decoder_block_7_layer_2_DenseReluDense_wi_weight,weight,1152,1152,0,1145,7,0,0.9939236111111112,0.0060763888888888,0.0,0.0,t5,mlp_weight
transformer_decoder_block_7_layer_2_DenseReluDense_wo_weight,weight,1152,1147,5,983,23,141,0.8570183086312119,0.020052310374891,0.1229293809938971,0.0043402777777777,t5,mlp_weight
transformer_decoder_block_7_layer_2_layer_norm_weight,weight,1,1,0,0,0,1,0.0,0.0,1.0,0.0,t5,norm_weight
transformer_decoder_block_8_layer_0_SelfAttention_k_weight,weight,288,0,288,0,0,0,0.0,0.0,0.0,1.0,t5,attention_weight
transformer_decoder_block_8_layer_0_SelfAttention_o_weight,weight,288,288,0,186,1,101,0.6458333333333334,0.0034722222222222,0.3506944444444444,0.0,t5,attention_weight
transformer_decoder_block_8_layer_0_SelfAttention_q_weight,weight,288,287,1,280,7,0,0.975609756097561,0.024390243902439,0.0,0.0034722222222222,t5,attention_weight
transformer_decoder_block_8_layer_0_SelfAttention_v_weight,weight,288,22,266,21,1,0,0.9545454545454546,0.0454545454545454,0.0,0.9236111111111112,t5,attention_weight
transformer_decoder_block_8_layer_0_layer_norm_weight,weight,1,1,0,0,1,0,0.0,1.0,0.0,0.0,t5,norm_weight
transformer_decoder_block_8_layer_1_EncDecAttention_k_weight,weight,288,288,0,288,0,0,1.0,0.0,0.0,0.0,t5,attention_weight
transformer_decoder_block_8_layer_1_EncDecAttention_o_weight,weight,288,288,0,276,0,12,0.9583333333333334,0.0,0.0416666666666666,0.0,t5,attention_weight
transformer_decoder_block_8_layer_1_EncDecAttention_q_weight,weight,288,0,288,0,0,0,0.0,0.0,0.0,1.0,t5,attention_weight
transformer_decoder_block_8_layer_1_EncDecAttention_v_weight,weight,288,0,288,0,0,0,0.0,0.0,0.0,1.0,t5,attention_weight
transformer_decoder_block_8_layer_1_layer_norm_weight,weight,1,1,0,0,0,1,0.0,0.0,1.0,0.0,t5,norm_weight
transformer_decoder_block_8_layer_2_DenseReluDense_wi_weight,weight,1152,1152,0,1150,2,0,0.9982638888888888,0.0017361111111111,0.0,0.0,t5,mlp_weight
transformer_decoder_block_8_layer_2_DenseReluDense_wo_weight,weight,1152,1150,2,955,16,179,0.8304347826086956,0.0139130434782608,0.1556521739130434,0.0017361111111111,t5,mlp_weight
transformer_decoder_block_8_layer_2_layer_norm_weight,weight,1,1,0,0,1,0,0.0,1.0,0.0,0.0,t5,norm_weight
transformer_decoder_block_9_layer_0_SelfAttention_k_weight,weight,288,0,288,0,0,0,0.0,0.0,0.0,1.0,t5,attention_weight
transformer_decoder_block_9_layer_0_SelfAttention_o_weight,weight,288,288,0,241,0,47,0.8368055555555556,0.0,0.1631944444444444,0.0,t5,attention_weight
transformer_decoder_block_9_layer_0_SelfAttention_q_weight,weight,288,76,212,73,3,0,0.9605263157894736,0.0394736842105263,0.0,0.7361111111111112,t5,attention_weight
transformer_decoder_block_9_layer_0_SelfAttention_v_weight,weight,288,0,288,0,0,0,0.0,0.0,0.0,1.0,t5,attention_weight
transformer_decoder_block_9_layer_0_layer_norm_weight,weight,1,1,0,0,1,0,0.0,1.0,0.0,0.0,t5,norm_weight
transformer_decoder_block_9_layer_1_EncDecAttention_k_weight,weight,288,288,0,288,0,0,1.0,0.0,0.0,0.0,t5,attention_weight
transformer_decoder_block_9_layer_1_EncDecAttention_o_weight,weight,288,288,0,273,0,15,0.9479166666666666,0.0,0.0520833333333333,0.0,t5,attention_weight
transformer_decoder_block_9_layer_1_EncDecAttention_q_weight,weight,288,0,288,0,0,0,0.0,0.0,0.0,1.0,t5,attention_weight
transformer_decoder_block_9_layer_1_EncDecAttention_v_weight,weight,288,0,288,0,0,0,0.0,0.0,0.0,1.0,t5,attention_weight
transformer_decoder_block_9_layer_1_layer_norm_weight,weight,1,1,0,0,0,1,0.0,0.0,1.0,0.0,t5,norm_weight
transformer_decoder_block_9_layer_2_DenseReluDense_wi_weight,weight,1152,1152,0,1147,4,1,0.9956597222222222,0.0034722222222222,0.0008680555555555,0.0,t5,mlp_weight
transformer_decoder_block_9_layer_2_DenseReluDense_wo_weight,weight,1152,1151,1,904,14,233,0.7854039965247611,0.0121633362293657,0.2024326672458731,0.0008680555555555,t5,mlp_weight
transformer_decoder_block_9_layer_2_layer_norm_weight,weight,1,1,0,0,1,0,0.0,1.0,0.0,0.0,t5,norm_weight
transformer_decoder_final_layer_norm_weight,weight,1,1,0,0,1,0,0.0,1.0,0.0,0.0,t5,norm_weight
transformer_encoder_block_0_layer_0_SelfAttention_k_weight,weight,288,288,0,287,0,1,0.9965277777777778,0.0,0.0034722222222222,0.0,t5,attention_weight
transformer_encoder_block_0_layer_0_SelfAttention_o_weight,weight,288,288,0,231,0,57,0.8020833333333334,0.0,0.1979166666666666,0.0,t5,attention_weight
transformer_encoder_block_0_layer_0_SelfAttention_q_weight,weight,288,157,131,156,1,0,0.9936305732484076,0.0063694267515923,0.0,0.4548611111111111,t5,attention_weight
transformer_encoder_block_0_layer_0_SelfAttention_relative_attention_bias_weight,weight,1,1,0,1,0,0,1.0,0.0,0.0,0.0,t5,attention_weight
transformer_encoder_block_0_layer_0_SelfAttention_v_weight,weight,288,167,121,166,1,0,0.994011976047904,0.0059880239520958,0.0,0.4201388888888889,t5,attention_weight
transformer_encoder_block_0_layer_0_layer_norm_weight,weight,1,1,0,0,1,0,0.0,1.0,0.0,0.0,t5,norm_weight
transformer_encoder_block_0_layer_1_DenseReluDense_wi_weight,weight,1152,1151,1,1143,8,0,0.993049522154648,0.0069504778453518,0.0,0.0008680555555555,t5,mlp_weight
transformer_encoder_block_0_layer_1_DenseReluDense_wo_weight,weight,1152,1152,0,963,11,178,0.8359375,0.0095486111111111,0.1545138888888889,0.0,t5,mlp_weight
transformer_encoder_block_0_layer_1_layer_norm_weight,weight,1,1,0,0,1,0,0.0,1.0,0.0,0.0,t5,norm_weight
transformer_encoder_block_10_layer_0_SelfAttention_k_weight,weight,288,288,0,284,4,0,0.9861111111111112,0.0138888888888888,0.0,0.0,t5,attention_weight
transformer_encoder_block_10_layer_0_SelfAttention_o_weight,weight,288,281,7,280,1,0,0.99644128113879,0.0035587188612099,0.0,0.0243055555555555,t5,attention_weight
transformer_encoder_block_10_layer_0_SelfAttention_q_weight,weight,288,288,0,288,0,0,1.0,0.0,0.0,0.0,t5,attention_weight
transformer_encoder_block_10_layer_0_SelfAttention_v_weight,weight,288,23,265,22,1,0,0.9565217391304348,0.0434782608695652,0.0,0.9201388888888888,t5,attention_weight
transformer_encoder_block_10_layer_0_layer_norm_weight,weight,1,1,0,0,1,0,0.0,1.0,0.0,0.0,t5,norm_weight
transformer_encoder_block_10_layer_1_DenseReluDense_wi_weight,weight,1152,1152,0,1087,0,65,0.9435763888888888,0.0,0.0564236111111111,0.0,t5,mlp_weight
transformer_encoder_block_10_layer_1_DenseReluDense_wo_weight,weight,1152,1152,0,648,18,486,0.5625,0.015625,0.421875,0.0,t5,mlp_weight
transformer_encoder_block_10_layer_1_layer_norm_weight,weight,1,1,0,0,0,1,0.0,0.0,1.0,0.0,t5,norm_weight
transformer_encoder_block_11_layer_0_SelfAttention_k_weight,weight,288,288,0,287,1,0,0.9965277777777778,0.0034722222222222,0.0,0.0,t5,attention_weight
transformer_encoder_block_11_layer_0_SelfAttention_o_weight,weight,288,288,0,234,1,53,0.8125,0.0034722222222222,0.1840277777777778,0.0,t5,attention_weight
transformer_encoder_block_11_layer_0_SelfAttention_q_weight,weight,288,288,0,284,4,0,0.9861111111111112,0.0138888888888888,0.0,0.0,t5,attention_weight
transformer_encoder_block_11_layer_0_SelfAttention_v_weight,weight,288,0,288,0,0,0,0.0,0.0,0.0,1.0,t5,attention_weight
transformer_encoder_block_11_layer_0_layer_norm_weight,weight,1,1,0,0,1,0,0.0,1.0,0.0,0.0,t5,norm_weight
transformer_encoder_block_11_layer_1_DenseReluDense_wi_weight,weight,1152,1152,0,473,0,679,0.4105902777777778,0.0,0.5894097222222222,0.0,t5,mlp_weight
transformer_encoder_block_11_layer_1_DenseReluDense_wo_weight,weight,1152,1152,0,847,22,283,0.7352430555555556,0.0190972222222222,0.2456597222222222,0.0,t5,mlp_weight
transformer_encoder_block_11_layer_1_layer_norm_weight,weight,1,1,0,0,1,0,0.0,1.0,0.0,0.0,t5,norm_weight
transformer_encoder_block_1_layer_0_SelfAttention_k_weight,weight,288,209,79,204,5,0,0.9760765550239234,0.0239234449760765,0.0,0.2743055555555556,t5,attention_weight
transformer_encoder_block_1_layer_0_SelfAttention_o_weight,weight,288,288,0,251,0,37,0.8715277777777778,0.0,0.1284722222222222,0.0,t5,attention_weight
transformer_encoder_block_1_layer_0_SelfAttention_q_weight,weight,288,288,0,287,1,0,0.9965277777777778,0.0034722222222222,0.0,0.0,t5,attention_weight
transformer_encoder_block_1_layer_0_SelfAttention_v_weight,weight,288,57,231,55,2,0,0.9649122807017544,0.0350877192982456,0.0,0.8020833333333334,t5,attention_weight
transformer_encoder_block_1_layer_0_layer_norm_weight,weight,1,1,0,0,1,0,0.0,1.0,0.0,0.0,t5,norm_weight
transformer_encoder_block_1_layer_1_DenseReluDense_wi_weight,weight,1152,1150,2,1143,7,0,0.9939130434782608,0.0060869565217391,0.0,0.0017361111111111,t5,mlp_weight
transformer_encoder_block_1_layer_1_DenseReluDense_wo_weight,weight,1152,1152,0,997,13,142,0.8654513888888888,0.0112847222222222,0.1232638888888889,0.0,t5,mlp_weight
transformer_encoder_block_1_layer_1_layer_norm_weight,weight,1,1,0,0,1,0,0.0,1.0,0.0,0.0,t5,norm_weight
transformer_encoder_block_2_layer_0_SelfAttention_k_weight,weight,288,242,46,239,3,0,0.987603305785124,0.012396694214876,0.0,0.1597222222222222,t5,attention_weight
transformer_encoder_block_2_layer_0_SelfAttention_o_weight,weight,288,288,0,287,1,0,0.9965277777777778,0.0034722222222222,0.0,0.0,t5,attention_weight
transformer_encoder_block_2_layer_0_SelfAttention_q_weight,weight,288,187,101,185,2,0,0.9893048128342246,0.0106951871657754,0.0,0.3506944444444444,t5,attention_weight
transformer_encoder_block_2_layer_0_SelfAttention_v_weight,weight,288,0,288,0,0,0,0.0,0.0,0.0,1.0,t5,attention_weight
transformer_encoder_block_2_layer_0_layer_norm_weight,weight,1,1,0,0,1,0,0.0,1.0,0.0,0.0,t5,norm_weight
transformer_encoder_block_2_layer_1_DenseReluDense_wi_weight,weight,1152,1150,2,1145,5,0,0.9956521739130436,0.0043478260869565,0.0,0.0017361111111111,t5,mlp_weight
transformer_encoder_block_2_layer_1_DenseReluDense_wo_weight,weight,1152,1152,0,1009,35,108,0.8758680555555556,0.0303819444444444,0.09375,0.0,t5,mlp_weight
transformer_encoder_block_2_layer_1_layer_norm_weight,weight,1,1,0,0,1,0,0.0,1.0,0.0,0.0,t5,norm_weight
transformer_encoder_block_3_layer_0_SelfAttention_k_weight,weight,288,104,184,102,2,0,0.9807692307692308,0.0192307692307692,0.0,0.6388888888888888,t5,attention_weight
transformer_encoder_block_3_layer_0_SelfAttention_o_weight,weight,288,288,0,288,0,0,1.0,0.0,0.0,0.0,t5,attention_weight
transformer_encoder_block_3_layer_0_SelfAttention_q_weight,weight,288,159,129,155,4,0,0.9748427672955976,0.0251572327044025,0.0,0.4479166666666667,t5,attention_weight
transformer_encoder_block_3_layer_0_SelfAttention_v_weight,weight,288,0,288,0,0,0,0.0,0.0,0.0,1.0,t5,attention_weight
transformer_encoder_block_3_layer_0_layer_norm_weight,weight,1,1,0,0,1,0,0.0,1.0,0.0,0.0,t5,norm_weight
transformer_encoder_block_3_layer_1_DenseReluDense_wi_weight,weight,1152,1152,0,1152,0,0,1.0,0.0,0.0,0.0,t5,mlp_weight
transformer_encoder_block_3_layer_1_DenseReluDense_wo_weight,weight,1152,1152,0,829,54,269,0.7196180555555556,0.046875,0.2335069444444444,0.0,t5,mlp_weight
transformer_encoder_block_3_layer_1_layer_norm_weight,weight,1,1,0,0,1,0,0.0,1.0,0.0,0.0,t5,norm_weight
transformer_encoder_block_4_layer_0_SelfAttention_k_weight,weight,288,288,0,287,1,0,0.9965277777777778,0.0034722222222222,0.0,0.0,t5,attention_weight
transformer_encoder_block_4_layer_0_SelfAttention_o_weight,weight,288,288,0,288,0,0,1.0,0.0,0.0,0.0,t5,attention_weight
transformer_encoder_block_4_layer_0_SelfAttention_q_weight,weight,288,250,38,246,4,0,0.984,0.016,0.0,0.1319444444444444,t5,attention_weight
transformer_encoder_block_4_layer_0_SelfAttention_v_weight,weight,288,0,288,0,0,0,0.0,0.0,0.0,1.0,t5,attention_weight
transformer_encoder_block_4_layer_0_layer_norm_weight,weight,1,1,0,0,1,0,0.0,1.0,0.0,0.0,t5,norm_weight
transformer_encoder_block_4_layer_1_DenseReluDense_wi_weight,weight,1152,1152,0,1142,0,10,0.9913194444444444,0.0,0.0086805555555555,0.0,t5,mlp_weight
transformer_encoder_block_4_layer_1_DenseReluDense_wo_weight,weight,1152,1152,0,763,84,305,0.6623263888888888,0.0729166666666666,0.2647569444444444,0.0,t5,mlp_weight
transformer_encoder_block_4_layer_1_layer_norm_weight,weight,1,1,0,0,0,1,0.0,0.0,1.0,0.0,t5,norm_weight
transformer_encoder_block_5_layer_0_SelfAttention_k_weight,weight,288,288,0,286,2,0,0.9930555555555556,0.0069444444444444,0.0,0.0,t5,attention_weight
transformer_encoder_block_5_layer_0_SelfAttention_o_weight,weight,288,288,0,287,1,0,0.9965277777777778,0.0034722222222222,0.0,0.0,t5,attention_weight
transformer_encoder_block_5_layer_0_SelfAttention_q_weight,weight,288,266,22,262,4,0,0.9849624060150376,0.0150375939849624,0.0,0.0763888888888889,t5,attention_weight
transformer_encoder_block_5_layer_0_SelfAttention_v_weight,weight,288,0,288,0,0,0,0.0,0.0,0.0,1.0,t5,attention_weight
transformer_encoder_block_5_layer_0_layer_norm_weight,weight,1,1,0,0,1,0,0.0,1.0,0.0,0.0,t5,norm_weight
transformer_encoder_block_5_layer_1_DenseReluDense_wi_weight,weight,1152,1151,1,1149,1,1,0.998262380538662,0.0008688097306689,0.0008688097306689,0.0008680555555555,t5,mlp_weight
transformer_encoder_block_5_layer_1_DenseReluDense_wo_weight,weight,1152,1152,0,614,73,465,0.5329861111111112,0.0633680555555555,0.4036458333333333,0.0,t5,mlp_weight
transformer_encoder_block_5_layer_1_layer_norm_weight,weight,1,1,0,0,1,0,0.0,1.0,0.0,0.0,t5,norm_weight
transformer_encoder_block_6_layer_0_SelfAttention_k_weight,weight,288,288,0,288,0,0,1.0,0.0,0.0,0.0,t5,attention_weight
transformer_encoder_block_6_layer_0_SelfAttention_o_weight,weight,288,288,0,287,1,0,0.9965277777777778,0.0034722222222222,0.0,0.0,t5,attention_weight
transformer_encoder_block_6_layer_0_SelfAttention_q_weight,weight,288,288,0,287,1,0,0.9965277777777778,0.0034722222222222,0.0,0.0,t5,attention_weight
transformer_encoder_block_6_layer_0_SelfAttention_v_weight,weight,288,18,270,18,0,0,1.0,0.0,0.0,0.9375,t5,attention_weight
transformer_encoder_block_6_layer_0_layer_norm_weight,weight,1,1,0,0,1,0,0.0,1.0,0.0,0.0,t5,norm_weight
transformer_encoder_block_6_layer_1_DenseReluDense_wi_weight,weight,1152,1152,0,1147,4,1,0.9956597222222222,0.0034722222222222,0.0008680555555555,0.0,t5,mlp_weight
transformer_encoder_block_6_layer_1_DenseReluDense_wo_weight,weight,1152,1152,0,523,49,580,0.4539930555555556,0.0425347222222222,0.5034722222222222,0.0,t5,mlp_weight
transformer_encoder_block_6_layer_1_layer_norm_weight,weight,1,1,0,0,1,0,0.0,1.0,0.0,0.0,t5,norm_weight
transformer_encoder_block_7_layer_0_SelfAttention_k_weight,weight,288,288,0,287,1,0,0.9965277777777778,0.0034722222222222,0.0,0.0,t5,attention_weight
transformer_encoder_block_7_layer_0_SelfAttention_o_weight,weight,288,286,2,284,2,0,0.993006993006993,0.0069930069930069,0.0,0.0069444444444444,t5,attention_weight
transformer_encoder_block_7_layer_0_SelfAttention_q_weight,weight,288,288,0,287,1,0,0.9965277777777778,0.0034722222222222,0.0,0.0,t5,attention_weight
transformer_encoder_block_7_layer_0_SelfAttention_v_weight,weight,288,0,288,0,0,0,0.0,0.0,0.0,1.0,t5,attention_weight
transformer_encoder_block_7_layer_0_layer_norm_weight,weight,1,1,0,0,1,0,0.0,1.0,0.0,0.0,t5,norm_weight
transformer_encoder_block_7_layer_1_DenseReluDense_wi_weight,weight,1152,1134,18,1127,7,0,0.9938271604938272,0.0061728395061728,0.0,0.015625,t5,mlp_weight
transformer_encoder_block_7_layer_1_DenseReluDense_wo_weight,weight,1152,1152,0,909,32,211,0.7890625,0.0277777777777777,0.1831597222222222,0.0,t5,mlp_weight
transformer_encoder_block_7_layer_1_layer_norm_weight,weight,1,1,0,0,1,0,0.0,1.0,0.0,0.0,t5,norm_weight
transformer_encoder_block_8_layer_0_SelfAttention_k_weight,weight,288,285,3,281,4,0,0.9859649122807016,0.0140350877192982,0.0,0.0104166666666666,t5,attention_weight
transformer_encoder_block_8_layer_0_SelfAttention_o_weight,weight,288,283,5,283,0,0,1.0,0.0,0.0,0.0173611111111111,t5,attention_weight
transformer_encoder_block_8_layer_0_SelfAttention_q_weight,weight,288,288,0,284,4,0,0.9861111111111112,0.0138888888888888,0.0,0.0,t5,attention_weight
transformer_encoder_block_8_layer_0_SelfAttention_v_weight,weight,288,0,288,0,0,0,0.0,0.0,0.0,1.0,t5,attention_weight
transformer_encoder_block_8_layer_0_layer_norm_weight,weight,1,1,0,0,1,0,0.0,1.0,0.0,0.0,t5,norm_weight
transformer_encoder_block_8_layer_1_DenseReluDense_wi_weight,weight,1152,1152,0,1151,1,0,0.9991319444444444,0.0008680555555555,0.0,0.0,t5,mlp_weight
transformer_encoder_block_8_layer_1_DenseReluDense_wo_weight,weight,1152,1152,0,801,16,335,0.6953125,0.0138888888888888,0.2907986111111111,0.0,t5,mlp_weight
transformer_encoder_block_8_layer_1_layer_norm_weight,weight,1,1,0,0,1,0,0.0,1.0,0.0,0.0,t5,norm_weight
transformer_encoder_block_9_layer_0_SelfAttention_k_weight,weight,288,288,0,283,5,0,0.9826388888888888,0.0173611111111111,0.0,0.0,t5,attention_weight
transformer_encoder_block_9_layer_0_SelfAttention_o_weight,weight,288,279,9,274,5,0,0.982078853046595,0.017921146953405,0.0,0.03125,t5,attention_weight
transformer_encoder_block_9_layer_0_SelfAttention_q_weight,weight,288,288,0,285,3,0,0.9895833333333334,0.0104166666666666,0.0,0.0,t5,attention_weight
transformer_encoder_block_9_layer_0_SelfAttention_v_weight,weight,288,0,288,0,0,0,0.0,0.0,0.0,1.0,t5,attention_weight
transformer_encoder_block_9_layer_0_layer_norm_weight,weight,1,1,0,0,1,0,0.0,1.0,0.0,0.0,t5,norm_weight
transformer_encoder_block_9_layer_1_DenseReluDense_wi_weight,weight,1152,1152,0,1144,0,8,0.9930555555555556,0.0,0.0069444444444444,0.0,t5,mlp_weight
transformer_encoder_block_9_layer_1_DenseReluDense_wo_weight,weight,1152,1152,0,695,17,440,0.6032986111111112,0.0147569444444444,0.3819444444444444,0.0,t5,mlp_weight
transformer_encoder_block_9_layer_1_layer_norm_weight,weight,1,1,0,0,0,1,0.0,0.0,1.0,0.0,t5,norm_weight
transformer_encoder_final_layer_norm_weight,weight,1,1,0,0,1,0,0.0,1.0,0.0,0.0,t5,norm_weight
transformer_shared_weight,weight,12048,3592,8456,3529,63,0,0.9824610244988864,0.0175389755011135,0.0,0.701859229747676,t5,embedding_weight
classifier_0_bias,bias,2,0,2,0,0,0,0.0,0.0,0.0,1.0,vgg19,bias
classifier_0_weight,weight,50176,25762,24414,1201,737,23824,0.0466190513158916,0.0286080273270708,0.9247729213570376,0.4865672831632653,vgg19,fc_weight
classifier_3_bias,bias,2,0,2,0,0,0,0.0,0.0,0.0,1.0,vgg19,bias
classifier_3_weight,weight,8192,235,7957,185,49,1,0.7872340425531915,0.2085106382978723,0.0042553191489361,0.9713134765625,vgg19,fc_weight
classifier_6_bias,bias,0,0,0,0,0,0,0.0,0.0,0.0,0.0,vgg19,bias
classifier_6_weight,weight,2000,20,1980,3,17,0,0.15,0.85,0.0,0.99,vgg19,fc_weight
features_0_bias,bias,1,0,1,0,0,0,0.0,0.0,0.0,1.0,vgg19,bias
features_0_weight,weight,1,0,1,0,0,0,0.0,0.0,0.0,1.0,vgg19,conv_weight
features_10_bias,bias,1,0,1,0,0,0,0.0,0.0,0.0,1.0,vgg19,bias
features_10_weight,weight,144,144,0,69,0,75,0.4791666666666667,0.0,0.5208333333333334,0.0,vgg19,conv_weight
features_12_bias,bias,1,0,1,0,0,0,0.0,0.0,0.0,1.0,vgg19,bias
features_12_weight,weight,288,288,0,240,35,13,0.8333333333333334,0.1215277777777777,0.0451388888888888,0.0,vgg19,conv_weight
features_14_bias,bias,1,0,1,0,0,0,0.0,0.0,0.0,1.0,vgg19,bias
features_14_weight,weight,288,288,0,246,34,8,0.8541666666666666,0.1180555555555555,0.0277777777777777,0.0,vgg19,conv_weight
features_16_bias,bias,1,0,1,0,0,0,0.0,0.0,0.0,1.0,vgg19,bias
features_16_weight,weight,288,288,0,232,47,9,0.8055555555555556,0.1631944444444444,0.03125,0.0,vgg19,conv_weight
features_19_bias,bias,1,0,1,0,0,0,0.0,0.0,0.0,1.0,vgg19,bias
features_19_weight,weight,576,576,0,485,38,53,0.8420138888888888,0.0659722222222222,0.0920138888888889,0.0,vgg19,conv_weight
features_21_bias,bias,1,0,1,0,0,0,0.0,0.0,0.0,1.0,vgg19,bias
features_21_weight,weight,1152,1152,0,725,226,201,0.6293402777777778,0.1961805555555555,0.1744791666666666,0.0,vgg19,conv_weight
features_23_bias,bias,1,0,1,0,0,0,0.0,0.0,0.0,1.0,vgg19,bias
features_23_weight,weight,1152,1152,0,356,241,555,0.3090277777777778,0.2092013888888889,0.4817708333333333,0.0,vgg19,conv_weight
features_25_bias,bias,1,0,1,0,0,0,0.0,0.0,0.0,1.0,vgg19,bias
features_25_weight,weight,1152,1152,0,262,293,597,0.2274305555555555,0.2543402777777778,0.5182291666666666,0.0,vgg19,conv_weight
features_28_bias,bias,1,0,1,0,0,0,0.0,0.0,0.0,1.0,vgg19,bias
features_28_weight,weight,1152,1152,0,250,150,752,0.2170138888888889,0.1302083333333333,0.6527777777777778,0.0,vgg19,conv_weight
features_2_bias,bias,1,0,1,0,0,0,0.0,0.0,0.0,1.0,vgg19,bias
features_2_weight,weight,18,18,0,16,0,2,0.8888888888888888,0.0,0.1111111111111111,0.0,vgg19,conv_weight
features_30_bias,bias,1,0,1,0,0,0,0.0,0.0,0.0,1.0,vgg19,bias
features_30_weight,weight,1152,1102,50,41,44,1017,0.0372050816696914,0.0399274047186932,0.9228675136116152,0.0434027777777777,vgg19,conv_weight
features_32_bias,bias,1,0,1,0,0,0,0.0,0.0,0.0,1.0,vgg19,bias
features_32_weight,weight,1152,1106,46,5,5,1096,0.0045207956600361,0.0045207956600361,0.9909584086799276,0.0399305555555555,vgg19,conv_weight
features_34_bias,bias,1,0,1,0,0,0,0.0,0.0,0.0,1.0,vgg19,bias
features_34_weight,weight,1152,1150,2,8,6,1136,0.0069565217391304,0.0052173913043478,0.9878260869565216,0.0017361111111111,vgg19,conv_weight
features_5_bias,bias,1,0,1,0,0,0,0.0,0.0,0.0,1.0,vgg19,bias
features_5_weight,weight,36,36,0,33,1,2,0.9166666666666666,0.0277777777777777,0.0555555555555555,0.0,vgg19,conv_weight
features_7_bias,bias,1,0,1,0,0,0,0.0,0.0,0.0,1.0,vgg19,bias
features_7_weight,weight,72,72,0,64,3,5,0.8888888888888888,0.0416666666666666,0.0694444444444444,0.0,vgg19,conv_weight
class_token,buffer,1,1,0,1,0,0,1.0,0.0,0.0,0.0,vitb16,buffer
conv_proj_bias,bias,1,0,1,0,0,0,0.0,0.0,0.0,1.0,vitb16,bias
conv_proj_weight,weight,288,288,0,189,0,99,0.65625,0.0,0.34375,0.0,vitb16,conv_weight
encoder_layers_encoder_layer_0_ln_1_bias,bias,1,0,1,0,0,0,0.0,0.0,0.0,1.0,vitb16,bias
encoder_layers_encoder_layer_0_ln_1_weight,weight,1,0,1,0,0,0,0.0,0.0,0.0,1.0,vitb16,norm_weight
encoder_layers_encoder_layer_0_ln_2_bias,bias,1,0,1,0,0,0,0.0,0.0,0.0,1.0,vitb16,bias
encoder_layers_encoder_layer_0_ln_2_weight,weight,1,0,1,0,0,0,0.0,0.0,0.0,1.0,vitb16,norm_weight
encoder_layers_encoder_layer_0_mlp_0_bias,bias,2,0,2,0,0,0,0.0,0.0,0.0,1.0,vitb16,bias
encoder_layers_encoder_layer_0_mlp_0_weight,weight,1152,1152,0,1103,6,43,0.9574652777777778,0.0052083333333333,0.0373263888888888,0.0,vitb16,mlp_weight
encoder_layers_encoder_layer_0_mlp_3_bias,bias,1,0,1,0,0,0,0.0,0.0,0.0,1.0,vitb16,bias
encoder_layers_encoder_layer_0_mlp_3_weight,weight,1152,1152,0,996,0,156,0.8645833333333334,0.0,0.1354166666666666,0.0,vitb16,mlp_weight
encoder_layers_encoder_layer_0_self_attention_in_proj_bias,bias,2,2,0,1,0,1,0.5,0.0,0.5,0.0,vitb16,bias
encoder_layers_encoder_layer_0_self_attention_in_proj_weight,weight,864,864,0,687,16,161,0.7951388888888888,0.0185185185185185,0.1863425925925926,0.0,vitb16,attention_weight
encoder_layers_encoder_layer_0_self_attention_out_proj_bias,bias,1,0,1,0,0,0,0.0,0.0,0.0,1.0,vitb16,bias
encoder_layers_encoder_layer_0_self_attention_out_proj_weight,weight,288,288,0,208,0,80,0.7222222222222222,0.0,0.2777777777777778,0.0,vitb16,attention_weight
encoder_layers_encoder_layer_10_ln_1_bias,bias,1,0,1,0,0,0,0.0,0.0,0.0,1.0,vitb16,bias
encoder_layers_encoder_layer_10_ln_1_weight,weight,1,0,1,0,0,0,0.0,0.0,0.0,1.0,vitb16,norm_weight
encoder_layers_encoder_layer_10_ln_2_bias,bias,1,0,1,0,0,0,0.0,0.0,0.0,1.0,vitb16,bias
encoder_layers_encoder_layer_10_ln_2_weight,weight,1,0,1,0,0,0,0.0,0.0,0.0,1.0,vitb16,norm_weight
encoder_layers_encoder_layer_10_mlp_0_bias,bias,2,0,2,0,0,0,0.0,0.0,0.0,1.0,vitb16,bias
encoder_layers_encoder_layer_10_mlp_0_weight,weight,1152,1152,0,1152,0,0,1.0,0.0,0.0,0.0,vitb16,mlp_weight
encoder_layers_encoder_layer_10_mlp_3_bias,bias,1,0,1,0,0,0,0.0,0.0,0.0,1.0,vitb16,bias
encoder_layers_encoder_layer_10_mlp_3_weight,weight,1152,1152,0,1152,0,0,1.0,0.0,0.0,0.0,vitb16,mlp_weight
encoder_layers_encoder_layer_10_self_attention_in_proj_bias,bias,2,0,2,0,0,0,0.0,0.0,0.0,1.0,vitb16,bias
encoder_layers_encoder_layer_10_self_attention_in_proj_weight,weight,864,864,0,864,0,0,1.0,0.0,0.0,0.0,vitb16,attention_weight
encoder_layers_encoder_layer_10_self_attention_out_proj_bias,bias,1,0,1,0,0,0,0.0,0.0,0.0,1.0,vitb16,bias
encoder_layers_encoder_layer_10_self_attention_out_proj_weight,weight,288,288,0,288,0,0,1.0,0.0,0.0,0.0,vitb16,attention_weight
encoder_layers_encoder_layer_11_ln_1_bias,bias,1,0,1,0,0,0,0.0,0.0,0.0,1.0,vitb16,bias
encoder_layers_encoder_layer_11_ln_1_weight,weight,1,0,1,0,0,0,0.0,0.0,0.0,1.0,vitb16,norm_weight
encoder_layers_encoder_layer_11_ln_2_bias,bias,1,0,1,0,0,0,0.0,0.0,0.0,1.0,vitb16,bias
encoder_layers_encoder_layer_11_ln_2_weight,weight,1,0,1,0,0,0,0.0,0.0,0.0,1.0,vitb16,norm_weight
encoder_layers_encoder_layer_11_mlp_0_bias,bias,2,0,2,0,0,0,0.0,0.0,0.0,1.0,vitb16,bias
encoder_layers_encoder_layer_11_mlp_0_weight,weight,1152,1152,0,1152,0,0,1.0,0.0,0.0,0.0,vitb16,mlp_weight
encoder_layers_encoder_layer_11_mlp_3_bias,bias,1,0,1,0,0,0,0.0,0.0,0.0,1.0,vitb16,bias
encoder_layers_encoder_layer_11_mlp_3_weight,weight,1152,1152,0,1138,13,1,0.9878472222222222,0.0112847222222222,0.0008680555555555,0.0,vitb16,mlp_weight
encoder_layers_encoder_layer_11_self_attention_in_proj_bias,bias,2,0,2,0,0,0,0.0,0.0,0.0,1.0,vitb16,bias
encoder_layers_encoder_layer_11_self_attention_in_proj_weight,weight,864,864,0,864,0,0,1.0,0.0,0.0,0.0,vitb16,attention_weight
encoder_layers_encoder_layer_11_self_attention_out_proj_bias,bias,1,0,1,0,0,0,0.0,0.0,0.0,1.0,vitb16,bias
encoder_layers_encoder_layer_11_self_attention_out_proj_weight,weight,288,288,0,288,0,0,1.0,0.0,0.0,0.0,vitb16,attention_weight
encoder_layers_encoder_layer_1_ln_1_bias,bias,1,0,1,0,0,0,0.0,0.0,0.0,1.0,vitb16,bias
encoder_layers_encoder_layer_1_ln_1_weight,weight,1,0,1,0,0,0,0.0,0.0,0.0,1.0,vitb16,norm_weight
encoder_layers_encoder_layer_1_ln_2_bias,bias,1,0,1,0,0,0,0.0,0.0,0.0,1.0,vitb16,bias
encoder_layers_encoder_layer_1_ln_2_weight,weight,1,0,1,0,0,0,0.0,0.0,0.0,1.0,vitb16,norm_weight
encoder_layers_encoder_layer_1_mlp_0_bias,bias,2,0,2,0,0,0,0.0,0.0,0.0,1.0,vitb16,bias
encoder_layers_encoder_layer_1_mlp_0_weight,weight,1152,1152,0,927,2,223,0.8046875,0.0017361111111111,0.1935763888888889,0.0,vitb16,mlp_weight
encoder_layers_encoder_layer_1_mlp_3_bias,bias,1,0,1,0,0,0,0.0,0.0,0.0,1.0,vitb16,bias
encoder_layers_encoder_layer_1_mlp_3_weight,weight,1152,1152,0,890,26,236,0.7725694444444444,0.0225694444444444,0.2048611111111111,0.0,vitb16,mlp_weight
encoder_layers_encoder_layer_1_self_attention_in_proj_bias,bias,2,2,0,2,0,0,1.0,0.0,0.0,0.0,vitb16,bias
encoder_layers_encoder_layer_1_self_attention_in_proj_weight,weight,864,864,0,795,0,69,0.9201388888888888,0.0,0.0798611111111111,0.0,vitb16,attention_weight
encoder_layers_encoder_layer_1_self_attention_out_proj_bias,bias,1,0,1,0,0,0,0.0,0.0,0.0,1.0,vitb16,bias
encoder_layers_encoder_layer_1_self_attention_out_proj_weight,weight,288,288,0,222,0,66,0.7708333333333334,0.0,0.2291666666666666,0.0,vitb16,attention_weight
encoder_layers_encoder_layer_2_ln_1_bias,bias,1,0,1,0,0,0,0.0,0.0,0.0,1.0,vitb16,bias
encoder_layers_encoder_layer_2_ln_1_weight,weight,1,0,1,0,0,0,0.0,0.0,0.0,1.0,vitb16,norm_weight
encoder_layers_encoder_layer_2_ln_2_bias,bias,1,0,1,0,0,0,0.0,0.0,0.0,1.0,vitb16,bias
encoder_layers_encoder_layer_2_ln_2_weight,weight,1,0,1,0,0,0,0.0,0.0,0.0,1.0,vitb16,norm_weight
encoder_layers_encoder_layer_2_mlp_0_bias,bias,2,0,2,0,0,0,0.0,0.0,0.0,1.0,vitb16,bias
encoder_layers_encoder_layer_2_mlp_0_weight,weight,1152,1152,0,942,0,210,0.8177083333333334,0.0,0.1822916666666666,0.0,vitb16,mlp_weight
encoder_layers_encoder_layer_2_mlp_3_bias,bias,1,0,1,0,0,0,0.0,0.0,0.0,1.0,vitb16,bias
encoder_layers_encoder_layer_2_mlp_3_weight,weight,1152,1152,0,796,18,338,0.6909722222222222,0.015625,0.2934027777777778,0.0,vitb16,mlp_weight
encoder_layers_encoder_layer_2_self_attention_in_proj_bias,bias,2,1,1,0,1,0,0.0,1.0,0.0,0.5,vitb16,bias
encoder_layers_encoder_layer_2_self_attention_in_proj_weight,weight,864,864,0,862,0,2,0.9976851851851852,0.0,0.0023148148148148,0.0,vitb16,attention_weight
encoder_layers_encoder_layer_2_self_attention_out_proj_bias,bias,1,0,1,0,0,0,0.0,0.0,0.0,1.0,vitb16,bias
encoder_layers_encoder_layer_2_self_attention_out_proj_weight,weight,288,288,0,265,0,23,0.9201388888888888,0.0,0.0798611111111111,0.0,vitb16,attention_weight
encoder_layers_encoder_layer_3_ln_1_bias,bias,1,0,1,0,0,0,0.0,0.0,0.0,1.0,vitb16,bias
encoder_layers_encoder_layer_3_ln_1_weight,weight,1,0,1,0,0,0,0.0,0.0,0.0,1.0,vitb16,norm_weight
encoder_layers_encoder_layer_3_ln_2_bias,bias,1,0,1,0,0,0,0.0,0.0,0.0,1.0,vitb16,bias
encoder_layers_encoder_layer_3_ln_2_weight,weight,1,0,1,0,0,0,0.0,0.0,0.0,1.0,vitb16,norm_weight
encoder_layers_encoder_layer_3_mlp_0_bias,bias,2,0,2,0,0,0,0.0,0.0,0.0,1.0,vitb16,bias
encoder_layers_encoder_layer_3_mlp_0_weight,weight,1152,1152,0,1132,0,20,0.9826388888888888,0.0,0.0173611111111111,0.0,vitb16,mlp_weight
encoder_layers_encoder_layer_3_mlp_3_bias,bias,1,0,1,0,0,0,0.0,0.0,0.0,1.0,vitb16,bias
encoder_layers_encoder_layer_3_mlp_3_weight,weight,1152,1152,0,784,4,364,0.6805555555555556,0.0034722222222222,0.3159722222222222,0.0,vitb16,mlp_weight
encoder_layers_encoder_layer_3_self_attention_in_proj_bias,bias,2,1,1,0,1,0,0.0,1.0,0.0,0.5,vitb16,bias
encoder_layers_encoder_layer_3_self_attention_in_proj_weight,weight,864,864,0,855,0,9,0.9895833333333334,0.0,0.0104166666666666,0.0,vitb16,attention_weight
encoder_layers_encoder_layer_3_self_attention_out_proj_bias,bias,1,0,1,0,0,0,0.0,0.0,0.0,1.0,vitb16,bias
encoder_layers_encoder_layer_3_self_attention_out_proj_weight,weight,288,288,0,267,0,21,0.9270833333333334,0.0,0.0729166666666666,0.0,vitb16,attention_weight
encoder_layers_encoder_layer_4_ln_1_bias,bias,1,0,1,0,0,0,0.0,0.0,0.0,1.0,vitb16,bias
encoder_layers_encoder_layer_4_ln_1_weight,weight,1,0,1,0,0,0,0.0,0.0,0.0,1.0,vitb16,norm_weight
encoder_layers_encoder_layer_4_ln_2_bias,bias,1,0,1,0,0,0,0.0,0.0,0.0,1.0,vitb16,bias
encoder_layers_encoder_layer_4_ln_2_weight,weight,1,0,1,0,0,0,0.0,0.0,0.0,1.0,vitb16,norm_weight
encoder_layers_encoder_layer_4_mlp_0_bias,bias,2,0,2,0,0,0,0.0,0.0,0.0,1.0,vitb16,bias
encoder_layers_encoder_layer_4_mlp_0_weight,weight,1152,1152,0,1152,0,0,1.0,0.0,0.0,0.0,vitb16,mlp_weight
encoder_layers_encoder_layer_4_mlp_3_bias,bias,1,0,1,0,0,0,0.0,0.0,0.0,1.0,vitb16,bias
encoder_layers_encoder_layer_4_mlp_3_weight,weight,1152,1152,0,725,0,427,0.6293402777777778,0.0,0.3706597222222222,0.0,vitb16,mlp_weight
encoder_layers_encoder_layer_4_self_attention_in_proj_bias,bias,2,1,1,0,1,0,0.0,1.0,0.0,0.5,vitb16,bias
encoder_layers_encoder_layer_4_self_attention_in_proj_weight,weight,864,864,0,863,0,1,0.9988425925925926,0.0,0.0011574074074074,0.0,vitb16,attention_weight
encoder_layers_encoder_layer_4_self_attention_out_proj_bias,bias,1,0,1,0,0,0,0.0,0.0,0.0,1.0,vitb16,bias
encoder_layers_encoder_layer_4_self_attention_out_proj_weight,weight,288,288,0,269,0,19,0.9340277777777778,0.0,0.0659722222222222,0.0,vitb16,attention_weight
encoder_layers_encoder_layer_5_ln_1_bias,bias,1,0,1,0,0,0,0.0,0.0,0.0,1.0,vitb16,bias
encoder_layers_encoder_layer_5_ln_1_weight,weight,1,0,1,0,0,0,0.0,0.0,0.0,1.0,vitb16,norm_weight
encoder_layers_encoder_layer_5_ln_2_bias,bias,1,0,1,0,0,0,0.0,0.0,0.0,1.0,vitb16,bias
encoder_layers_encoder_layer_5_ln_2_weight,weight,1,1,0,0,0,1,0.0,0.0,1.0,0.0,vitb16,norm_weight
encoder_layers_encoder_layer_5_mlp_0_bias,bias,2,0,2,0,0,0,0.0,0.0,0.0,1.0,vitb16,bias
encoder_layers_encoder_layer_5_mlp_0_weight,weight,1152,1152,0,1152,0,0,1.0,0.0,0.0,0.0,vitb16,mlp_weight
encoder_layers_encoder_layer_5_mlp_3_bias,bias,1,0,1,0,0,0,0.0,0.0,0.0,1.0,vitb16,bias
encoder_layers_encoder_layer_5_mlp_3_weight,weight,1152,1152,0,807,0,345,0.7005208333333334,0.0,0.2994791666666667,0.0,vitb16,mlp_weight
encoder_layers_encoder_layer_5_self_attention_in_proj_bias,bias,2,1,1,1,0,0,1.0,0.0,0.0,0.5,vitb16,bias
encoder_layers_encoder_layer_5_self_attention_in_proj_weight,weight,864,864,0,863,0,1,0.9988425925925926,0.0,0.0011574074074074,0.0,vitb16,attention_weight
encoder_layers_encoder_layer_5_self_attention_out_proj_bias,bias,1,0,1,0,0,0,0.0,0.0,0.0,1.0,vitb16,bias
encoder_layers_encoder_layer_5_self_attention_out_proj_weight,weight,288,288,0,275,0,13,0.9548611111111112,0.0,0.0451388888888888,0.0,vitb16,attention_weight
encoder_layers_encoder_layer_6_ln_1_bias,bias,1,0,1,0,0,0,0.0,0.0,0.0,1.0,vitb16,bias
encoder_layers_encoder_layer_6_ln_1_weight,weight,1,0,1,0,0,0,0.0,0.0,0.0,1.0,vitb16,norm_weight
encoder_layers_encoder_layer_6_ln_2_bias,bias,1,0,1,0,0,0,0.0,0.0,0.0,1.0,vitb16,bias
encoder_layers_encoder_layer_6_ln_2_weight,weight,1,1,0,0,0,1,0.0,0.0,1.0,0.0,vitb16,norm_weight
encoder_layers_encoder_layer_6_mlp_0_bias,bias,2,0,2,0,0,0,0.0,0.0,0.0,1.0,vitb16,bias
encoder_layers_encoder_layer_6_mlp_0_weight,weight,1152,1152,0,1152,0,0,1.0,0.0,0.0,0.0,vitb16,mlp_weight
encoder_layers_encoder_layer_6_mlp_3_bias,bias,1,0,1,0,0,0,0.0,0.0,0.0,1.0,vitb16,bias
encoder_layers_encoder_layer_6_mlp_3_weight,weight,1152,1152,0,1021,0,131,0.8862847222222222,0.0,0.1137152777777777,0.0,vitb16,mlp_weight
encoder_layers_encoder_layer_6_self_attention_in_proj_bias,bias,2,1,1,1,0,0,1.0,0.0,0.0,0.5,vitb16,bias
encoder_layers_encoder_layer_6_self_attention_in_proj_weight,weight,864,864,0,864,0,0,1.0,0.0,0.0,0.0,vitb16,attention_weight
encoder_layers_encoder_layer_6_self_attention_out_proj_bias,bias,1,0,1,0,0,0,0.0,0.0,0.0,1.0,vitb16,bias
encoder_layers_encoder_layer_6_self_attention_out_proj_weight,weight,288,288,0,284,0,4,0.9861111111111112,0.0,0.0138888888888888,0.0,vitb16,attention_weight
encoder_layers_encoder_layer_7_ln_1_bias,bias,1,0,1,0,0,0,0.0,0.0,0.0,1.0,vitb16,bias
encoder_layers_encoder_layer_7_ln_1_weight,weight,1,0,1,0,0,0,0.0,0.0,0.0,1.0,vitb16,norm_weight
encoder_layers_encoder_layer_7_ln_2_bias,bias,1,0,1,0,0,0,0.0,0.0,0.0,1.0,vitb16,bias
encoder_layers_encoder_layer_7_ln_2_weight,weight,1,0,1,0,0,0,0.0,0.0,0.0,1.0,vitb16,norm_weight
encoder_layers_encoder_layer_7_mlp_0_bias,bias,2,0,2,0,0,0,0.0,0.0,0.0,1.0,vitb16,bias
encoder_layers_encoder_layer_7_mlp_0_weight,weight,1152,1152,0,1152,0,0,1.0,0.0,0.0,0.0,vitb16,mlp_weight
encoder_layers_encoder_layer_7_mlp_3_bias,bias,1,0,1,0,0,0,0.0,0.0,0.0,1.0,vitb16,bias
encoder_layers_encoder_layer_7_mlp_3_weight,weight,1152,1152,0,1120,0,32,0.9722222222222222,0.0,0.0277777777777777,0.0,vitb16,mlp_weight
encoder_layers_encoder_layer_7_self_attention_in_proj_bias,bias,2,0,2,0,0,0,0.0,0.0,0.0,1.0,vitb16,bias
encoder_layers_encoder_layer_7_self_attention_in_proj_weight,weight,864,864,0,864,0,0,1.0,0.0,0.0,0.0,vitb16,attention_weight
encoder_layers_encoder_layer_7_self_attention_out_proj_bias,bias,1,0,1,0,0,0,0.0,0.0,0.0,1.0,vitb16,bias
encoder_layers_encoder_layer_7_self_attention_out_proj_weight,weight,288,288,0,288,0,0,1.0,0.0,0.0,0.0,vitb16,attention_weight
encoder_layers_encoder_layer_8_ln_1_bias,bias,1,0,1,0,0,0,0.0,0.0,0.0,1.0,vitb16,bias
encoder_layers_encoder_layer_8_ln_1_weight,weight,1,0,1,0,0,0,0.0,0.0,0.0,1.0,vitb16,norm_weight
encoder_layers_encoder_layer_8_ln_2_bias,bias,1,0,1,0,0,0,0.0,0.0,0.0,1.0,vitb16,bias
encoder_layers_encoder_layer_8_ln_2_weight,weight,1,0,1,0,0,0,0.0,0.0,0.0,1.0,vitb16,norm_weight
encoder_layers_encoder_layer_8_mlp_0_bias,bias,2,0,2,0,0,0,0.0,0.0,0.0,1.0,vitb16,bias
encoder_layers_encoder_layer_8_mlp_0_weight,weight,1152,1152,0,1152,0,0,1.0,0.0,0.0,0.0,vitb16,mlp_weight
encoder_layers_encoder_layer_8_mlp_3_bias,bias,1,0,1,0,0,0,0.0,0.0,0.0,1.0,vitb16,bias
encoder_layers_encoder_layer_8_mlp_3_weight,weight,1152,1152,0,1151,1,0,0.9991319444444444,0.0008680555555555,0.0,0.0,vitb16,mlp_weight
encoder_layers_encoder_layer_8_self_attention_in_proj_bias,bias,2,0,2,0,0,0,0.0,0.0,0.0,1.0,vitb16,bias
encoder_layers_encoder_layer_8_self_attention_in_proj_weight,weight,864,864,0,864,0,0,1.0,0.0,0.0,0.0,vitb16,attention_weight
encoder_layers_encoder_layer_8_self_attention_out_proj_bias,bias,1,0,1,0,0,0,0.0,0.0,0.0,1.0,vitb16,bias
encoder_layers_encoder_layer_8_self_attention_out_proj_weight,weight,288,288,0,288,0,0,1.0,0.0,0.0,0.0,vitb16,attention_weight
encoder_layers_encoder_layer_9_ln_1_bias,bias,1,0,1,0,0,0,0.0,0.0,0.0,1.0,vitb16,bias
encoder_layers_encoder_layer_9_ln_1_weight,weight,1,0,1,0,0,0,0.0,0.0,0.0,1.0,vitb16,norm_weight
encoder_layers_encoder_layer_9_ln_2_bias,bias,1,0,1,0,0,0,0.0,0.0,0.0,1.0,vitb16,bias
encoder_layers_encoder_layer_9_ln_2_weight,weight,1,0,1,0,0,0,0.0,0.0,0.0,1.0,vitb16,norm_weight
encoder_layers_encoder_layer_9_mlp_0_bias,bias,2,0,2,0,0,0,0.0,0.0,0.0,1.0,vitb16,bias
encoder_layers_encoder_layer_9_mlp_0_weight,weight,1152,1152,0,1152,0,0,1.0,0.0,0.0,0.0,vitb16,mlp_weight
encoder_layers_encoder_layer_9_mlp_3_bias,bias,1,0,1,0,0,0,0.0,0.0,0.0,1.0,vitb16,bias
encoder_layers_encoder_layer_9_mlp_3_weight,weight,1152,1152,0,1149,0,3,0.9973958333333334,0.0,0.0026041666666666,0.0,vitb16,mlp_weight
encoder_layers_encoder_layer_9_self_attention_in_proj_bias,bias,2,1,1,1,0,0,1.0,0.0,0.0,0.5,vitb16,bias
encoder_layers_encoder_layer_9_self_attention_in_proj_weight,weight,864,864,0,864,0,0,1.0,0.0,0.0,0.0,vitb16,attention_weight
encoder_layers_encoder_layer_9_self_attention_out_proj_bias,bias,1,0,1,0,0,0,0.0,0.0,0.0,1.0,vitb16,bias
encoder_layers_encoder_layer_9_self_attention_out_proj_weight,weight,288,288,0,288,0,0,1.0,0.0,0.0,0.0,vitb16,attention_weight
encoder_ln_bias,bias,1,0,1,0,0,0,0.0,0.0,0.0,1.0,vitb16,bias
encoder_ln_weight,weight,1,0,1,0,0,0,0.0,0.0,0.0,1.0,vitb16,norm_weight
encoder_pos_embedding,buffer,74,0,74,0,0,0,0.0,0.0,0.0,1.0,vitb16,buffer
heads_head_bias,bias,0,0,0,0,0,0,0.0,0.0,0.0,0.0,vitb16,bias
heads_head_weight,weight,375,375,0,375,0,0,1.0,0.0,0.0,0.0,vitb16,fc_weight
